ISO-10303-21;
HEADER;
/* Generated by software containing ST-Developer
 * from STEP Tools, Inc. (www.steptools.com) 
 */
/* OPTION: using custom renumber hook */

FILE_DESCRIPTION(
/* description */ ('STEP AP242 Edition 2',
'CAx-IF Rec.Pracs.---Representation and Presentation of Product Manufa
cturing Information (PMI)---4.0---2014-10-13',
'CAx-IF Rec.Pracs.---3D Tessellated Geometry---0.4---2014-09-14','2;1',
'CAx-IF Rec.Pracs.---User Defined Attributes---1.5---2016-08-15'),
/* implementation_level */ '2;1');

FILE_NAME(
/* name */ 'Part Studio 5',
/* time_stamp */ '2026-09-09T15:03:36Z',
/* author */ (''),
/* organization */ (''),
/* preprocessor_version */ 'ST-DEVELOPER v20',
/* originating_system */ 'ONSHAPE BY PTC INC, 1.220',
/* authorisation */ '  ');

FILE_SCHEMA (('AP242_MANAGED_MODEL_BASED_3D_ENGINEERING_MIM_LF { 1 0 10303 442 3 1 4 }'));
ENDSEC;

DATA;
#10=SHAPE_REPRESENTATION_RELATIONSHIP('','',#3525,#11);
#11=ADVANCED_BREP_SHAPE_REPRESENTATION('',(#3523),#5583);
#12=CYLINDRICAL_SURFACE('',#3700,0.00100000000000001);
#13=CYLINDRICAL_SURFACE('',#3703,0.001);
#14=CYLINDRICAL_SURFACE('',#3706,0.001);
#15=CYLINDRICAL_SURFACE('',#3709,0.001);
#16=CYLINDRICAL_SURFACE('',#3712,0.001);
#17=CYLINDRICAL_SURFACE('',#3715,0.001);
#18=CYLINDRICAL_SURFACE('',#3718,0.001);
#19=CYLINDRICAL_SURFACE('',#3721,0.001);
#20=CYLINDRICAL_SURFACE('',#3724,0.001);
#21=CYLINDRICAL_SURFACE('',#3725,0.001);
#22=CYLINDRICAL_SURFACE('',#3726,0.001);
#23=CYLINDRICAL_SURFACE('',#3727,0.001);
#24=CYLINDRICAL_SURFACE('',#3728,0.001);
#25=CYLINDRICAL_SURFACE('',#3729,0.001);
#26=CYLINDRICAL_SURFACE('',#3730,0.001);
#27=CYLINDRICAL_SURFACE('',#3731,0.001);
#28=CYLINDRICAL_SURFACE('',#3732,0.001);
#29=CYLINDRICAL_SURFACE('',#3733,0.001);
#30=CYLINDRICAL_SURFACE('',#3734,0.001);
#31=CYLINDRICAL_SURFACE('',#3735,0.001);
#32=CYLINDRICAL_SURFACE('',#3736,0.001);
#33=CYLINDRICAL_SURFACE('',#3737,0.001);
#34=CYLINDRICAL_SURFACE('',#3738,0.001);
#35=CYLINDRICAL_SURFACE('',#3739,0.001);
#36=LINE('',#4604,#468);
#37=LINE('',#4607,#469);
#38=LINE('',#4609,#470);
#39=LINE('',#4611,#471);
#40=LINE('',#4613,#472);
#41=LINE('',#4615,#473);
#42=LINE('',#4617,#474);
#43=LINE('',#4619,#475);
#44=LINE('',#4621,#476);
#45=LINE('',#4623,#477);
#46=LINE('',#4625,#478);
#47=LINE('',#4627,#479);
#48=LINE('',#4629,#480);
#49=LINE('',#4631,#481);
#50=LINE('',#4633,#482);
#51=LINE('',#4635,#483);
#52=LINE('',#4639,#484);
#53=LINE('',#4641,#485);
#54=LINE('',#4643,#486);
#55=LINE('',#4647,#487);
#56=LINE('',#4649,#488);
#57=LINE('',#4651,#489);
#58=LINE('',#4653,#490);
#59=LINE('',#4655,#491);
#60=LINE('',#4657,#492);
#61=LINE('',#4661,#493);
#62=LINE('',#4663,#494);
#63=LINE('',#4665,#495);
#64=LINE('',#4667,#496);
#65=LINE('',#4669,#497);
#66=LINE('',#4671,#498);
#67=LINE('',#4675,#499);
#68=LINE('',#4677,#500);
#69=LINE('',#4679,#501);
#70=LINE('',#4681,#502);
#71=LINE('',#4682,#503);
#72=LINE('',#4685,#504);
#73=LINE('',#4687,#505);
#74=LINE('',#4689,#506);
#75=LINE('',#4690,#507);
#76=LINE('',#4692,#508);
#77=LINE('',#4694,#509);
#78=LINE('',#4695,#510);
#79=LINE('',#4697,#511);
#80=LINE('',#4699,#512);
#81=LINE('',#4701,#513);
#82=LINE('',#4703,#514);
#83=LINE('',#4705,#515);
#84=LINE('',#4707,#516);
#85=LINE('',#4709,#517);
#86=LINE('',#4711,#518);
#87=LINE('',#4713,#519);
#88=LINE('',#4715,#520);
#89=LINE('',#4717,#521);
#90=LINE('',#4719,#522);
#91=LINE('',#4721,#523);
#92=LINE('',#4723,#524);
#93=LINE('',#4725,#525);
#94=LINE('',#4727,#526);
#95=LINE('',#4729,#527);
#96=LINE('',#4731,#528);
#97=LINE('',#4733,#529);
#98=LINE('',#4735,#530);
#99=LINE('',#4737,#531);
#100=LINE('',#4739,#532);
#101=LINE('',#4741,#533);
#102=LINE('',#4743,#534);
#103=LINE('',#4745,#535);
#104=LINE('',#4747,#536);
#105=LINE('',#4749,#537);
#106=LINE('',#4751,#538);
#107=LINE('',#4753,#539);
#108=LINE('',#4755,#540);
#109=LINE('',#4757,#541);
#110=LINE('',#4759,#542);
#111=LINE('',#4761,#543);
#112=LINE('',#4763,#544);
#113=LINE('',#4765,#545);
#114=LINE('',#4767,#546);
#115=LINE('',#4769,#547);
#116=LINE('',#4771,#548);
#117=LINE('',#4773,#549);
#118=LINE('',#4775,#550);
#119=LINE('',#4777,#551);
#120=LINE('',#4779,#552);
#121=LINE('',#4781,#553);
#122=LINE('',#4783,#554);
#123=LINE('',#4785,#555);
#124=LINE('',#4787,#556);
#125=LINE('',#4789,#557);
#126=LINE('',#4791,#558);
#127=LINE('',#4793,#559);
#128=LINE('',#4795,#560);
#129=LINE('',#4797,#561);
#130=LINE('',#4799,#562);
#131=LINE('',#4801,#563);
#132=LINE('',#4803,#564);
#133=LINE('',#4805,#565);
#134=LINE('',#4807,#566);
#135=LINE('',#4809,#567);
#136=LINE('',#4811,#568);
#137=LINE('',#4813,#569);
#138=LINE('',#4815,#570);
#139=LINE('',#4817,#571);
#140=LINE('',#4819,#572);
#141=LINE('',#4821,#573);
#142=LINE('',#4823,#574);
#143=LINE('',#4825,#575);
#144=LINE('',#4827,#576);
#145=LINE('',#4829,#577);
#146=LINE('',#4831,#578);
#147=LINE('',#4833,#579);
#148=LINE('',#4835,#580);
#149=LINE('',#4837,#581);
#150=LINE('',#4839,#582);
#151=LINE('',#4841,#583);
#152=LINE('',#4843,#584);
#153=LINE('',#4845,#585);
#154=LINE('',#4847,#586);
#155=LINE('',#4849,#587);
#156=LINE('',#4851,#588);
#157=LINE('',#4853,#589);
#158=LINE('',#4855,#590);
#159=LINE('',#4857,#591);
#160=LINE('',#4859,#592);
#161=LINE('',#4860,#593);
#162=LINE('',#4863,#594);
#163=LINE('',#4865,#595);
#164=LINE('',#4867,#596);
#165=LINE('',#4868,#597);
#166=LINE('',#4871,#598);
#167=LINE('',#4873,#599);
#168=LINE('',#4875,#600);
#169=LINE('',#4876,#601);
#170=LINE('',#4879,#602);
#171=LINE('',#4881,#603);
#172=LINE('',#4883,#604);
#173=LINE('',#4884,#605);
#174=LINE('',#4887,#606);
#175=LINE('',#4889,#607);
#176=LINE('',#4891,#608);
#177=LINE('',#4892,#609);
#178=LINE('',#4895,#610);
#179=LINE('',#4897,#611);
#180=LINE('',#4899,#612);
#181=LINE('',#4900,#613);
#182=LINE('',#4903,#614);
#183=LINE('',#4905,#615);
#184=LINE('',#4907,#616);
#185=LINE('',#4908,#617);
#186=LINE('',#4911,#618);
#187=LINE('',#4913,#619);
#188=LINE('',#4915,#620);
#189=LINE('',#4916,#621);
#190=LINE('',#4919,#622);
#191=LINE('',#4921,#623);
#192=LINE('',#4923,#624);
#193=LINE('',#4924,#625);
#194=LINE('',#4927,#626);
#195=LINE('',#4929,#627);
#196=LINE('',#4931,#628);
#197=LINE('',#4932,#629);
#198=LINE('',#4935,#630);
#199=LINE('',#4937,#631);
#200=LINE('',#4939,#632);
#201=LINE('',#4940,#633);
#202=LINE('',#4943,#634);
#203=LINE('',#4945,#635);
#204=LINE('',#4947,#636);
#205=LINE('',#4951,#637);
#206=LINE('',#4953,#638);
#207=LINE('',#4955,#639);
#208=LINE('',#4956,#640);
#209=LINE('',#4958,#641);
#210=LINE('',#4960,#642);
#211=LINE('',#4961,#643);
#212=LINE('',#4963,#644);
#213=LINE('',#4965,#645);
#214=LINE('',#4966,#646);
#215=LINE('',#4968,#647);
#216=LINE('',#4970,#648);
#217=LINE('',#4974,#649);
#218=LINE('',#4976,#650);
#219=LINE('',#4978,#651);
#220=LINE('',#4979,#652);
#221=LINE('',#4981,#653);
#222=LINE('',#4983,#654);
#223=LINE('',#4984,#655);
#224=LINE('',#4986,#656);
#225=LINE('',#4988,#657);
#226=LINE('',#4989,#658);
#227=LINE('',#4991,#659);
#228=LINE('',#4993,#660);
#229=LINE('',#4997,#661);
#230=LINE('',#4999,#662);
#231=LINE('',#5001,#663);
#232=LINE('',#5005,#664);
#233=LINE('',#5007,#665);
#234=LINE('',#5009,#666);
#235=LINE('',#5011,#667);
#236=LINE('',#5015,#668);
#237=LINE('',#5017,#669);
#238=LINE('',#5019,#670);
#239=LINE('',#5024,#671);
#240=LINE('',#5026,#672);
#241=LINE('',#5028,#673);
#242=LINE('',#5029,#674);
#243=LINE('',#5031,#675);
#244=LINE('',#5033,#676);
#245=LINE('',#5034,#677);
#246=LINE('',#5036,#678);
#247=LINE('',#5038,#679);
#248=LINE('',#5039,#680);
#249=LINE('',#5041,#681);
#250=LINE('',#5043,#682);
#251=LINE('',#5047,#683);
#252=LINE('',#5049,#684);
#253=LINE('',#5051,#685);
#254=LINE('',#5052,#686);
#255=LINE('',#5054,#687);
#256=LINE('',#5056,#688);
#257=LINE('',#5057,#689);
#258=LINE('',#5059,#690);
#259=LINE('',#5061,#691);
#260=LINE('',#5062,#692);
#261=LINE('',#5064,#693);
#262=LINE('',#5066,#694);
#263=LINE('',#5070,#695);
#264=LINE('',#5072,#696);
#265=LINE('',#5074,#697);
#266=LINE('',#5078,#698);
#267=LINE('',#5080,#699);
#268=LINE('',#5082,#700);
#269=LINE('',#5084,#701);
#270=LINE('',#5088,#702);
#271=LINE('',#5090,#703);
#272=LINE('',#5092,#704);
#273=LINE('',#5097,#705);
#274=LINE('',#5099,#706);
#275=LINE('',#5101,#707);
#276=LINE('',#5102,#708);
#277=LINE('',#5104,#709);
#278=LINE('',#5106,#710);
#279=LINE('',#5107,#711);
#280=LINE('',#5109,#712);
#281=LINE('',#5111,#713);
#282=LINE('',#5112,#714);
#283=LINE('',#5114,#715);
#284=LINE('',#5116,#716);
#285=LINE('',#5120,#717);
#286=LINE('',#5122,#718);
#287=LINE('',#5124,#719);
#288=LINE('',#5126,#720);
#289=LINE('',#5130,#721);
#290=LINE('',#5132,#722);
#291=LINE('',#5134,#723);
#292=LINE('',#5136,#724);
#293=LINE('',#5140,#725);
#294=LINE('',#5142,#726);
#295=LINE('',#5144,#727);
#296=LINE('',#5146,#728);
#297=LINE('',#5150,#729);
#298=LINE('',#5152,#730);
#299=LINE('',#5154,#731);
#300=LINE('',#5155,#732);
#301=LINE('',#5156,#733);
#302=LINE('',#5158,#734);
#303=LINE('',#5160,#735);
#304=LINE('',#5165,#736);
#305=LINE('',#5167,#737);
#306=LINE('',#5169,#738);
#307=LINE('',#5170,#739);
#308=LINE('',#5172,#740);
#309=LINE('',#5174,#741);
#310=LINE('',#5175,#742);
#311=LINE('',#5177,#743);
#312=LINE('',#5179,#744);
#313=LINE('',#5183,#745);
#314=LINE('',#5185,#746);
#315=LINE('',#5187,#747);
#316=LINE('',#5189,#748);
#317=LINE('',#5191,#749);
#318=LINE('',#5195,#750);
#319=LINE('',#5197,#751);
#320=LINE('',#5199,#752);
#321=LINE('',#5200,#753);
#322=LINE('',#5202,#754);
#323=LINE('',#5203,#755);
#324=LINE('',#5205,#756);
#325=LINE('',#5207,#757);
#326=LINE('',#5208,#758);
#327=LINE('',#5210,#759);
#328=LINE('',#5212,#760);
#329=LINE('',#5216,#761);
#330=LINE('',#5218,#762);
#331=LINE('',#5220,#763);
#332=LINE('',#5224,#764);
#333=LINE('',#5226,#765);
#334=LINE('',#5228,#766);
#335=LINE('',#5233,#767);
#336=LINE('',#5235,#768);
#337=LINE('',#5237,#769);
#338=LINE('',#5238,#770);
#339=LINE('',#5240,#771);
#340=LINE('',#5242,#772);
#341=LINE('',#5243,#773);
#342=LINE('',#5245,#774);
#343=LINE('',#5247,#775);
#344=LINE('',#5248,#776);
#345=LINE('',#5250,#777);
#346=LINE('',#5252,#778);
#347=LINE('',#5256,#779);
#348=LINE('',#5258,#780);
#349=LINE('',#5260,#781);
#350=LINE('',#5261,#782);
#351=LINE('',#5263,#783);
#352=LINE('',#5265,#784);
#353=LINE('',#5266,#785);
#354=LINE('',#5268,#786);
#355=LINE('',#5270,#787);
#356=LINE('',#5271,#788);
#357=LINE('',#5273,#789);
#358=LINE('',#5275,#790);
#359=LINE('',#5279,#791);
#360=LINE('',#5281,#792);
#361=LINE('',#5283,#793);
#362=LINE('',#5287,#794);
#363=LINE('',#5289,#795);
#364=LINE('',#5291,#796);
#365=LINE('',#5293,#797);
#366=LINE('',#5297,#798);
#367=LINE('',#5299,#799);
#368=LINE('',#5301,#800);
#369=LINE('',#5306,#801);
#370=LINE('',#5308,#802);
#371=LINE('',#5310,#803);
#372=LINE('',#5311,#804);
#373=LINE('',#5313,#805);
#374=LINE('',#5315,#806);
#375=LINE('',#5316,#807);
#376=LINE('',#5318,#808);
#377=LINE('',#5320,#809);
#378=LINE('',#5321,#810);
#379=LINE('',#5323,#811);
#380=LINE('',#5325,#812);
#381=LINE('',#5329,#813);
#382=LINE('',#5331,#814);
#383=LINE('',#5333,#815);
#384=LINE('',#5334,#816);
#385=LINE('',#5336,#817);
#386=LINE('',#5338,#818);
#387=LINE('',#5339,#819);
#388=LINE('',#5341,#820);
#389=LINE('',#5343,#821);
#390=LINE('',#5344,#822);
#391=LINE('',#5346,#823);
#392=LINE('',#5348,#824);
#393=LINE('',#5352,#825);
#394=LINE('',#5354,#826);
#395=LINE('',#5356,#827);
#396=LINE('',#5360,#828);
#397=LINE('',#5362,#829);
#398=LINE('',#5364,#830);
#399=LINE('',#5366,#831);
#400=LINE('',#5370,#832);
#401=LINE('',#5372,#833);
#402=LINE('',#5374,#834);
#403=LINE('',#5379,#835);
#404=LINE('',#5381,#836);
#405=LINE('',#5383,#837);
#406=LINE('',#5384,#838);
#407=LINE('',#5386,#839);
#408=LINE('',#5388,#840);
#409=LINE('',#5389,#841);
#410=LINE('',#5391,#842);
#411=LINE('',#5393,#843);
#412=LINE('',#5394,#844);
#413=LINE('',#5396,#845);
#414=LINE('',#5398,#846);
#415=LINE('',#5402,#847);
#416=LINE('',#5404,#848);
#417=LINE('',#5406,#849);
#418=LINE('',#5410,#850);
#419=LINE('',#5412,#851);
#420=LINE('',#5414,#852);
#421=LINE('',#5418,#853);
#422=LINE('',#5420,#854);
#423=LINE('',#5422,#855);
#424=LINE('',#5424,#856);
#425=LINE('',#5428,#857);
#426=LINE('',#5430,#858);
#427=LINE('',#5432,#859);
#428=LINE('',#5435,#860);
#429=LINE('',#5437,#861);
#430=LINE('',#5440,#862);
#431=LINE('',#5442,#863);
#432=LINE('',#5445,#864);
#433=LINE('',#5447,#865);
#434=LINE('',#5450,#866);
#435=LINE('',#5452,#867);
#436=LINE('',#5455,#868);
#437=LINE('',#5457,#869);
#438=LINE('',#5460,#870);
#439=LINE('',#5462,#871);
#440=LINE('',#5465,#872);
#441=LINE('',#5467,#873);
#442=LINE('',#5470,#874);
#443=LINE('',#5472,#875);
#444=LINE('',#5475,#876);
#445=LINE('',#5477,#877);
#446=LINE('',#5480,#878);
#447=LINE('',#5482,#879);
#448=LINE('',#5485,#880);
#449=LINE('',#5487,#881);
#450=LINE('',#5490,#882);
#451=LINE('',#5492,#883);
#452=LINE('',#5495,#884);
#453=LINE('',#5497,#885);
#454=LINE('',#5500,#886);
#455=LINE('',#5502,#887);
#456=LINE('',#5505,#888);
#457=LINE('',#5507,#889);
#458=LINE('',#5510,#890);
#459=LINE('',#5512,#891);
#460=LINE('',#5515,#892);
#461=LINE('',#5517,#893);
#462=LINE('',#5520,#894);
#463=LINE('',#5522,#895);
#464=LINE('',#5525,#896);
#465=LINE('',#5527,#897);
#466=LINE('',#5530,#898);
#467=LINE('',#5532,#899);
#468=VECTOR('',#3746,1.);
#469=VECTOR('',#3747,1.);
#470=VECTOR('',#3748,1.);
#471=VECTOR('',#3749,1.);
#472=VECTOR('',#3750,1.);
#473=VECTOR('',#3751,1.);
#474=VECTOR('',#3752,1.);
#475=VECTOR('',#3753,1.);
#476=VECTOR('',#3754,1.);
#477=VECTOR('',#3755,1.);
#478=VECTOR('',#3756,1.);
#479=VECTOR('',#3757,1.);
#480=VECTOR('',#3758,1.);
#481=VECTOR('',#3759,1.);
#482=VECTOR('',#3760,1.);
#483=VECTOR('',#3761,1.);
#484=VECTOR('',#3766,1.);
#485=VECTOR('',#3767,1.);
#486=VECTOR('',#3768,1.);
#487=VECTOR('',#3773,1.);
#488=VECTOR('',#3774,1.);
#489=VECTOR('',#3775,1.);
#490=VECTOR('',#3778,1.);
#491=VECTOR('',#3779,1.);
#492=VECTOR('',#3780,1.);
#493=VECTOR('',#3785,1.);
#494=VECTOR('',#3786,1.);
#495=VECTOR('',#3787,1.);
#496=VECTOR('',#3790,1.);
#497=VECTOR('',#3791,1.);
#498=VECTOR('',#3792,1.);
#499=VECTOR('',#3797,1.);
#500=VECTOR('',#3798,1.);
#501=VECTOR('',#3799,1.);
#502=VECTOR('',#3802,1.);
#503=VECTOR('',#3803,1.);
#504=VECTOR('',#3808,1.);
#505=VECTOR('',#3809,1.);
#506=VECTOR('',#3810,1.);
#507=VECTOR('',#3811,1.);
#508=VECTOR('',#3812,1.);
#509=VECTOR('',#3813,1.);
#510=VECTOR('',#3814,1.);
#511=VECTOR('',#3815,1.);
#512=VECTOR('',#3816,1.);
#513=VECTOR('',#3817,1.);
#514=VECTOR('',#3818,1.);
#515=VECTOR('',#3819,1.);
#516=VECTOR('',#3820,1.);
#517=VECTOR('',#3821,1.);
#518=VECTOR('',#3822,1.);
#519=VECTOR('',#3823,1.);
#520=VECTOR('',#3824,1.);
#521=VECTOR('',#3825,1.);
#522=VECTOR('',#3826,1.);
#523=VECTOR('',#3827,1.);
#524=VECTOR('',#3828,1.);
#525=VECTOR('',#3829,1.);
#526=VECTOR('',#3830,1.);
#527=VECTOR('',#3831,1.);
#528=VECTOR('',#3832,1.);
#529=VECTOR('',#3833,1.);
#530=VECTOR('',#3834,1.);
#531=VECTOR('',#3835,1.);
#532=VECTOR('',#3836,1.);
#533=VECTOR('',#3837,1.);
#534=VECTOR('',#3838,1.);
#535=VECTOR('',#3839,1.);
#536=VECTOR('',#3840,1.);
#537=VECTOR('',#3841,1.);
#538=VECTOR('',#3842,1.);
#539=VECTOR('',#3843,1.);
#540=VECTOR('',#3844,1.);
#541=VECTOR('',#3845,1.);
#542=VECTOR('',#3846,1.);
#543=VECTOR('',#3847,1.);
#544=VECTOR('',#3848,1.);
#545=VECTOR('',#3849,1.);
#546=VECTOR('',#3850,1.);
#547=VECTOR('',#3851,1.);
#548=VECTOR('',#3852,1.);
#549=VECTOR('',#3853,1.);
#550=VECTOR('',#3854,1.);
#551=VECTOR('',#3855,1.);
#552=VECTOR('',#3856,1.);
#553=VECTOR('',#3857,1.);
#554=VECTOR('',#3858,1.);
#555=VECTOR('',#3859,1.);
#556=VECTOR('',#3860,1.);
#557=VECTOR('',#3861,1.);
#558=VECTOR('',#3862,1.);
#559=VECTOR('',#3863,1.);
#560=VECTOR('',#3864,1.);
#561=VECTOR('',#3865,1.);
#562=VECTOR('',#3866,1.);
#563=VECTOR('',#3867,1.);
#564=VECTOR('',#3868,1.);
#565=VECTOR('',#3869,1.);
#566=VECTOR('',#3870,1.);
#567=VECTOR('',#3871,1.);
#568=VECTOR('',#3872,1.);
#569=VECTOR('',#3873,1.);
#570=VECTOR('',#3874,1.);
#571=VECTOR('',#3875,1.);
#572=VECTOR('',#3876,1.);
#573=VECTOR('',#3877,1.);
#574=VECTOR('',#3878,1.);
#575=VECTOR('',#3879,1.);
#576=VECTOR('',#3880,1.);
#577=VECTOR('',#3881,1.);
#578=VECTOR('',#3882,1.);
#579=VECTOR('',#3883,1.);
#580=VECTOR('',#3884,1.);
#581=VECTOR('',#3885,1.);
#582=VECTOR('',#3886,1.);
#583=VECTOR('',#3887,1.);
#584=VECTOR('',#3888,1.);
#585=VECTOR('',#3889,1.);
#586=VECTOR('',#3890,1.);
#587=VECTOR('',#3891,1.);
#588=VECTOR('',#3892,1.);
#589=VECTOR('',#3893,1.);
#590=VECTOR('',#3894,1.);
#591=VECTOR('',#3895,1.);
#592=VECTOR('',#3896,1.);
#593=VECTOR('',#3897,1.);
#594=VECTOR('',#3898,1.);
#595=VECTOR('',#3899,1.);
#596=VECTOR('',#3900,1.);
#597=VECTOR('',#3901,1.);
#598=VECTOR('',#3902,1.);
#599=VECTOR('',#3903,1.);
#600=VECTOR('',#3904,1.);
#601=VECTOR('',#3905,1.);
#602=VECTOR('',#3906,1.);
#603=VECTOR('',#3907,1.);
#604=VECTOR('',#3908,1.);
#605=VECTOR('',#3909,1.);
#606=VECTOR('',#3910,1.);
#607=VECTOR('',#3911,1.);
#608=VECTOR('',#3912,1.);
#609=VECTOR('',#3913,1.);
#610=VECTOR('',#3914,1.);
#611=VECTOR('',#3915,1.);
#612=VECTOR('',#3916,1.);
#613=VECTOR('',#3917,1.);
#614=VECTOR('',#3918,1.);
#615=VECTOR('',#3919,1.);
#616=VECTOR('',#3920,1.);
#617=VECTOR('',#3921,1.);
#618=VECTOR('',#3922,1.);
#619=VECTOR('',#3923,1.);
#620=VECTOR('',#3924,1.);
#621=VECTOR('',#3925,1.);
#622=VECTOR('',#3926,1.);
#623=VECTOR('',#3927,1.);
#624=VECTOR('',#3928,1.);
#625=VECTOR('',#3929,1.);
#626=VECTOR('',#3930,1.);
#627=VECTOR('',#3931,1.);
#628=VECTOR('',#3932,1.);
#629=VECTOR('',#3933,1.);
#630=VECTOR('',#3934,1.);
#631=VECTOR('',#3935,1.);
#632=VECTOR('',#3936,1.);
#633=VECTOR('',#3937,1.);
#634=VECTOR('',#3938,1.);
#635=VECTOR('',#3939,1.);
#636=VECTOR('',#3940,1.);
#637=VECTOR('',#3945,1.);
#638=VECTOR('',#3946,1.);
#639=VECTOR('',#3947,1.);
#640=VECTOR('',#3948,1.);
#641=VECTOR('',#3949,1.);
#642=VECTOR('',#3950,1.);
#643=VECTOR('',#3951,1.);
#644=VECTOR('',#3952,1.);
#645=VECTOR('',#3953,1.);
#646=VECTOR('',#3954,1.);
#647=VECTOR('',#3955,1.);
#648=VECTOR('',#3956,1.);
#649=VECTOR('',#3961,1.);
#650=VECTOR('',#3962,1.);
#651=VECTOR('',#3963,1.);
#652=VECTOR('',#3964,1.);
#653=VECTOR('',#3965,1.);
#654=VECTOR('',#3966,1.);
#655=VECTOR('',#3967,1.);
#656=VECTOR('',#3968,1.);
#657=VECTOR('',#3969,1.);
#658=VECTOR('',#3970,1.);
#659=VECTOR('',#3971,1.);
#660=VECTOR('',#3972,1.);
#661=VECTOR('',#3977,1.);
#662=VECTOR('',#3980,1.);
#663=VECTOR('',#3981,1.);
#664=VECTOR('',#3986,1.);
#665=VECTOR('',#3987,1.);
#666=VECTOR('',#3990,1.);
#667=VECTOR('',#3991,1.);
#668=VECTOR('',#3996,1.);
#669=VECTOR('',#3997,1.);
#670=VECTOR('',#4000,1.);
#671=VECTOR('',#4007,1.);
#672=VECTOR('',#4008,1.);
#673=VECTOR('',#4009,1.);
#674=VECTOR('',#4010,1.);
#675=VECTOR('',#4011,1.);
#676=VECTOR('',#4012,1.);
#677=VECTOR('',#4013,1.);
#678=VECTOR('',#4014,1.);
#679=VECTOR('',#4015,1.);
#680=VECTOR('',#4016,1.);
#681=VECTOR('',#4017,1.);
#682=VECTOR('',#4018,1.);
#683=VECTOR('',#4023,1.);
#684=VECTOR('',#4024,1.);
#685=VECTOR('',#4025,1.);
#686=VECTOR('',#4026,1.);
#687=VECTOR('',#4027,1.);
#688=VECTOR('',#4028,1.);
#689=VECTOR('',#4029,1.);
#690=VECTOR('',#4030,1.);
#691=VECTOR('',#4031,1.);
#692=VECTOR('',#4032,1.);
#693=VECTOR('',#4033,1.);
#694=VECTOR('',#4034,1.);
#695=VECTOR('',#4039,1.);
#696=VECTOR('',#4042,1.);
#697=VECTOR('',#4043,1.);
#698=VECTOR('',#4048,1.);
#699=VECTOR('',#4049,1.);
#700=VECTOR('',#4052,1.);
#701=VECTOR('',#4053,1.);
#702=VECTOR('',#4058,1.);
#703=VECTOR('',#4059,1.);
#704=VECTOR('',#4062,1.);
#705=VECTOR('',#4069,1.);
#706=VECTOR('',#4070,1.);
#707=VECTOR('',#4071,1.);
#708=VECTOR('',#4072,1.);
#709=VECTOR('',#4073,1.);
#710=VECTOR('',#4074,1.);
#711=VECTOR('',#4075,1.);
#712=VECTOR('',#4076,1.);
#713=VECTOR('',#4077,1.);
#714=VECTOR('',#4078,1.);
#715=VECTOR('',#4079,1.);
#716=VECTOR('',#4080,1.);
#717=VECTOR('',#4085,1.);
#718=VECTOR('',#4086,1.);
#719=VECTOR('',#4089,1.);
#720=VECTOR('',#4090,1.);
#721=VECTOR('',#4095,1.);
#722=VECTOR('',#4096,1.);
#723=VECTOR('',#4099,1.);
#724=VECTOR('',#4100,1.);
#725=VECTOR('',#4105,1.);
#726=VECTOR('',#4106,1.);
#727=VECTOR('',#4109,1.);
#728=VECTOR('',#4110,1.);
#729=VECTOR('',#4115,1.);
#730=VECTOR('',#4116,1.);
#731=VECTOR('',#4117,1.);
#732=VECTOR('',#4118,1.);
#733=VECTOR('',#4119,1.);
#734=VECTOR('',#4120,1.);
#735=VECTOR('',#4121,1.);
#736=VECTOR('',#4128,1.);
#737=VECTOR('',#4129,1.);
#738=VECTOR('',#4130,1.);
#739=VECTOR('',#4131,1.);
#740=VECTOR('',#4132,1.);
#741=VECTOR('',#4133,1.);
#742=VECTOR('',#4134,1.);
#743=VECTOR('',#4135,1.);
#744=VECTOR('',#4136,1.);
#745=VECTOR('',#4141,1.);
#746=VECTOR('',#4142,1.);
#747=VECTOR('',#4143,1.);
#748=VECTOR('',#4146,1.);
#749=VECTOR('',#4147,1.);
#750=VECTOR('',#4152,1.);
#751=VECTOR('',#4153,1.);
#752=VECTOR('',#4154,1.);
#753=VECTOR('',#4155,1.);
#754=VECTOR('',#4156,1.);
#755=VECTOR('',#4157,1.);
#756=VECTOR('',#4158,1.);
#757=VECTOR('',#4159,1.);
#758=VECTOR('',#4160,1.);
#759=VECTOR('',#4161,1.);
#760=VECTOR('',#4162,1.);
#761=VECTOR('',#4167,1.);
#762=VECTOR('',#4170,1.);
#763=VECTOR('',#4171,1.);
#764=VECTOR('',#4176,1.);
#765=VECTOR('',#4177,1.);
#766=VECTOR('',#4180,1.);
#767=VECTOR('',#4187,1.);
#768=VECTOR('',#4188,1.);
#769=VECTOR('',#4189,1.);
#770=VECTOR('',#4190,1.);
#771=VECTOR('',#4191,1.);
#772=VECTOR('',#4192,1.);
#773=VECTOR('',#4193,1.);
#774=VECTOR('',#4194,1.);
#775=VECTOR('',#4195,1.);
#776=VECTOR('',#4196,1.);
#777=VECTOR('',#4197,1.);
#778=VECTOR('',#4198,1.);
#779=VECTOR('',#4203,1.);
#780=VECTOR('',#4204,1.);
#781=VECTOR('',#4205,1.);
#782=VECTOR('',#4206,1.);
#783=VECTOR('',#4207,1.);
#784=VECTOR('',#4208,1.);
#785=VECTOR('',#4209,1.);
#786=VECTOR('',#4210,1.);
#787=VECTOR('',#4211,1.);
#788=VECTOR('',#4212,1.);
#789=VECTOR('',#4213,1.);
#790=VECTOR('',#4214,1.);
#791=VECTOR('',#4219,1.);
#792=VECTOR('',#4222,1.);
#793=VECTOR('',#4223,1.);
#794=VECTOR('',#4228,1.);
#795=VECTOR('',#4229,1.);
#796=VECTOR('',#4232,1.);
#797=VECTOR('',#4233,1.);
#798=VECTOR('',#4238,1.);
#799=VECTOR('',#4239,1.);
#800=VECTOR('',#4242,1.);
#801=VECTOR('',#4249,1.);
#802=VECTOR('',#4250,1.);
#803=VECTOR('',#4251,1.);
#804=VECTOR('',#4252,1.);
#805=VECTOR('',#4253,1.);
#806=VECTOR('',#4254,1.);
#807=VECTOR('',#4255,1.);
#808=VECTOR('',#4256,1.);
#809=VECTOR('',#4257,1.);
#810=VECTOR('',#4258,1.);
#811=VECTOR('',#4259,1.);
#812=VECTOR('',#4260,1.);
#813=VECTOR('',#4265,1.);
#814=VECTOR('',#4266,1.);
#815=VECTOR('',#4267,1.);
#816=VECTOR('',#4268,1.);
#817=VECTOR('',#4269,1.);
#818=VECTOR('',#4270,1.);
#819=VECTOR('',#4271,1.);
#820=VECTOR('',#4272,1.);
#821=VECTOR('',#4273,1.);
#822=VECTOR('',#4274,1.);
#823=VECTOR('',#4275,1.);
#824=VECTOR('',#4276,1.);
#825=VECTOR('',#4281,1.);
#826=VECTOR('',#4284,1.);
#827=VECTOR('',#4285,1.);
#828=VECTOR('',#4290,1.);
#829=VECTOR('',#4291,1.);
#830=VECTOR('',#4294,1.);
#831=VECTOR('',#4295,1.);
#832=VECTOR('',#4300,1.);
#833=VECTOR('',#4301,1.);
#834=VECTOR('',#4304,1.);
#835=VECTOR('',#4311,1.);
#836=VECTOR('',#4312,1.);
#837=VECTOR('',#4313,1.);
#838=VECTOR('',#4314,1.);
#839=VECTOR('',#4315,1.);
#840=VECTOR('',#4316,1.);
#841=VECTOR('',#4317,1.);
#842=VECTOR('',#4318,1.);
#843=VECTOR('',#4319,1.);
#844=VECTOR('',#4320,1.);
#845=VECTOR('',#4321,1.);
#846=VECTOR('',#4322,1.);
#847=VECTOR('',#4327,1.);
#848=VECTOR('',#4328,1.);
#849=VECTOR('',#4329,1.);
#850=VECTOR('',#4334,1.);
#851=VECTOR('',#4337,1.);
#852=VECTOR('',#4338,1.);
#853=VECTOR('',#4343,1.);
#854=VECTOR('',#4344,1.);
#855=VECTOR('',#4347,1.);
#856=VECTOR('',#4348,1.);
#857=VECTOR('',#4353,1.);
#858=VECTOR('',#4354,1.);
#859=VECTOR('',#4357,1.);
#860=VECTOR('',#4362,1.);
#861=VECTOR('',#4365,1.);
#862=VECTOR('',#4370,1.);
#863=VECTOR('',#4373,1.);
#864=VECTOR('',#4378,1.);
#865=VECTOR('',#4381,1.);
#866=VECTOR('',#4386,1.);
#867=VECTOR('',#4389,1.);
#868=VECTOR('',#4394,1.);
#869=VECTOR('',#4397,1.);
#870=VECTOR('',#4402,1.);
#871=VECTOR('',#4405,1.);
#872=VECTOR('',#4410,1.);
#873=VECTOR('',#4413,1.);
#874=VECTOR('',#4418,1.);
#875=VECTOR('',#4421,1.);
#876=VECTOR('',#4426,1.);
#877=VECTOR('',#4429,1.);
#878=VECTOR('',#4434,1.);
#879=VECTOR('',#4437,1.);
#880=VECTOR('',#4442,1.);
#881=VECTOR('',#4445,1.);
#882=VECTOR('',#4450,1.);
#883=VECTOR('',#4453,1.);
#884=VECTOR('',#4458,1.);
#885=VECTOR('',#4461,1.);
#886=VECTOR('',#4466,1.);
#887=VECTOR('',#4469,1.);
#888=VECTOR('',#4474,1.);
#889=VECTOR('',#4477,1.);
#890=VECTOR('',#4482,1.);
#891=VECTOR('',#4485,1.);
#892=VECTOR('',#4490,1.);
#893=VECTOR('',#4493,1.);
#894=VECTOR('',#4498,1.);
#895=VECTOR('',#4501,1.);
#896=VECTOR('',#4506,1.);
#897=VECTOR('',#4509,1.);
#898=VECTOR('',#4514,1.);
#899=VECTOR('',#4517,1.);
#900=ORIENTED_EDGE('',*,*,#1860,.F.);
#901=ORIENTED_EDGE('',*,*,#1861,.F.);
#902=ORIENTED_EDGE('',*,*,#1862,.F.);
#903=ORIENTED_EDGE('',*,*,#1863,.T.);
#904=ORIENTED_EDGE('',*,*,#1864,.F.);
#905=ORIENTED_EDGE('',*,*,#1865,.F.);
#906=ORIENTED_EDGE('',*,*,#1866,.T.);
#907=ORIENTED_EDGE('',*,*,#1867,.T.);
#908=ORIENTED_EDGE('',*,*,#1868,.F.);
#909=ORIENTED_EDGE('',*,*,#1869,.F.);
#910=ORIENTED_EDGE('',*,*,#1870,.F.);
#911=ORIENTED_EDGE('',*,*,#1871,.T.);
#912=ORIENTED_EDGE('',*,*,#1872,.F.);
#913=ORIENTED_EDGE('',*,*,#1873,.F.);
#914=ORIENTED_EDGE('',*,*,#1874,.F.);
#915=ORIENTED_EDGE('',*,*,#1875,.T.);
#916=ORIENTED_EDGE('',*,*,#1876,.F.);
#917=ORIENTED_EDGE('',*,*,#1877,.F.);
#918=ORIENTED_EDGE('',*,*,#1878,.F.);
#919=ORIENTED_EDGE('',*,*,#1879,.F.);
#920=ORIENTED_EDGE('',*,*,#1880,.T.);
#921=ORIENTED_EDGE('',*,*,#1865,.T.);
#922=ORIENTED_EDGE('',*,*,#1881,.T.);
#923=ORIENTED_EDGE('',*,*,#1882,.T.);
#924=ORIENTED_EDGE('',*,*,#1883,.F.);
#925=ORIENTED_EDGE('',*,*,#1884,.F.);
#926=ORIENTED_EDGE('',*,*,#1879,.T.);
#927=ORIENTED_EDGE('',*,*,#1885,.T.);
#928=ORIENTED_EDGE('',*,*,#1886,.F.);
#929=ORIENTED_EDGE('',*,*,#1887,.F.);
#930=ORIENTED_EDGE('',*,*,#1883,.T.);
#931=ORIENTED_EDGE('',*,*,#1888,.F.);
#932=ORIENTED_EDGE('',*,*,#1889,.F.);
#933=ORIENTED_EDGE('',*,*,#1890,.F.);
#934=ORIENTED_EDGE('',*,*,#1891,.T.);
#935=ORIENTED_EDGE('',*,*,#1886,.T.);
#936=ORIENTED_EDGE('',*,*,#1892,.T.);
#937=ORIENTED_EDGE('',*,*,#1893,.F.);
#938=ORIENTED_EDGE('',*,*,#1894,.F.);
#939=ORIENTED_EDGE('',*,*,#1890,.T.);
#940=ORIENTED_EDGE('',*,*,#1895,.T.);
#941=ORIENTED_EDGE('',*,*,#1896,.T.);
#942=ORIENTED_EDGE('',*,*,#1897,.F.);
#943=ORIENTED_EDGE('',*,*,#1898,.F.);
#944=ORIENTED_EDGE('',*,*,#1893,.T.);
#945=ORIENTED_EDGE('',*,*,#1899,.T.);
#946=ORIENTED_EDGE('',*,*,#1867,.F.);
#947=ORIENTED_EDGE('',*,*,#1900,.F.);
#948=ORIENTED_EDGE('',*,*,#1897,.T.);
#949=ORIENTED_EDGE('',*,*,#1866,.F.);
#950=ORIENTED_EDGE('',*,*,#1880,.F.);
#951=ORIENTED_EDGE('',*,*,#1884,.T.);
#952=ORIENTED_EDGE('',*,*,#1887,.T.);
#953=ORIENTED_EDGE('',*,*,#1891,.F.);
#954=ORIENTED_EDGE('',*,*,#1894,.T.);
#955=ORIENTED_EDGE('',*,*,#1898,.T.);
#956=ORIENTED_EDGE('',*,*,#1900,.T.);
#957=ORIENTED_EDGE('',*,*,#1901,.F.);
#958=ORIENTED_EDGE('',*,*,#1876,.T.);
#959=ORIENTED_EDGE('',*,*,#1902,.T.);
#960=ORIENTED_EDGE('',*,*,#1903,.F.);
#961=ORIENTED_EDGE('',*,*,#1904,.F.);
#962=ORIENTED_EDGE('',*,*,#1872,.T.);
#963=ORIENTED_EDGE('',*,*,#1905,.T.);
#964=ORIENTED_EDGE('',*,*,#1906,.F.);
#965=ORIENTED_EDGE('',*,*,#1864,.T.);
#966=ORIENTED_EDGE('',*,*,#1907,.T.);
#967=ORIENTED_EDGE('',*,*,#1908,.F.);
#968=ORIENTED_EDGE('',*,*,#1909,.T.);
#969=ORIENTED_EDGE('',*,*,#1910,.T.);
#970=ORIENTED_EDGE('',*,*,#1911,.T.);
#971=ORIENTED_EDGE('',*,*,#1912,.F.);
#972=ORIENTED_EDGE('',*,*,#1913,.T.);
#973=ORIENTED_EDGE('',*,*,#1914,.T.);
#974=ORIENTED_EDGE('',*,*,#1915,.T.);
#975=ORIENTED_EDGE('',*,*,#1916,.F.);
#976=ORIENTED_EDGE('',*,*,#1917,.T.);
#977=ORIENTED_EDGE('',*,*,#1918,.T.);
#978=ORIENTED_EDGE('',*,*,#1919,.T.);
#979=ORIENTED_EDGE('',*,*,#1920,.F.);
#980=ORIENTED_EDGE('',*,*,#1921,.T.);
#981=ORIENTED_EDGE('',*,*,#1922,.T.);
#982=ORIENTED_EDGE('',*,*,#1923,.T.);
#983=ORIENTED_EDGE('',*,*,#1924,.F.);
#984=ORIENTED_EDGE('',*,*,#1925,.T.);
#985=ORIENTED_EDGE('',*,*,#1926,.T.);
#986=ORIENTED_EDGE('',*,*,#1927,.T.);
#987=ORIENTED_EDGE('',*,*,#1928,.F.);
#988=ORIENTED_EDGE('',*,*,#1929,.T.);
#989=ORIENTED_EDGE('',*,*,#1930,.T.);
#990=ORIENTED_EDGE('',*,*,#1931,.T.);
#991=ORIENTED_EDGE('',*,*,#1932,.F.);
#992=ORIENTED_EDGE('',*,*,#1933,.T.);
#993=ORIENTED_EDGE('',*,*,#1934,.T.);
#994=ORIENTED_EDGE('',*,*,#1935,.F.);
#995=ORIENTED_EDGE('',*,*,#1936,.F.);
#996=ORIENTED_EDGE('',*,*,#1937,.F.);
#997=ORIENTED_EDGE('',*,*,#1938,.T.);
#998=ORIENTED_EDGE('',*,*,#1939,.F.);
#999=ORIENTED_EDGE('',*,*,#1940,.F.);
#1000=ORIENTED_EDGE('',*,*,#1941,.F.);
#1001=ORIENTED_EDGE('',*,*,#1942,.T.);
#1002=ORIENTED_EDGE('',*,*,#1943,.F.);
#1003=ORIENTED_EDGE('',*,*,#1944,.F.);
#1004=ORIENTED_EDGE('',*,*,#1945,.F.);
#1005=ORIENTED_EDGE('',*,*,#1946,.T.);
#1006=ORIENTED_EDGE('',*,*,#1947,.F.);
#1007=ORIENTED_EDGE('',*,*,#1948,.F.);
#1008=ORIENTED_EDGE('',*,*,#1949,.F.);
#1009=ORIENTED_EDGE('',*,*,#1950,.T.);
#1010=ORIENTED_EDGE('',*,*,#1951,.F.);
#1011=ORIENTED_EDGE('',*,*,#1952,.F.);
#1012=ORIENTED_EDGE('',*,*,#1953,.F.);
#1013=ORIENTED_EDGE('',*,*,#1954,.T.);
#1014=ORIENTED_EDGE('',*,*,#1955,.F.);
#1015=ORIENTED_EDGE('',*,*,#1956,.F.);
#1016=ORIENTED_EDGE('',*,*,#1957,.F.);
#1017=ORIENTED_EDGE('',*,*,#1958,.T.);
#1018=ORIENTED_EDGE('',*,*,#1959,.F.);
#1019=ORIENTED_EDGE('',*,*,#1960,.F.);
#1020=ORIENTED_EDGE('',*,*,#1961,.F.);
#1021=ORIENTED_EDGE('',*,*,#1962,.T.);
#1022=ORIENTED_EDGE('',*,*,#1963,.F.);
#1023=ORIENTED_EDGE('',*,*,#1964,.F.);
#1024=ORIENTED_EDGE('',*,*,#1965,.F.);
#1025=ORIENTED_EDGE('',*,*,#1966,.T.);
#1026=ORIENTED_EDGE('',*,*,#1967,.F.);
#1027=ORIENTED_EDGE('',*,*,#1968,.F.);
#1028=ORIENTED_EDGE('',*,*,#1969,.F.);
#1029=ORIENTED_EDGE('',*,*,#1970,.T.);
#1030=ORIENTED_EDGE('',*,*,#1971,.F.);
#1031=ORIENTED_EDGE('',*,*,#1972,.F.);
#1032=ORIENTED_EDGE('',*,*,#1973,.F.);
#1033=ORIENTED_EDGE('',*,*,#1974,.T.);
#1034=ORIENTED_EDGE('',*,*,#1975,.F.);
#1035=ORIENTED_EDGE('',*,*,#1976,.F.);
#1036=ORIENTED_EDGE('',*,*,#1977,.F.);
#1037=ORIENTED_EDGE('',*,*,#1978,.T.);
#1038=ORIENTED_EDGE('',*,*,#1979,.F.);
#1039=ORIENTED_EDGE('',*,*,#1980,.F.);
#1040=ORIENTED_EDGE('',*,*,#1981,.F.);
#1041=ORIENTED_EDGE('',*,*,#1982,.T.);
#1042=ORIENTED_EDGE('',*,*,#1983,.F.);
#1043=ORIENTED_EDGE('',*,*,#1984,.F.);
#1044=ORIENTED_EDGE('',*,*,#1985,.F.);
#1045=ORIENTED_EDGE('',*,*,#1986,.T.);
#1046=ORIENTED_EDGE('',*,*,#1987,.F.);
#1047=ORIENTED_EDGE('',*,*,#1988,.F.);
#1048=ORIENTED_EDGE('',*,*,#1989,.F.);
#1049=ORIENTED_EDGE('',*,*,#1868,.T.);
#1050=ORIENTED_EDGE('',*,*,#1899,.F.);
#1051=ORIENTED_EDGE('',*,*,#1896,.F.);
#1052=ORIENTED_EDGE('',*,*,#1892,.F.);
#1053=ORIENTED_EDGE('',*,*,#1889,.T.);
#1054=ORIENTED_EDGE('',*,*,#1885,.F.);
#1055=ORIENTED_EDGE('',*,*,#1882,.F.);
#1056=ORIENTED_EDGE('',*,*,#1878,.T.);
#1057=ORIENTED_EDGE('',*,*,#1990,.F.);
#1058=ORIENTED_EDGE('',*,*,#1991,.T.);
#1059=ORIENTED_EDGE('',*,*,#1992,.T.);
#1060=ORIENTED_EDGE('',*,*,#1993,.F.);
#1061=ORIENTED_EDGE('',*,*,#1994,.F.);
#1062=ORIENTED_EDGE('',*,*,#1995,.T.);
#1063=ORIENTED_EDGE('',*,*,#1996,.T.);
#1064=ORIENTED_EDGE('',*,*,#1997,.F.);
#1065=ORIENTED_EDGE('',*,*,#1998,.F.);
#1066=ORIENTED_EDGE('',*,*,#1999,.T.);
#1067=ORIENTED_EDGE('',*,*,#2000,.T.);
#1068=ORIENTED_EDGE('',*,*,#2001,.F.);
#1069=ORIENTED_EDGE('',*,*,#2002,.F.);
#1070=ORIENTED_EDGE('',*,*,#2003,.T.);
#1071=ORIENTED_EDGE('',*,*,#2004,.T.);
#1072=ORIENTED_EDGE('',*,*,#2005,.F.);
#1073=ORIENTED_EDGE('',*,*,#2006,.F.);
#1074=ORIENTED_EDGE('',*,*,#2007,.T.);
#1075=ORIENTED_EDGE('',*,*,#2008,.T.);
#1076=ORIENTED_EDGE('',*,*,#2009,.F.);
#1077=ORIENTED_EDGE('',*,*,#2010,.F.);
#1078=ORIENTED_EDGE('',*,*,#2011,.T.);
#1079=ORIENTED_EDGE('',*,*,#2012,.T.);
#1080=ORIENTED_EDGE('',*,*,#2013,.F.);
#1081=ORIENTED_EDGE('',*,*,#2014,.F.);
#1082=ORIENTED_EDGE('',*,*,#2015,.T.);
#1083=ORIENTED_EDGE('',*,*,#2016,.T.);
#1084=ORIENTED_EDGE('',*,*,#2017,.F.);
#1085=ORIENTED_EDGE('',*,*,#2018,.F.);
#1086=ORIENTED_EDGE('',*,*,#2019,.T.);
#1087=ORIENTED_EDGE('',*,*,#2020,.T.);
#1088=ORIENTED_EDGE('',*,*,#2021,.F.);
#1089=ORIENTED_EDGE('',*,*,#2022,.F.);
#1090=ORIENTED_EDGE('',*,*,#2023,.T.);
#1091=ORIENTED_EDGE('',*,*,#2024,.T.);
#1092=ORIENTED_EDGE('',*,*,#2025,.F.);
#1093=ORIENTED_EDGE('',*,*,#2026,.F.);
#1094=ORIENTED_EDGE('',*,*,#2027,.T.);
#1095=ORIENTED_EDGE('',*,*,#2028,.T.);
#1096=ORIENTED_EDGE('',*,*,#2029,.F.);
#1097=ORIENTED_EDGE('',*,*,#2030,.F.);
#1098=ORIENTED_EDGE('',*,*,#2031,.T.);
#1099=ORIENTED_EDGE('',*,*,#2032,.T.);
#1100=ORIENTED_EDGE('',*,*,#2033,.F.);
#1101=ORIENTED_EDGE('',*,*,#2034,.T.);
#1102=ORIENTED_EDGE('',*,*,#2035,.F.);
#1103=ORIENTED_EDGE('',*,*,#2036,.T.);
#1104=ORIENTED_EDGE('',*,*,#2037,.T.);
#1105=ORIENTED_EDGE('',*,*,#1988,.T.);
#1106=ORIENTED_EDGE('',*,*,#2038,.F.);
#1107=ORIENTED_EDGE('',*,*,#2039,.F.);
#1108=ORIENTED_EDGE('',*,*,#2040,.T.);
#1109=ORIENTED_EDGE('',*,*,#1908,.T.);
#1110=ORIENTED_EDGE('',*,*,#2041,.F.);
#1111=ORIENTED_EDGE('',*,*,#2042,.T.);
#1112=ORIENTED_EDGE('',*,*,#2043,.T.);
#1113=ORIENTED_EDGE('',*,*,#1903,.T.);
#1114=ORIENTED_EDGE('',*,*,#2044,.F.);
#1115=ORIENTED_EDGE('',*,*,#2045,.T.);
#1116=ORIENTED_EDGE('',*,*,#2046,.T.);
#1117=ORIENTED_EDGE('',*,*,#1906,.T.);
#1118=ORIENTED_EDGE('',*,*,#2047,.F.);
#1119=ORIENTED_EDGE('',*,*,#2048,.F.);
#1120=ORIENTED_EDGE('',*,*,#2049,.F.);
#1121=ORIENTED_EDGE('',*,*,#2050,.T.);
#1122=ORIENTED_EDGE('',*,*,#1910,.F.);
#1123=ORIENTED_EDGE('',*,*,#2051,.F.);
#1124=ORIENTED_EDGE('',*,*,#2052,.T.);
#1125=ORIENTED_EDGE('',*,*,#2053,.T.);
#1126=ORIENTED_EDGE('',*,*,#1982,.F.);
#1127=ORIENTED_EDGE('',*,*,#2054,.F.);
#1128=ORIENTED_EDGE('',*,*,#2055,.F.);
#1129=ORIENTED_EDGE('',*,*,#2056,.T.);
#1130=ORIENTED_EDGE('',*,*,#1995,.F.);
#1131=ORIENTED_EDGE('',*,*,#2057,.F.);
#1132=ORIENTED_EDGE('',*,*,#2058,.F.);
#1133=ORIENTED_EDGE('',*,*,#2059,.T.);
#1134=ORIENTED_EDGE('',*,*,#1991,.F.);
#1135=ORIENTED_EDGE('',*,*,#2060,.F.);
#1136=ORIENTED_EDGE('',*,*,#1909,.F.);
#1137=ORIENTED_EDGE('',*,*,#2040,.F.);
#1138=ORIENTED_EDGE('',*,*,#2061,.T.);
#1139=ORIENTED_EDGE('',*,*,#2051,.T.);
#1140=ORIENTED_EDGE('',*,*,#1987,.T.);
#1141=ORIENTED_EDGE('',*,*,#2062,.F.);
#1142=ORIENTED_EDGE('',*,*,#2063,.F.);
#1143=ORIENTED_EDGE('',*,*,#2038,.T.);
#1144=ORIENTED_EDGE('',*,*,#2064,.F.);
#1145=ORIENTED_EDGE('',*,*,#1986,.F.);
#1146=ORIENTED_EDGE('',*,*,#2065,.F.);
#1147=ORIENTED_EDGE('',*,*,#2066,.T.);
#1148=ORIENTED_EDGE('',*,*,#2062,.T.);
#1149=ORIENTED_EDGE('',*,*,#1985,.T.);
#1150=ORIENTED_EDGE('',*,*,#2067,.F.);
#1151=ORIENTED_EDGE('',*,*,#2068,.F.);
#1152=ORIENTED_EDGE('',*,*,#2065,.T.);
#1153=ORIENTED_EDGE('',*,*,#2069,.T.);
#1154=ORIENTED_EDGE('',*,*,#1984,.T.);
#1155=ORIENTED_EDGE('',*,*,#2070,.F.);
#1156=ORIENTED_EDGE('',*,*,#2071,.F.);
#1157=ORIENTED_EDGE('',*,*,#2067,.T.);
#1158=ORIENTED_EDGE('',*,*,#1983,.T.);
#1159=ORIENTED_EDGE('',*,*,#2053,.F.);
#1160=ORIENTED_EDGE('',*,*,#2072,.F.);
#1161=ORIENTED_EDGE('',*,*,#2070,.T.);
#1162=ORIENTED_EDGE('',*,*,#2052,.F.);
#1163=ORIENTED_EDGE('',*,*,#2061,.F.);
#1164=ORIENTED_EDGE('',*,*,#2039,.T.);
#1165=ORIENTED_EDGE('',*,*,#2063,.T.);
#1166=ORIENTED_EDGE('',*,*,#2066,.F.);
#1167=ORIENTED_EDGE('',*,*,#2068,.T.);
#1168=ORIENTED_EDGE('',*,*,#2071,.T.);
#1169=ORIENTED_EDGE('',*,*,#2072,.T.);
#1170=ORIENTED_EDGE('',*,*,#2073,.T.);
#1171=ORIENTED_EDGE('',*,*,#2074,.F.);
#1172=ORIENTED_EDGE('',*,*,#2075,.T.);
#1173=ORIENTED_EDGE('',*,*,#2076,.T.);
#1174=ORIENTED_EDGE('',*,*,#1980,.T.);
#1175=ORIENTED_EDGE('',*,*,#2077,.F.);
#1176=ORIENTED_EDGE('',*,*,#2078,.F.);
#1177=ORIENTED_EDGE('',*,*,#2079,.T.);
#1178=ORIENTED_EDGE('',*,*,#1912,.T.);
#1179=ORIENTED_EDGE('',*,*,#2080,.F.);
#1180=ORIENTED_EDGE('',*,*,#2081,.T.);
#1181=ORIENTED_EDGE('',*,*,#2082,.T.);
#1182=ORIENTED_EDGE('',*,*,#1993,.T.);
#1183=ORIENTED_EDGE('',*,*,#2083,.F.);
#1184=ORIENTED_EDGE('',*,*,#2084,.T.);
#1185=ORIENTED_EDGE('',*,*,#2085,.T.);
#1186=ORIENTED_EDGE('',*,*,#1997,.T.);
#1187=ORIENTED_EDGE('',*,*,#2086,.F.);
#1188=ORIENTED_EDGE('',*,*,#2087,.F.);
#1189=ORIENTED_EDGE('',*,*,#2088,.F.);
#1190=ORIENTED_EDGE('',*,*,#2089,.T.);
#1191=ORIENTED_EDGE('',*,*,#1914,.F.);
#1192=ORIENTED_EDGE('',*,*,#2090,.F.);
#1193=ORIENTED_EDGE('',*,*,#2091,.T.);
#1194=ORIENTED_EDGE('',*,*,#2092,.T.);
#1195=ORIENTED_EDGE('',*,*,#1974,.F.);
#1196=ORIENTED_EDGE('',*,*,#2093,.F.);
#1197=ORIENTED_EDGE('',*,*,#2094,.F.);
#1198=ORIENTED_EDGE('',*,*,#2095,.T.);
#1199=ORIENTED_EDGE('',*,*,#2003,.F.);
#1200=ORIENTED_EDGE('',*,*,#2096,.F.);
#1201=ORIENTED_EDGE('',*,*,#2097,.F.);
#1202=ORIENTED_EDGE('',*,*,#2098,.T.);
#1203=ORIENTED_EDGE('',*,*,#1999,.F.);
#1204=ORIENTED_EDGE('',*,*,#2099,.F.);
#1205=ORIENTED_EDGE('',*,*,#1913,.F.);
#1206=ORIENTED_EDGE('',*,*,#2079,.F.);
#1207=ORIENTED_EDGE('',*,*,#2100,.T.);
#1208=ORIENTED_EDGE('',*,*,#2090,.T.);
#1209=ORIENTED_EDGE('',*,*,#1979,.T.);
#1210=ORIENTED_EDGE('',*,*,#2101,.F.);
#1211=ORIENTED_EDGE('',*,*,#2102,.F.);
#1212=ORIENTED_EDGE('',*,*,#2077,.T.);
#1213=ORIENTED_EDGE('',*,*,#2103,.F.);
#1214=ORIENTED_EDGE('',*,*,#1978,.F.);
#1215=ORIENTED_EDGE('',*,*,#2104,.F.);
#1216=ORIENTED_EDGE('',*,*,#2105,.T.);
#1217=ORIENTED_EDGE('',*,*,#2101,.T.);
#1218=ORIENTED_EDGE('',*,*,#1977,.T.);
#1219=ORIENTED_EDGE('',*,*,#2106,.F.);
#1220=ORIENTED_EDGE('',*,*,#2107,.F.);
#1221=ORIENTED_EDGE('',*,*,#2104,.T.);
#1222=ORIENTED_EDGE('',*,*,#2108,.T.);
#1223=ORIENTED_EDGE('',*,*,#1976,.T.);
#1224=ORIENTED_EDGE('',*,*,#2109,.F.);
#1225=ORIENTED_EDGE('',*,*,#2110,.F.);
#1226=ORIENTED_EDGE('',*,*,#2106,.T.);
#1227=ORIENTED_EDGE('',*,*,#1975,.T.);
#1228=ORIENTED_EDGE('',*,*,#2092,.F.);
#1229=ORIENTED_EDGE('',*,*,#2111,.F.);
#1230=ORIENTED_EDGE('',*,*,#2109,.T.);
#1231=ORIENTED_EDGE('',*,*,#2091,.F.);
#1232=ORIENTED_EDGE('',*,*,#2100,.F.);
#1233=ORIENTED_EDGE('',*,*,#2078,.T.);
#1234=ORIENTED_EDGE('',*,*,#2102,.T.);
#1235=ORIENTED_EDGE('',*,*,#2105,.F.);
#1236=ORIENTED_EDGE('',*,*,#2107,.T.);
#1237=ORIENTED_EDGE('',*,*,#2110,.T.);
#1238=ORIENTED_EDGE('',*,*,#2111,.T.);
#1239=ORIENTED_EDGE('',*,*,#2112,.T.);
#1240=ORIENTED_EDGE('',*,*,#2113,.F.);
#1241=ORIENTED_EDGE('',*,*,#2114,.T.);
#1242=ORIENTED_EDGE('',*,*,#2115,.T.);
#1243=ORIENTED_EDGE('',*,*,#1972,.T.);
#1244=ORIENTED_EDGE('',*,*,#2116,.F.);
#1245=ORIENTED_EDGE('',*,*,#2117,.F.);
#1246=ORIENTED_EDGE('',*,*,#2118,.T.);
#1247=ORIENTED_EDGE('',*,*,#1916,.T.);
#1248=ORIENTED_EDGE('',*,*,#2119,.F.);
#1249=ORIENTED_EDGE('',*,*,#2120,.T.);
#1250=ORIENTED_EDGE('',*,*,#2121,.T.);
#1251=ORIENTED_EDGE('',*,*,#2001,.T.);
#1252=ORIENTED_EDGE('',*,*,#2122,.F.);
#1253=ORIENTED_EDGE('',*,*,#2123,.T.);
#1254=ORIENTED_EDGE('',*,*,#2124,.T.);
#1255=ORIENTED_EDGE('',*,*,#2005,.T.);
#1256=ORIENTED_EDGE('',*,*,#2125,.F.);
#1257=ORIENTED_EDGE('',*,*,#1917,.F.);
#1258=ORIENTED_EDGE('',*,*,#2118,.F.);
#1259=ORIENTED_EDGE('',*,*,#2126,.T.);
#1260=ORIENTED_EDGE('',*,*,#2127,.T.);
#1261=ORIENTED_EDGE('',*,*,#1971,.T.);
#1262=ORIENTED_EDGE('',*,*,#2128,.F.);
#1263=ORIENTED_EDGE('',*,*,#2129,.F.);
#1264=ORIENTED_EDGE('',*,*,#2116,.T.);
#1265=ORIENTED_EDGE('',*,*,#2130,.F.);
#1266=ORIENTED_EDGE('',*,*,#1970,.F.);
#1267=ORIENTED_EDGE('',*,*,#2131,.F.);
#1268=ORIENTED_EDGE('',*,*,#2132,.T.);
#1269=ORIENTED_EDGE('',*,*,#2128,.T.);
#1270=ORIENTED_EDGE('',*,*,#1969,.T.);
#1271=ORIENTED_EDGE('',*,*,#2133,.F.);
#1272=ORIENTED_EDGE('',*,*,#2134,.F.);
#1273=ORIENTED_EDGE('',*,*,#2131,.T.);
#1274=ORIENTED_EDGE('',*,*,#2135,.T.);
#1275=ORIENTED_EDGE('',*,*,#1968,.T.);
#1276=ORIENTED_EDGE('',*,*,#2136,.F.);
#1277=ORIENTED_EDGE('',*,*,#2137,.F.);
#1278=ORIENTED_EDGE('',*,*,#2133,.T.);
#1279=ORIENTED_EDGE('',*,*,#1967,.T.);
#1280=ORIENTED_EDGE('',*,*,#2138,.F.);
#1281=ORIENTED_EDGE('',*,*,#2139,.F.);
#1282=ORIENTED_EDGE('',*,*,#2136,.T.);
#1283=ORIENTED_EDGE('',*,*,#2140,.F.);
#1284=ORIENTED_EDGE('',*,*,#2141,.F.);
#1285=ORIENTED_EDGE('',*,*,#2142,.F.);
#1286=ORIENTED_EDGE('',*,*,#2143,.T.);
#1287=ORIENTED_EDGE('',*,*,#1918,.F.);
#1288=ORIENTED_EDGE('',*,*,#2127,.F.);
#1289=ORIENTED_EDGE('',*,*,#2144,.T.);
#1290=ORIENTED_EDGE('',*,*,#2138,.T.);
#1291=ORIENTED_EDGE('',*,*,#1966,.F.);
#1292=ORIENTED_EDGE('',*,*,#2145,.F.);
#1293=ORIENTED_EDGE('',*,*,#2146,.F.);
#1294=ORIENTED_EDGE('',*,*,#2147,.T.);
#1295=ORIENTED_EDGE('',*,*,#2007,.F.);
#1296=ORIENTED_EDGE('',*,*,#2126,.F.);
#1297=ORIENTED_EDGE('',*,*,#2117,.T.);
#1298=ORIENTED_EDGE('',*,*,#2129,.T.);
#1299=ORIENTED_EDGE('',*,*,#2132,.F.);
#1300=ORIENTED_EDGE('',*,*,#2134,.T.);
#1301=ORIENTED_EDGE('',*,*,#2137,.T.);
#1302=ORIENTED_EDGE('',*,*,#2139,.T.);
#1303=ORIENTED_EDGE('',*,*,#2144,.F.);
#1304=ORIENTED_EDGE('',*,*,#2148,.T.);
#1305=ORIENTED_EDGE('',*,*,#2149,.F.);
#1306=ORIENTED_EDGE('',*,*,#2150,.T.);
#1307=ORIENTED_EDGE('',*,*,#2151,.T.);
#1308=ORIENTED_EDGE('',*,*,#1964,.T.);
#1309=ORIENTED_EDGE('',*,*,#2152,.F.);
#1310=ORIENTED_EDGE('',*,*,#2153,.F.);
#1311=ORIENTED_EDGE('',*,*,#2154,.T.);
#1312=ORIENTED_EDGE('',*,*,#1920,.T.);
#1313=ORIENTED_EDGE('',*,*,#2155,.F.);
#1314=ORIENTED_EDGE('',*,*,#2156,.T.);
#1315=ORIENTED_EDGE('',*,*,#2157,.T.);
#1316=ORIENTED_EDGE('',*,*,#2009,.T.);
#1317=ORIENTED_EDGE('',*,*,#2158,.T.);
#1318=ORIENTED_EDGE('',*,*,#1960,.T.);
#1319=ORIENTED_EDGE('',*,*,#2159,.F.);
#1320=ORIENTED_EDGE('',*,*,#2160,.F.);
#1321=ORIENTED_EDGE('',*,*,#2161,.T.);
#1322=ORIENTED_EDGE('',*,*,#1959,.T.);
#1323=ORIENTED_EDGE('',*,*,#2162,.F.);
#1324=ORIENTED_EDGE('',*,*,#2163,.F.);
#1325=ORIENTED_EDGE('',*,*,#2159,.T.);
#1326=ORIENTED_EDGE('',*,*,#2164,.F.);
#1327=ORIENTED_EDGE('',*,*,#2165,.F.);
#1328=ORIENTED_EDGE('',*,*,#2166,.F.);
#1329=ORIENTED_EDGE('',*,*,#2167,.T.);
#1330=ORIENTED_EDGE('',*,*,#1922,.F.);
#1331=ORIENTED_EDGE('',*,*,#2168,.F.);
#1332=ORIENTED_EDGE('',*,*,#2169,.T.);
#1333=ORIENTED_EDGE('',*,*,#2162,.T.);
#1334=ORIENTED_EDGE('',*,*,#1958,.F.);
#1335=ORIENTED_EDGE('',*,*,#2170,.F.);
#1336=ORIENTED_EDGE('',*,*,#2171,.F.);
#1337=ORIENTED_EDGE('',*,*,#2172,.T.);
#1338=ORIENTED_EDGE('',*,*,#2015,.F.);
#1339=ORIENTED_EDGE('',*,*,#2173,.F.);
#1340=ORIENTED_EDGE('',*,*,#2174,.F.);
#1341=ORIENTED_EDGE('',*,*,#2175,.T.);
#1342=ORIENTED_EDGE('',*,*,#2011,.F.);
#1343=ORIENTED_EDGE('',*,*,#2176,.F.);
#1344=ORIENTED_EDGE('',*,*,#1921,.F.);
#1345=ORIENTED_EDGE('',*,*,#2154,.F.);
#1346=ORIENTED_EDGE('',*,*,#2177,.T.);
#1347=ORIENTED_EDGE('',*,*,#2168,.T.);
#1348=ORIENTED_EDGE('',*,*,#1963,.T.);
#1349=ORIENTED_EDGE('',*,*,#2178,.F.);
#1350=ORIENTED_EDGE('',*,*,#2179,.F.);
#1351=ORIENTED_EDGE('',*,*,#2152,.T.);
#1352=ORIENTED_EDGE('',*,*,#2180,.F.);
#1353=ORIENTED_EDGE('',*,*,#1962,.F.);
#1354=ORIENTED_EDGE('',*,*,#2181,.F.);
#1355=ORIENTED_EDGE('',*,*,#2182,.T.);
#1356=ORIENTED_EDGE('',*,*,#2178,.T.);
#1357=ORIENTED_EDGE('',*,*,#1961,.T.);
#1358=ORIENTED_EDGE('',*,*,#2161,.F.);
#1359=ORIENTED_EDGE('',*,*,#2183,.F.);
#1360=ORIENTED_EDGE('',*,*,#2181,.T.);
#1361=ORIENTED_EDGE('',*,*,#2160,.T.);
#1362=ORIENTED_EDGE('',*,*,#2163,.T.);
#1363=ORIENTED_EDGE('',*,*,#2169,.F.);
#1364=ORIENTED_EDGE('',*,*,#2177,.F.);
#1365=ORIENTED_EDGE('',*,*,#2153,.T.);
#1366=ORIENTED_EDGE('',*,*,#2179,.T.);
#1367=ORIENTED_EDGE('',*,*,#2182,.F.);
#1368=ORIENTED_EDGE('',*,*,#2183,.T.);
#1369=ORIENTED_EDGE('',*,*,#2184,.T.);
#1370=ORIENTED_EDGE('',*,*,#2185,.F.);
#1371=ORIENTED_EDGE('',*,*,#2186,.T.);
#1372=ORIENTED_EDGE('',*,*,#2187,.T.);
#1373=ORIENTED_EDGE('',*,*,#1956,.T.);
#1374=ORIENTED_EDGE('',*,*,#2188,.F.);
#1375=ORIENTED_EDGE('',*,*,#2189,.F.);
#1376=ORIENTED_EDGE('',*,*,#2190,.T.);
#1377=ORIENTED_EDGE('',*,*,#1924,.T.);
#1378=ORIENTED_EDGE('',*,*,#2191,.F.);
#1379=ORIENTED_EDGE('',*,*,#2192,.T.);
#1380=ORIENTED_EDGE('',*,*,#2193,.T.);
#1381=ORIENTED_EDGE('',*,*,#2013,.T.);
#1382=ORIENTED_EDGE('',*,*,#2194,.F.);
#1383=ORIENTED_EDGE('',*,*,#2195,.T.);
#1384=ORIENTED_EDGE('',*,*,#2196,.T.);
#1385=ORIENTED_EDGE('',*,*,#2017,.T.);
#1386=ORIENTED_EDGE('',*,*,#2197,.F.);
#1387=ORIENTED_EDGE('',*,*,#2198,.F.);
#1388=ORIENTED_EDGE('',*,*,#2199,.F.);
#1389=ORIENTED_EDGE('',*,*,#2200,.T.);
#1390=ORIENTED_EDGE('',*,*,#1926,.F.);
#1391=ORIENTED_EDGE('',*,*,#2201,.F.);
#1392=ORIENTED_EDGE('',*,*,#2202,.T.);
#1393=ORIENTED_EDGE('',*,*,#2203,.T.);
#1394=ORIENTED_EDGE('',*,*,#1950,.F.);
#1395=ORIENTED_EDGE('',*,*,#2204,.F.);
#1396=ORIENTED_EDGE('',*,*,#2205,.F.);
#1397=ORIENTED_EDGE('',*,*,#2206,.T.);
#1398=ORIENTED_EDGE('',*,*,#2023,.F.);
#1399=ORIENTED_EDGE('',*,*,#2207,.F.);
#1400=ORIENTED_EDGE('',*,*,#2208,.F.);
#1401=ORIENTED_EDGE('',*,*,#2209,.T.);
#1402=ORIENTED_EDGE('',*,*,#2019,.F.);
#1403=ORIENTED_EDGE('',*,*,#2210,.F.);
#1404=ORIENTED_EDGE('',*,*,#1925,.F.);
#1405=ORIENTED_EDGE('',*,*,#2190,.F.);
#1406=ORIENTED_EDGE('',*,*,#2211,.T.);
#1407=ORIENTED_EDGE('',*,*,#2201,.T.);
#1408=ORIENTED_EDGE('',*,*,#1955,.T.);
#1409=ORIENTED_EDGE('',*,*,#2212,.F.);
#1410=ORIENTED_EDGE('',*,*,#2213,.F.);
#1411=ORIENTED_EDGE('',*,*,#2188,.T.);
#1412=ORIENTED_EDGE('',*,*,#2214,.F.);
#1413=ORIENTED_EDGE('',*,*,#1954,.F.);
#1414=ORIENTED_EDGE('',*,*,#2215,.F.);
#1415=ORIENTED_EDGE('',*,*,#2216,.T.);
#1416=ORIENTED_EDGE('',*,*,#2212,.T.);
#1417=ORIENTED_EDGE('',*,*,#1953,.T.);
#1418=ORIENTED_EDGE('',*,*,#2217,.F.);
#1419=ORIENTED_EDGE('',*,*,#2218,.F.);
#1420=ORIENTED_EDGE('',*,*,#2215,.T.);
#1421=ORIENTED_EDGE('',*,*,#2219,.T.);
#1422=ORIENTED_EDGE('',*,*,#1952,.T.);
#1423=ORIENTED_EDGE('',*,*,#2220,.F.);
#1424=ORIENTED_EDGE('',*,*,#2221,.F.);
#1425=ORIENTED_EDGE('',*,*,#2217,.T.);
#1426=ORIENTED_EDGE('',*,*,#1951,.T.);
#1427=ORIENTED_EDGE('',*,*,#2203,.F.);
#1428=ORIENTED_EDGE('',*,*,#2222,.F.);
#1429=ORIENTED_EDGE('',*,*,#2220,.T.);
#1430=ORIENTED_EDGE('',*,*,#2202,.F.);
#1431=ORIENTED_EDGE('',*,*,#2211,.F.);
#1432=ORIENTED_EDGE('',*,*,#2189,.T.);
#1433=ORIENTED_EDGE('',*,*,#2213,.T.);
#1434=ORIENTED_EDGE('',*,*,#2216,.F.);
#1435=ORIENTED_EDGE('',*,*,#2218,.T.);
#1436=ORIENTED_EDGE('',*,*,#2221,.T.);
#1437=ORIENTED_EDGE('',*,*,#2222,.T.);
#1438=ORIENTED_EDGE('',*,*,#2223,.T.);
#1439=ORIENTED_EDGE('',*,*,#2224,.F.);
#1440=ORIENTED_EDGE('',*,*,#2225,.T.);
#1441=ORIENTED_EDGE('',*,*,#2226,.T.);
#1442=ORIENTED_EDGE('',*,*,#1948,.T.);
#1443=ORIENTED_EDGE('',*,*,#2227,.F.);
#1444=ORIENTED_EDGE('',*,*,#2228,.F.);
#1445=ORIENTED_EDGE('',*,*,#2229,.T.);
#1446=ORIENTED_EDGE('',*,*,#1928,.T.);
#1447=ORIENTED_EDGE('',*,*,#2230,.F.);
#1448=ORIENTED_EDGE('',*,*,#2231,.T.);
#1449=ORIENTED_EDGE('',*,*,#2232,.T.);
#1450=ORIENTED_EDGE('',*,*,#2021,.T.);
#1451=ORIENTED_EDGE('',*,*,#2233,.F.);
#1452=ORIENTED_EDGE('',*,*,#2234,.T.);
#1453=ORIENTED_EDGE('',*,*,#2235,.T.);
#1454=ORIENTED_EDGE('',*,*,#2025,.T.);
#1455=ORIENTED_EDGE('',*,*,#2236,.F.);
#1456=ORIENTED_EDGE('',*,*,#2237,.F.);
#1457=ORIENTED_EDGE('',*,*,#2238,.F.);
#1458=ORIENTED_EDGE('',*,*,#2239,.T.);
#1459=ORIENTED_EDGE('',*,*,#1930,.F.);
#1460=ORIENTED_EDGE('',*,*,#2240,.F.);
#1461=ORIENTED_EDGE('',*,*,#2241,.T.);
#1462=ORIENTED_EDGE('',*,*,#2242,.T.);
#1463=ORIENTED_EDGE('',*,*,#1942,.F.);
#1464=ORIENTED_EDGE('',*,*,#2243,.F.);
#1465=ORIENTED_EDGE('',*,*,#2244,.F.);
#1466=ORIENTED_EDGE('',*,*,#2245,.T.);
#1467=ORIENTED_EDGE('',*,*,#2031,.F.);
#1468=ORIENTED_EDGE('',*,*,#2246,.F.);
#1469=ORIENTED_EDGE('',*,*,#2247,.F.);
#1470=ORIENTED_EDGE('',*,*,#2248,.T.);
#1471=ORIENTED_EDGE('',*,*,#2027,.F.);
#1472=ORIENTED_EDGE('',*,*,#2249,.F.);
#1473=ORIENTED_EDGE('',*,*,#1929,.F.);
#1474=ORIENTED_EDGE('',*,*,#2229,.F.);
#1475=ORIENTED_EDGE('',*,*,#2250,.T.);
#1476=ORIENTED_EDGE('',*,*,#2240,.T.);
#1477=ORIENTED_EDGE('',*,*,#1947,.T.);
#1478=ORIENTED_EDGE('',*,*,#2251,.F.);
#1479=ORIENTED_EDGE('',*,*,#2252,.F.);
#1480=ORIENTED_EDGE('',*,*,#2227,.T.);
#1481=ORIENTED_EDGE('',*,*,#2253,.F.);
#1482=ORIENTED_EDGE('',*,*,#1946,.F.);
#1483=ORIENTED_EDGE('',*,*,#2254,.F.);
#1484=ORIENTED_EDGE('',*,*,#2255,.T.);
#1485=ORIENTED_EDGE('',*,*,#2251,.T.);
#1486=ORIENTED_EDGE('',*,*,#1945,.T.);
#1487=ORIENTED_EDGE('',*,*,#2256,.F.);
#1488=ORIENTED_EDGE('',*,*,#2257,.F.);
#1489=ORIENTED_EDGE('',*,*,#2254,.T.);
#1490=ORIENTED_EDGE('',*,*,#2258,.T.);
#1491=ORIENTED_EDGE('',*,*,#1944,.T.);
#1492=ORIENTED_EDGE('',*,*,#2259,.F.);
#1493=ORIENTED_EDGE('',*,*,#2260,.F.);
#1494=ORIENTED_EDGE('',*,*,#2256,.T.);
#1495=ORIENTED_EDGE('',*,*,#1943,.T.);
#1496=ORIENTED_EDGE('',*,*,#2242,.F.);
#1497=ORIENTED_EDGE('',*,*,#2261,.F.);
#1498=ORIENTED_EDGE('',*,*,#2259,.T.);
#1499=ORIENTED_EDGE('',*,*,#2241,.F.);
#1500=ORIENTED_EDGE('',*,*,#2250,.F.);
#1501=ORIENTED_EDGE('',*,*,#2228,.T.);
#1502=ORIENTED_EDGE('',*,*,#2252,.T.);
#1503=ORIENTED_EDGE('',*,*,#2255,.F.);
#1504=ORIENTED_EDGE('',*,*,#2257,.T.);
#1505=ORIENTED_EDGE('',*,*,#2260,.T.);
#1506=ORIENTED_EDGE('',*,*,#2261,.T.);
#1507=ORIENTED_EDGE('',*,*,#2262,.T.);
#1508=ORIENTED_EDGE('',*,*,#2263,.F.);
#1509=ORIENTED_EDGE('',*,*,#2264,.T.);
#1510=ORIENTED_EDGE('',*,*,#2265,.T.);
#1511=ORIENTED_EDGE('',*,*,#1940,.T.);
#1512=ORIENTED_EDGE('',*,*,#2266,.F.);
#1513=ORIENTED_EDGE('',*,*,#2267,.F.);
#1514=ORIENTED_EDGE('',*,*,#2268,.T.);
#1515=ORIENTED_EDGE('',*,*,#1932,.T.);
#1516=ORIENTED_EDGE('',*,*,#2269,.F.);
#1517=ORIENTED_EDGE('',*,*,#2270,.T.);
#1518=ORIENTED_EDGE('',*,*,#2271,.T.);
#1519=ORIENTED_EDGE('',*,*,#2029,.T.);
#1520=ORIENTED_EDGE('',*,*,#2272,.F.);
#1521=ORIENTED_EDGE('',*,*,#2273,.T.);
#1522=ORIENTED_EDGE('',*,*,#2274,.T.);
#1523=ORIENTED_EDGE('',*,*,#2033,.T.);
#1524=ORIENTED_EDGE('',*,*,#2275,.F.);
#1525=ORIENTED_EDGE('',*,*,#1934,.F.);
#1526=ORIENTED_EDGE('',*,*,#2276,.F.);
#1527=ORIENTED_EDGE('',*,*,#2277,.T.);
#1528=ORIENTED_EDGE('',*,*,#2278,.T.);
#1529=ORIENTED_EDGE('',*,*,#2279,.F.);
#1530=ORIENTED_EDGE('',*,*,#1933,.F.);
#1531=ORIENTED_EDGE('',*,*,#2268,.F.);
#1532=ORIENTED_EDGE('',*,*,#2280,.T.);
#1533=ORIENTED_EDGE('',*,*,#2276,.T.);
#1534=ORIENTED_EDGE('',*,*,#1939,.T.);
#1535=ORIENTED_EDGE('',*,*,#2281,.F.);
#1536=ORIENTED_EDGE('',*,*,#2282,.F.);
#1537=ORIENTED_EDGE('',*,*,#2266,.T.);
#1538=ORIENTED_EDGE('',*,*,#2283,.F.);
#1539=ORIENTED_EDGE('',*,*,#1938,.F.);
#1540=ORIENTED_EDGE('',*,*,#2284,.F.);
#1541=ORIENTED_EDGE('',*,*,#2285,.T.);
#1542=ORIENTED_EDGE('',*,*,#2281,.T.);
#1543=ORIENTED_EDGE('',*,*,#1937,.T.);
#1544=ORIENTED_EDGE('',*,*,#2286,.F.);
#1545=ORIENTED_EDGE('',*,*,#2287,.F.);
#1546=ORIENTED_EDGE('',*,*,#2284,.T.);
#1547=ORIENTED_EDGE('',*,*,#2288,.T.);
#1548=ORIENTED_EDGE('',*,*,#1936,.T.);
#1549=ORIENTED_EDGE('',*,*,#2289,.F.);
#1550=ORIENTED_EDGE('',*,*,#2290,.F.);
#1551=ORIENTED_EDGE('',*,*,#2286,.T.);
#1552=ORIENTED_EDGE('',*,*,#1935,.T.);
#1553=ORIENTED_EDGE('',*,*,#2278,.F.);
#1554=ORIENTED_EDGE('',*,*,#2291,.F.);
#1555=ORIENTED_EDGE('',*,*,#2289,.T.);
#1556=ORIENTED_EDGE('',*,*,#2277,.F.);
#1557=ORIENTED_EDGE('',*,*,#2280,.F.);
#1558=ORIENTED_EDGE('',*,*,#2267,.T.);
#1559=ORIENTED_EDGE('',*,*,#2282,.T.);
#1560=ORIENTED_EDGE('',*,*,#2285,.F.);
#1561=ORIENTED_EDGE('',*,*,#2287,.T.);
#1562=ORIENTED_EDGE('',*,*,#2290,.T.);
#1563=ORIENTED_EDGE('',*,*,#2291,.T.);
#1564=ORIENTED_EDGE('',*,*,#1931,.F.);
#1565=ORIENTED_EDGE('',*,*,#2239,.F.);
#1566=ORIENTED_EDGE('',*,*,#2292,.T.);
#1567=ORIENTED_EDGE('',*,*,#2269,.T.);
#1568=ORIENTED_EDGE('',*,*,#2026,.T.);
#1569=ORIENTED_EDGE('',*,*,#2271,.F.);
#1570=ORIENTED_EDGE('',*,*,#2293,.F.);
#1571=ORIENTED_EDGE('',*,*,#2237,.T.);
#1572=ORIENTED_EDGE('',*,*,#2292,.F.);
#1573=ORIENTED_EDGE('',*,*,#2238,.T.);
#1574=ORIENTED_EDGE('',*,*,#2293,.T.);
#1575=ORIENTED_EDGE('',*,*,#2270,.F.);
#1576=ORIENTED_EDGE('',*,*,#2028,.F.);
#1577=ORIENTED_EDGE('',*,*,#2248,.F.);
#1578=ORIENTED_EDGE('',*,*,#2294,.T.);
#1579=ORIENTED_EDGE('',*,*,#2272,.T.);
#1580=ORIENTED_EDGE('',*,*,#2030,.T.);
#1581=ORIENTED_EDGE('',*,*,#2274,.F.);
#1582=ORIENTED_EDGE('',*,*,#2295,.F.);
#1583=ORIENTED_EDGE('',*,*,#2246,.T.);
#1584=ORIENTED_EDGE('',*,*,#2294,.F.);
#1585=ORIENTED_EDGE('',*,*,#2247,.T.);
#1586=ORIENTED_EDGE('',*,*,#2295,.T.);
#1587=ORIENTED_EDGE('',*,*,#2273,.F.);
#1588=ORIENTED_EDGE('',*,*,#2032,.F.);
#1589=ORIENTED_EDGE('',*,*,#2245,.F.);
#1590=ORIENTED_EDGE('',*,*,#2296,.T.);
#1591=ORIENTED_EDGE('',*,*,#2263,.T.);
#1592=ORIENTED_EDGE('',*,*,#1941,.T.);
#1593=ORIENTED_EDGE('',*,*,#2265,.F.);
#1594=ORIENTED_EDGE('',*,*,#2297,.F.);
#1595=ORIENTED_EDGE('',*,*,#2243,.T.);
#1596=ORIENTED_EDGE('',*,*,#2296,.F.);
#1597=ORIENTED_EDGE('',*,*,#2244,.T.);
#1598=ORIENTED_EDGE('',*,*,#2297,.T.);
#1599=ORIENTED_EDGE('',*,*,#2264,.F.);
#1600=ORIENTED_EDGE('',*,*,#1927,.F.);
#1601=ORIENTED_EDGE('',*,*,#2200,.F.);
#1602=ORIENTED_EDGE('',*,*,#2298,.T.);
#1603=ORIENTED_EDGE('',*,*,#2230,.T.);
#1604=ORIENTED_EDGE('',*,*,#2018,.T.);
#1605=ORIENTED_EDGE('',*,*,#2232,.F.);
#1606=ORIENTED_EDGE('',*,*,#2299,.F.);
#1607=ORIENTED_EDGE('',*,*,#2198,.T.);
#1608=ORIENTED_EDGE('',*,*,#2231,.F.);
#1609=ORIENTED_EDGE('',*,*,#2298,.F.);
#1610=ORIENTED_EDGE('',*,*,#2199,.T.);
#1611=ORIENTED_EDGE('',*,*,#2299,.T.);
#1612=ORIENTED_EDGE('',*,*,#2020,.F.);
#1613=ORIENTED_EDGE('',*,*,#2209,.F.);
#1614=ORIENTED_EDGE('',*,*,#2300,.T.);
#1615=ORIENTED_EDGE('',*,*,#2233,.T.);
#1616=ORIENTED_EDGE('',*,*,#2022,.T.);
#1617=ORIENTED_EDGE('',*,*,#2235,.F.);
#1618=ORIENTED_EDGE('',*,*,#2301,.F.);
#1619=ORIENTED_EDGE('',*,*,#2207,.T.);
#1620=ORIENTED_EDGE('',*,*,#2300,.F.);
#1621=ORIENTED_EDGE('',*,*,#2208,.T.);
#1622=ORIENTED_EDGE('',*,*,#2301,.T.);
#1623=ORIENTED_EDGE('',*,*,#2234,.F.);
#1624=ORIENTED_EDGE('',*,*,#2024,.F.);
#1625=ORIENTED_EDGE('',*,*,#2206,.F.);
#1626=ORIENTED_EDGE('',*,*,#2302,.T.);
#1627=ORIENTED_EDGE('',*,*,#2224,.T.);
#1628=ORIENTED_EDGE('',*,*,#1949,.T.);
#1629=ORIENTED_EDGE('',*,*,#2226,.F.);
#1630=ORIENTED_EDGE('',*,*,#2303,.F.);
#1631=ORIENTED_EDGE('',*,*,#2204,.T.);
#1632=ORIENTED_EDGE('',*,*,#2225,.F.);
#1633=ORIENTED_EDGE('',*,*,#2302,.F.);
#1634=ORIENTED_EDGE('',*,*,#2205,.T.);
#1635=ORIENTED_EDGE('',*,*,#2303,.T.);
#1636=ORIENTED_EDGE('',*,*,#1923,.F.);
#1637=ORIENTED_EDGE('',*,*,#2167,.F.);
#1638=ORIENTED_EDGE('',*,*,#2304,.T.);
#1639=ORIENTED_EDGE('',*,*,#2191,.T.);
#1640=ORIENTED_EDGE('',*,*,#2010,.T.);
#1641=ORIENTED_EDGE('',*,*,#2193,.F.);
#1642=ORIENTED_EDGE('',*,*,#2305,.F.);
#1643=ORIENTED_EDGE('',*,*,#2165,.T.);
#1644=ORIENTED_EDGE('',*,*,#2192,.F.);
#1645=ORIENTED_EDGE('',*,*,#2304,.F.);
#1646=ORIENTED_EDGE('',*,*,#2166,.T.);
#1647=ORIENTED_EDGE('',*,*,#2305,.T.);
#1648=ORIENTED_EDGE('',*,*,#2012,.F.);
#1649=ORIENTED_EDGE('',*,*,#2175,.F.);
#1650=ORIENTED_EDGE('',*,*,#2306,.T.);
#1651=ORIENTED_EDGE('',*,*,#2194,.T.);
#1652=ORIENTED_EDGE('',*,*,#2014,.T.);
#1653=ORIENTED_EDGE('',*,*,#2196,.F.);
#1654=ORIENTED_EDGE('',*,*,#2307,.F.);
#1655=ORIENTED_EDGE('',*,*,#2173,.T.);
#1656=ORIENTED_EDGE('',*,*,#2306,.F.);
#1657=ORIENTED_EDGE('',*,*,#2174,.T.);
#1658=ORIENTED_EDGE('',*,*,#2307,.T.);
#1659=ORIENTED_EDGE('',*,*,#2195,.F.);
#1660=ORIENTED_EDGE('',*,*,#2016,.F.);
#1661=ORIENTED_EDGE('',*,*,#2172,.F.);
#1662=ORIENTED_EDGE('',*,*,#2308,.T.);
#1663=ORIENTED_EDGE('',*,*,#2185,.T.);
#1664=ORIENTED_EDGE('',*,*,#1957,.T.);
#1665=ORIENTED_EDGE('',*,*,#2187,.F.);
#1666=ORIENTED_EDGE('',*,*,#2309,.F.);
#1667=ORIENTED_EDGE('',*,*,#2170,.T.);
#1668=ORIENTED_EDGE('',*,*,#2308,.F.);
#1669=ORIENTED_EDGE('',*,*,#2171,.T.);
#1670=ORIENTED_EDGE('',*,*,#2309,.T.);
#1671=ORIENTED_EDGE('',*,*,#2186,.F.);
#1672=ORIENTED_EDGE('',*,*,#1919,.F.);
#1673=ORIENTED_EDGE('',*,*,#2143,.F.);
#1674=ORIENTED_EDGE('',*,*,#2310,.T.);
#1675=ORIENTED_EDGE('',*,*,#2155,.T.);
#1676=ORIENTED_EDGE('',*,*,#2006,.T.);
#1677=ORIENTED_EDGE('',*,*,#2157,.F.);
#1678=ORIENTED_EDGE('',*,*,#2311,.F.);
#1679=ORIENTED_EDGE('',*,*,#2141,.T.);
#1680=ORIENTED_EDGE('',*,*,#2310,.F.);
#1681=ORIENTED_EDGE('',*,*,#2142,.T.);
#1682=ORIENTED_EDGE('',*,*,#2311,.T.);
#1683=ORIENTED_EDGE('',*,*,#2156,.F.);
#1684=ORIENTED_EDGE('',*,*,#2008,.F.);
#1685=ORIENTED_EDGE('',*,*,#2147,.F.);
#1686=ORIENTED_EDGE('',*,*,#2312,.T.);
#1687=ORIENTED_EDGE('',*,*,#2149,.T.);
#1688=ORIENTED_EDGE('',*,*,#1965,.T.);
#1689=ORIENTED_EDGE('',*,*,#2151,.F.);
#1690=ORIENTED_EDGE('',*,*,#2313,.F.);
#1691=ORIENTED_EDGE('',*,*,#2145,.T.);
#1692=ORIENTED_EDGE('',*,*,#2312,.F.);
#1693=ORIENTED_EDGE('',*,*,#2146,.T.);
#1694=ORIENTED_EDGE('',*,*,#2313,.T.);
#1695=ORIENTED_EDGE('',*,*,#2150,.F.);
#1696=ORIENTED_EDGE('',*,*,#1915,.F.);
#1697=ORIENTED_EDGE('',*,*,#2089,.F.);
#1698=ORIENTED_EDGE('',*,*,#2314,.T.);
#1699=ORIENTED_EDGE('',*,*,#2119,.T.);
#1700=ORIENTED_EDGE('',*,*,#1998,.T.);
#1701=ORIENTED_EDGE('',*,*,#2121,.F.);
#1702=ORIENTED_EDGE('',*,*,#2315,.F.);
#1703=ORIENTED_EDGE('',*,*,#2087,.T.);
#1704=ORIENTED_EDGE('',*,*,#2120,.F.);
#1705=ORIENTED_EDGE('',*,*,#2314,.F.);
#1706=ORIENTED_EDGE('',*,*,#2088,.T.);
#1707=ORIENTED_EDGE('',*,*,#2315,.T.);
#1708=ORIENTED_EDGE('',*,*,#2000,.F.);
#1709=ORIENTED_EDGE('',*,*,#2098,.F.);
#1710=ORIENTED_EDGE('',*,*,#2316,.T.);
#1711=ORIENTED_EDGE('',*,*,#2122,.T.);
#1712=ORIENTED_EDGE('',*,*,#2002,.T.);
#1713=ORIENTED_EDGE('',*,*,#2124,.F.);
#1714=ORIENTED_EDGE('',*,*,#2317,.F.);
#1715=ORIENTED_EDGE('',*,*,#2096,.T.);
#1716=ORIENTED_EDGE('',*,*,#2123,.F.);
#1717=ORIENTED_EDGE('',*,*,#2316,.F.);
#1718=ORIENTED_EDGE('',*,*,#2097,.T.);
#1719=ORIENTED_EDGE('',*,*,#2317,.T.);
#1720=ORIENTED_EDGE('',*,*,#2004,.F.);
#1721=ORIENTED_EDGE('',*,*,#2095,.F.);
#1722=ORIENTED_EDGE('',*,*,#2318,.T.);
#1723=ORIENTED_EDGE('',*,*,#2113,.T.);
#1724=ORIENTED_EDGE('',*,*,#1973,.T.);
#1725=ORIENTED_EDGE('',*,*,#2115,.F.);
#1726=ORIENTED_EDGE('',*,*,#2319,.F.);
#1727=ORIENTED_EDGE('',*,*,#2093,.T.);
#1728=ORIENTED_EDGE('',*,*,#2114,.F.);
#1729=ORIENTED_EDGE('',*,*,#2318,.F.);
#1730=ORIENTED_EDGE('',*,*,#2094,.T.);
#1731=ORIENTED_EDGE('',*,*,#2319,.T.);
#1732=ORIENTED_EDGE('',*,*,#1911,.F.);
#1733=ORIENTED_EDGE('',*,*,#2050,.F.);
#1734=ORIENTED_EDGE('',*,*,#2320,.T.);
#1735=ORIENTED_EDGE('',*,*,#2080,.T.);
#1736=ORIENTED_EDGE('',*,*,#1990,.T.);
#1737=ORIENTED_EDGE('',*,*,#2082,.F.);
#1738=ORIENTED_EDGE('',*,*,#2321,.F.);
#1739=ORIENTED_EDGE('',*,*,#2048,.T.);
#1740=ORIENTED_EDGE('',*,*,#2081,.F.);
#1741=ORIENTED_EDGE('',*,*,#2320,.F.);
#1742=ORIENTED_EDGE('',*,*,#2049,.T.);
#1743=ORIENTED_EDGE('',*,*,#2321,.T.);
#1744=ORIENTED_EDGE('',*,*,#1992,.F.);
#1745=ORIENTED_EDGE('',*,*,#2059,.F.);
#1746=ORIENTED_EDGE('',*,*,#2322,.T.);
#1747=ORIENTED_EDGE('',*,*,#2083,.T.);
#1748=ORIENTED_EDGE('',*,*,#1994,.T.);
#1749=ORIENTED_EDGE('',*,*,#2085,.F.);
#1750=ORIENTED_EDGE('',*,*,#2323,.F.);
#1751=ORIENTED_EDGE('',*,*,#2057,.T.);
#1752=ORIENTED_EDGE('',*,*,#2084,.F.);
#1753=ORIENTED_EDGE('',*,*,#2322,.F.);
#1754=ORIENTED_EDGE('',*,*,#2058,.T.);
#1755=ORIENTED_EDGE('',*,*,#2323,.T.);
#1756=ORIENTED_EDGE('',*,*,#1996,.F.);
#1757=ORIENTED_EDGE('',*,*,#2056,.F.);
#1758=ORIENTED_EDGE('',*,*,#2324,.T.);
#1759=ORIENTED_EDGE('',*,*,#2074,.T.);
#1760=ORIENTED_EDGE('',*,*,#1981,.T.);
#1761=ORIENTED_EDGE('',*,*,#2076,.F.);
#1762=ORIENTED_EDGE('',*,*,#2325,.F.);
#1763=ORIENTED_EDGE('',*,*,#2054,.T.);
#1764=ORIENTED_EDGE('',*,*,#2075,.F.);
#1765=ORIENTED_EDGE('',*,*,#2324,.F.);
#1766=ORIENTED_EDGE('',*,*,#2055,.T.);
#1767=ORIENTED_EDGE('',*,*,#2325,.T.);
#1768=ORIENTED_EDGE('',*,*,#1907,.F.);
#1769=ORIENTED_EDGE('',*,*,#1863,.F.);
#1770=ORIENTED_EDGE('',*,*,#2326,.T.);
#1771=ORIENTED_EDGE('',*,*,#2041,.T.);
#1772=ORIENTED_EDGE('',*,*,#1901,.T.);
#1773=ORIENTED_EDGE('',*,*,#2043,.F.);
#1774=ORIENTED_EDGE('',*,*,#2327,.F.);
#1775=ORIENTED_EDGE('',*,*,#1861,.T.);
#1776=ORIENTED_EDGE('',*,*,#2042,.F.);
#1777=ORIENTED_EDGE('',*,*,#2326,.F.);
#1778=ORIENTED_EDGE('',*,*,#1862,.T.);
#1779=ORIENTED_EDGE('',*,*,#2327,.T.);
#1780=ORIENTED_EDGE('',*,*,#1902,.F.);
#1781=ORIENTED_EDGE('',*,*,#1875,.F.);
#1782=ORIENTED_EDGE('',*,*,#2328,.T.);
#1783=ORIENTED_EDGE('',*,*,#2044,.T.);
#1784=ORIENTED_EDGE('',*,*,#1904,.T.);
#1785=ORIENTED_EDGE('',*,*,#2046,.F.);
#1786=ORIENTED_EDGE('',*,*,#2329,.F.);
#1787=ORIENTED_EDGE('',*,*,#1873,.T.);
#1788=ORIENTED_EDGE('',*,*,#2045,.F.);
#1789=ORIENTED_EDGE('',*,*,#2328,.F.);
#1790=ORIENTED_EDGE('',*,*,#1874,.T.);
#1791=ORIENTED_EDGE('',*,*,#2329,.T.);
#1792=ORIENTED_EDGE('',*,*,#1905,.F.);
#1793=ORIENTED_EDGE('',*,*,#1871,.F.);
#1794=ORIENTED_EDGE('',*,*,#2330,.T.);
#1795=ORIENTED_EDGE('',*,*,#2035,.T.);
#1796=ORIENTED_EDGE('',*,*,#1989,.T.);
#1797=ORIENTED_EDGE('',*,*,#2037,.F.);
#1798=ORIENTED_EDGE('',*,*,#2331,.F.);
#1799=ORIENTED_EDGE('',*,*,#1869,.T.);
#1800=ORIENTED_EDGE('',*,*,#2036,.F.);
#1801=ORIENTED_EDGE('',*,*,#2330,.F.);
#1802=ORIENTED_EDGE('',*,*,#1870,.T.);
#1803=ORIENTED_EDGE('',*,*,#2331,.T.);
#1804=ORIENTED_EDGE('',*,*,#2332,.F.);
#1805=ORIENTED_EDGE('',*,*,#2279,.T.);
#1806=ORIENTED_EDGE('',*,*,#2332,.T.);
#1807=ORIENTED_EDGE('',*,*,#2333,.F.);
#1808=ORIENTED_EDGE('',*,*,#2249,.T.);
#1809=ORIENTED_EDGE('',*,*,#2333,.T.);
#1810=ORIENTED_EDGE('',*,*,#2334,.F.);
#1811=ORIENTED_EDGE('',*,*,#2210,.T.);
#1812=ORIENTED_EDGE('',*,*,#2334,.T.);
#1813=ORIENTED_EDGE('',*,*,#2335,.F.);
#1814=ORIENTED_EDGE('',*,*,#2176,.T.);
#1815=ORIENTED_EDGE('',*,*,#2335,.T.);
#1816=ORIENTED_EDGE('',*,*,#2336,.F.);
#1817=ORIENTED_EDGE('',*,*,#2125,.T.);
#1818=ORIENTED_EDGE('',*,*,#2336,.T.);
#1819=ORIENTED_EDGE('',*,*,#2337,.F.);
#1820=ORIENTED_EDGE('',*,*,#2099,.T.);
#1821=ORIENTED_EDGE('',*,*,#2337,.T.);
#1822=ORIENTED_EDGE('',*,*,#2338,.F.);
#1823=ORIENTED_EDGE('',*,*,#2060,.T.);
#1824=ORIENTED_EDGE('',*,*,#2338,.T.);
#1825=ORIENTED_EDGE('',*,*,#2339,.F.);
#1826=ORIENTED_EDGE('',*,*,#1877,.T.);
#1827=ORIENTED_EDGE('',*,*,#2339,.T.);
#1828=ORIENTED_EDGE('',*,*,#2275,.T.);
#1829=ORIENTED_EDGE('',*,*,#2288,.F.);
#1830=ORIENTED_EDGE('',*,*,#2283,.T.);
#1831=ORIENTED_EDGE('',*,*,#2262,.F.);
#1832=ORIENTED_EDGE('',*,*,#2236,.T.);
#1833=ORIENTED_EDGE('',*,*,#2258,.F.);
#1834=ORIENTED_EDGE('',*,*,#2253,.T.);
#1835=ORIENTED_EDGE('',*,*,#2223,.F.);
#1836=ORIENTED_EDGE('',*,*,#2197,.T.);
#1837=ORIENTED_EDGE('',*,*,#2219,.F.);
#1838=ORIENTED_EDGE('',*,*,#2214,.T.);
#1839=ORIENTED_EDGE('',*,*,#2184,.F.);
#1840=ORIENTED_EDGE('',*,*,#2180,.T.);
#1841=ORIENTED_EDGE('',*,*,#2148,.F.);
#1842=ORIENTED_EDGE('',*,*,#2164,.T.);
#1843=ORIENTED_EDGE('',*,*,#2158,.F.);
#1844=ORIENTED_EDGE('',*,*,#2140,.T.);
#1845=ORIENTED_EDGE('',*,*,#2135,.F.);
#1846=ORIENTED_EDGE('',*,*,#2130,.T.);
#1847=ORIENTED_EDGE('',*,*,#2112,.F.);
#1848=ORIENTED_EDGE('',*,*,#2086,.T.);
#1849=ORIENTED_EDGE('',*,*,#2108,.F.);
#1850=ORIENTED_EDGE('',*,*,#2103,.T.);
#1851=ORIENTED_EDGE('',*,*,#2073,.F.);
#1852=ORIENTED_EDGE('',*,*,#2047,.T.);
#1853=ORIENTED_EDGE('',*,*,#2069,.F.);
#1854=ORIENTED_EDGE('',*,*,#2064,.T.);
#1855=ORIENTED_EDGE('',*,*,#2034,.F.);
#1856=ORIENTED_EDGE('',*,*,#1860,.T.);
#1857=ORIENTED_EDGE('',*,*,#1895,.F.);
#1858=ORIENTED_EDGE('',*,*,#1888,.T.);
#1859=ORIENTED_EDGE('',*,*,#1881,.F.);
#1860=EDGE_CURVE('',#2340,#2340,#2676,.T.);
#1861=EDGE_CURVE('',#2341,#2342,#36,.T.);
#1862=EDGE_CURVE('',#2343,#2341,#37,.T.);
#1863=EDGE_CURVE('',#2343,#2344,#38,.T.);
#1864=EDGE_CURVE('',#2345,#2344,#39,.T.);
#1865=EDGE_CURVE('',#2346,#2345,#40,.T.);
#1866=EDGE_CURVE('',#2346,#2347,#41,.T.);
#1867=EDGE_CURVE('',#2347,#2348,#42,.T.);
#1868=EDGE_CURVE('',#2349,#2348,#43,.T.);
#1869=EDGE_CURVE('',#2350,#2349,#44,.T.);
#1870=EDGE_CURVE('',#2351,#2350,#45,.T.);
#1871=EDGE_CURVE('',#2351,#2352,#46,.T.);
#1872=EDGE_CURVE('',#2353,#2352,#47,.T.);
#1873=EDGE_CURVE('',#2354,#2353,#48,.T.);
#1874=EDGE_CURVE('',#2355,#2354,#49,.T.);
#1875=EDGE_CURVE('',#2355,#2356,#50,.T.);
#1876=EDGE_CURVE('',#2342,#2356,#51,.T.);
#1877=EDGE_CURVE('',#2357,#2357,#2677,.T.);
#1878=EDGE_CURVE('',#2358,#2345,#52,.T.);
#1879=EDGE_CURVE('',#2359,#2358,#53,.T.);
#1880=EDGE_CURVE('',#2359,#2346,#54,.T.);
#1881=EDGE_CURVE('',#2360,#2360,#2678,.T.);
#1882=EDGE_CURVE('',#2358,#2361,#55,.T.);
#1883=EDGE_CURVE('',#2362,#2361,#56,.T.);
#1884=EDGE_CURVE('',#2359,#2362,#57,.T.);
#1885=EDGE_CURVE('',#2361,#2363,#58,.T.);
#1886=EDGE_CURVE('',#2364,#2363,#59,.T.);
#1887=EDGE_CURVE('',#2362,#2364,#60,.T.);
#1888=EDGE_CURVE('',#2365,#2365,#2679,.T.);
#1889=EDGE_CURVE('',#2366,#2363,#61,.T.);
#1890=EDGE_CURVE('',#2367,#2366,#62,.T.);
#1891=EDGE_CURVE('',#2367,#2364,#63,.T.);
#1892=EDGE_CURVE('',#2366,#2368,#64,.T.);
#1893=EDGE_CURVE('',#2369,#2368,#65,.T.);
#1894=EDGE_CURVE('',#2367,#2369,#66,.T.);
#1895=EDGE_CURVE('',#2370,#2370,#2680,.T.);
#1896=EDGE_CURVE('',#2368,#2371,#67,.T.);
#1897=EDGE_CURVE('',#2372,#2371,#68,.T.);
#1898=EDGE_CURVE('',#2369,#2372,#69,.T.);
#1899=EDGE_CURVE('',#2371,#2348,#70,.T.);
#1900=EDGE_CURVE('',#2372,#2347,#71,.T.);
#1901=EDGE_CURVE('',#2342,#2373,#72,.T.);
#1902=EDGE_CURVE('',#2356,#2374,#73,.T.);
#1903=EDGE_CURVE('',#2373,#2374,#74,.T.);
#1904=EDGE_CURVE('',#2353,#2375,#75,.T.);
#1905=EDGE_CURVE('',#2352,#2376,#76,.T.);
#1906=EDGE_CURVE('',#2375,#2376,#77,.T.);
#1907=EDGE_CURVE('',#2344,#2377,#78,.T.);
#1908=EDGE_CURVE('',#2378,#2377,#79,.T.);
#1909=EDGE_CURVE('',#2378,#2379,#80,.T.);
#1910=EDGE_CURVE('',#2379,#2380,#81,.T.);
#1911=EDGE_CURVE('',#2380,#2381,#82,.T.);
#1912=EDGE_CURVE('',#2382,#2381,#83,.T.);
#1913=EDGE_CURVE('',#2382,#2383,#84,.T.);
#1914=EDGE_CURVE('',#2383,#2384,#85,.T.);
#1915=EDGE_CURVE('',#2384,#2385,#86,.T.);
#1916=EDGE_CURVE('',#2386,#2385,#87,.T.);
#1917=EDGE_CURVE('',#2386,#2387,#88,.T.);
#1918=EDGE_CURVE('',#2387,#2388,#89,.T.);
#1919=EDGE_CURVE('',#2388,#2389,#90,.T.);
#1920=EDGE_CURVE('',#2390,#2389,#91,.T.);
#1921=EDGE_CURVE('',#2390,#2391,#92,.T.);
#1922=EDGE_CURVE('',#2391,#2392,#93,.T.);
#1923=EDGE_CURVE('',#2392,#2393,#94,.T.);
#1924=EDGE_CURVE('',#2394,#2393,#95,.T.);
#1925=EDGE_CURVE('',#2394,#2395,#96,.T.);
#1926=EDGE_CURVE('',#2395,#2396,#97,.T.);
#1927=EDGE_CURVE('',#2396,#2397,#98,.T.);
#1928=EDGE_CURVE('',#2398,#2397,#99,.T.);
#1929=EDGE_CURVE('',#2398,#2399,#100,.T.);
#1930=EDGE_CURVE('',#2399,#2400,#101,.T.);
#1931=EDGE_CURVE('',#2400,#2401,#102,.T.);
#1932=EDGE_CURVE('',#2402,#2401,#103,.T.);
#1933=EDGE_CURVE('',#2402,#2403,#104,.T.);
#1934=EDGE_CURVE('',#2403,#2404,#105,.T.);
#1935=EDGE_CURVE('',#2405,#2404,#106,.T.);
#1936=EDGE_CURVE('',#2406,#2405,#107,.T.);
#1937=EDGE_CURVE('',#2407,#2406,#108,.T.);
#1938=EDGE_CURVE('',#2407,#2408,#109,.T.);
#1939=EDGE_CURVE('',#2409,#2408,#110,.T.);
#1940=EDGE_CURVE('',#2410,#2409,#111,.T.);
#1941=EDGE_CURVE('',#2411,#2410,#112,.T.);
#1942=EDGE_CURVE('',#2411,#2412,#113,.T.);
#1943=EDGE_CURVE('',#2413,#2412,#114,.T.);
#1944=EDGE_CURVE('',#2414,#2413,#115,.T.);
#1945=EDGE_CURVE('',#2415,#2414,#116,.T.);
#1946=EDGE_CURVE('',#2415,#2416,#117,.T.);
#1947=EDGE_CURVE('',#2417,#2416,#118,.T.);
#1948=EDGE_CURVE('',#2418,#2417,#119,.T.);
#1949=EDGE_CURVE('',#2419,#2418,#120,.T.);
#1950=EDGE_CURVE('',#2419,#2420,#121,.T.);
#1951=EDGE_CURVE('',#2421,#2420,#122,.T.);
#1952=EDGE_CURVE('',#2422,#2421,#123,.T.);
#1953=EDGE_CURVE('',#2423,#2422,#124,.T.);
#1954=EDGE_CURVE('',#2423,#2424,#125,.T.);
#1955=EDGE_CURVE('',#2425,#2424,#126,.T.);
#1956=EDGE_CURVE('',#2426,#2425,#127,.T.);
#1957=EDGE_CURVE('',#2427,#2426,#128,.T.);
#1958=EDGE_CURVE('',#2427,#2428,#129,.T.);
#1959=EDGE_CURVE('',#2429,#2428,#130,.T.);
#1960=EDGE_CURVE('',#2430,#2429,#131,.T.);
#1961=EDGE_CURVE('',#2431,#2430,#132,.T.);
#1962=EDGE_CURVE('',#2431,#2432,#133,.T.);
#1963=EDGE_CURVE('',#2433,#2432,#134,.T.);
#1964=EDGE_CURVE('',#2434,#2433,#135,.T.);
#1965=EDGE_CURVE('',#2435,#2434,#136,.T.);
#1966=EDGE_CURVE('',#2435,#2436,#137,.T.);
#1967=EDGE_CURVE('',#2437,#2436,#138,.T.);
#1968=EDGE_CURVE('',#2438,#2437,#139,.T.);
#1969=EDGE_CURVE('',#2439,#2438,#140,.T.);
#1970=EDGE_CURVE('',#2439,#2440,#141,.T.);
#1971=EDGE_CURVE('',#2441,#2440,#142,.T.);
#1972=EDGE_CURVE('',#2442,#2441,#143,.T.);
#1973=EDGE_CURVE('',#2443,#2442,#144,.T.);
#1974=EDGE_CURVE('',#2443,#2444,#145,.T.);
#1975=EDGE_CURVE('',#2445,#2444,#146,.T.);
#1976=EDGE_CURVE('',#2446,#2445,#147,.T.);
#1977=EDGE_CURVE('',#2447,#2446,#148,.T.);
#1978=EDGE_CURVE('',#2447,#2448,#149,.T.);
#1979=EDGE_CURVE('',#2449,#2448,#150,.T.);
#1980=EDGE_CURVE('',#2450,#2449,#151,.T.);
#1981=EDGE_CURVE('',#2451,#2450,#152,.T.);
#1982=EDGE_CURVE('',#2451,#2452,#153,.T.);
#1983=EDGE_CURVE('',#2453,#2452,#154,.T.);
#1984=EDGE_CURVE('',#2454,#2453,#155,.T.);
#1985=EDGE_CURVE('',#2455,#2454,#156,.T.);
#1986=EDGE_CURVE('',#2455,#2456,#157,.T.);
#1987=EDGE_CURVE('',#2457,#2456,#158,.T.);
#1988=EDGE_CURVE('',#2458,#2457,#159,.T.);
#1989=EDGE_CURVE('',#2349,#2458,#160,.T.);
#1990=EDGE_CURVE('',#2459,#2460,#161,.T.);
#1991=EDGE_CURVE('',#2459,#2461,#162,.T.);
#1992=EDGE_CURVE('',#2461,#2462,#163,.T.);
#1993=EDGE_CURVE('',#2460,#2462,#164,.T.);
#1994=EDGE_CURVE('',#2463,#2464,#165,.T.);
#1995=EDGE_CURVE('',#2463,#2465,#166,.T.);
#1996=EDGE_CURVE('',#2465,#2466,#167,.T.);
#1997=EDGE_CURVE('',#2464,#2466,#168,.T.);
#1998=EDGE_CURVE('',#2467,#2468,#169,.T.);
#1999=EDGE_CURVE('',#2467,#2469,#170,.T.);
#2000=EDGE_CURVE('',#2469,#2470,#171,.T.);
#2001=EDGE_CURVE('',#2468,#2470,#172,.T.);
#2002=EDGE_CURVE('',#2471,#2472,#173,.T.);
#2003=EDGE_CURVE('',#2471,#2473,#174,.T.);
#2004=EDGE_CURVE('',#2473,#2474,#175,.T.);
#2005=EDGE_CURVE('',#2472,#2474,#176,.T.);
#2006=EDGE_CURVE('',#2475,#2476,#177,.T.);
#2007=EDGE_CURVE('',#2475,#2477,#178,.T.);
#2008=EDGE_CURVE('',#2477,#2478,#179,.T.);
#2009=EDGE_CURVE('',#2476,#2478,#180,.T.);
#2010=EDGE_CURVE('',#2479,#2480,#181,.T.);
#2011=EDGE_CURVE('',#2479,#2481,#182,.T.);
#2012=EDGE_CURVE('',#2481,#2482,#183,.T.);
#2013=EDGE_CURVE('',#2480,#2482,#184,.T.);
#2014=EDGE_CURVE('',#2483,#2484,#185,.T.);
#2015=EDGE_CURVE('',#2483,#2485,#186,.T.);
#2016=EDGE_CURVE('',#2485,#2486,#187,.T.);
#2017=EDGE_CURVE('',#2484,#2486,#188,.T.);
#2018=EDGE_CURVE('',#2487,#2488,#189,.T.);
#2019=EDGE_CURVE('',#2487,#2489,#190,.T.);
#2020=EDGE_CURVE('',#2489,#2490,#191,.T.);
#2021=EDGE_CURVE('',#2488,#2490,#192,.T.);
#2022=EDGE_CURVE('',#2491,#2492,#193,.T.);
#2023=EDGE_CURVE('',#2491,#2493,#194,.T.);
#2024=EDGE_CURVE('',#2493,#2494,#195,.T.);
#2025=EDGE_CURVE('',#2492,#2494,#196,.T.);
#2026=EDGE_CURVE('',#2495,#2496,#197,.T.);
#2027=EDGE_CURVE('',#2495,#2497,#198,.T.);
#2028=EDGE_CURVE('',#2497,#2498,#199,.T.);
#2029=EDGE_CURVE('',#2496,#2498,#200,.T.);
#2030=EDGE_CURVE('',#2499,#2500,#201,.T.);
#2031=EDGE_CURVE('',#2499,#2501,#202,.T.);
#2032=EDGE_CURVE('',#2501,#2502,#203,.T.);
#2033=EDGE_CURVE('',#2500,#2502,#204,.T.);
#2034=EDGE_CURVE('',#2503,#2503,#2681,.T.);
#2035=EDGE_CURVE('',#2504,#2376,#205,.T.);
#2036=EDGE_CURVE('',#2504,#2505,#206,.T.);
#2037=EDGE_CURVE('',#2505,#2458,#207,.T.);
#2038=EDGE_CURVE('',#2506,#2457,#208,.T.);
#2039=EDGE_CURVE('',#2507,#2506,#209,.T.);
#2040=EDGE_CURVE('',#2507,#2378,#210,.T.);
#2041=EDGE_CURVE('',#2508,#2377,#211,.T.);
#2042=EDGE_CURVE('',#2508,#2509,#212,.T.);
#2043=EDGE_CURVE('',#2509,#2373,#213,.T.);
#2044=EDGE_CURVE('',#2510,#2374,#214,.T.);
#2045=EDGE_CURVE('',#2510,#2511,#215,.T.);
#2046=EDGE_CURVE('',#2511,#2375,#216,.T.);
#2047=EDGE_CURVE('',#2512,#2512,#2682,.T.);
#2048=EDGE_CURVE('',#2513,#2459,#217,.T.);
#2049=EDGE_CURVE('',#2514,#2513,#218,.T.);
#2050=EDGE_CURVE('',#2514,#2380,#219,.T.);
#2051=EDGE_CURVE('',#2515,#2379,#220,.T.);
#2052=EDGE_CURVE('',#2515,#2516,#221,.T.);
#2053=EDGE_CURVE('',#2516,#2452,#222,.T.);
#2054=EDGE_CURVE('',#2517,#2451,#223,.T.);
#2055=EDGE_CURVE('',#2518,#2517,#224,.T.);
#2056=EDGE_CURVE('',#2518,#2465,#225,.T.);
#2057=EDGE_CURVE('',#2519,#2463,#226,.T.);
#2058=EDGE_CURVE('',#2520,#2519,#227,.T.);
#2059=EDGE_CURVE('',#2520,#2461,#228,.T.);
#2060=EDGE_CURVE('',#2521,#2521,#2683,.T.);
#2061=EDGE_CURVE('',#2507,#2515,#229,.T.);
#2062=EDGE_CURVE('',#2522,#2456,#230,.T.);
#2063=EDGE_CURVE('',#2506,#2522,#231,.T.);
#2064=EDGE_CURVE('',#2523,#2523,#2684,.T.);
#2065=EDGE_CURVE('',#2524,#2455,#232,.T.);
#2066=EDGE_CURVE('',#2524,#2522,#233,.T.);
#2067=EDGE_CURVE('',#2525,#2454,#234,.T.);
#2068=EDGE_CURVE('',#2524,#2525,#235,.T.);
#2069=EDGE_CURVE('',#2526,#2526,#2685,.T.);
#2070=EDGE_CURVE('',#2527,#2453,#236,.T.);
#2071=EDGE_CURVE('',#2525,#2527,#237,.T.);
#2072=EDGE_CURVE('',#2527,#2516,#238,.T.);
#2073=EDGE_CURVE('',#2528,#2528,#2686,.T.);
#2074=EDGE_CURVE('',#2529,#2466,#239,.T.);
#2075=EDGE_CURVE('',#2529,#2530,#240,.T.);
#2076=EDGE_CURVE('',#2530,#2450,#241,.T.);
#2077=EDGE_CURVE('',#2531,#2449,#242,.T.);
#2078=EDGE_CURVE('',#2532,#2531,#243,.T.);
#2079=EDGE_CURVE('',#2532,#2382,#244,.T.);
#2080=EDGE_CURVE('',#2533,#2381,#245,.T.);
#2081=EDGE_CURVE('',#2533,#2534,#246,.T.);
#2082=EDGE_CURVE('',#2534,#2460,#247,.T.);
#2083=EDGE_CURVE('',#2535,#2462,#248,.T.);
#2084=EDGE_CURVE('',#2535,#2536,#249,.T.);
#2085=EDGE_CURVE('',#2536,#2464,#250,.T.);
#2086=EDGE_CURVE('',#2537,#2537,#2687,.T.);
#2087=EDGE_CURVE('',#2538,#2467,#251,.T.);
#2088=EDGE_CURVE('',#2539,#2538,#252,.T.);
#2089=EDGE_CURVE('',#2539,#2384,#253,.T.);
#2090=EDGE_CURVE('',#2540,#2383,#254,.T.);
#2091=EDGE_CURVE('',#2540,#2541,#255,.T.);
#2092=EDGE_CURVE('',#2541,#2444,#256,.T.);
#2093=EDGE_CURVE('',#2542,#2443,#257,.T.);
#2094=EDGE_CURVE('',#2543,#2542,#258,.T.);
#2095=EDGE_CURVE('',#2543,#2473,#259,.T.);
#2096=EDGE_CURVE('',#2544,#2471,#260,.T.);
#2097=EDGE_CURVE('',#2545,#2544,#261,.T.);
#2098=EDGE_CURVE('',#2545,#2469,#262,.T.);
#2099=EDGE_CURVE('',#2546,#2546,#2688,.T.);
#2100=EDGE_CURVE('',#2532,#2540,#263,.T.);
#2101=EDGE_CURVE('',#2547,#2448,#264,.T.);
#2102=EDGE_CURVE('',#2531,#2547,#265,.T.);
#2103=EDGE_CURVE('',#2548,#2548,#2689,.T.);
#2104=EDGE_CURVE('',#2549,#2447,#266,.T.);
#2105=EDGE_CURVE('',#2549,#2547,#267,.T.);
#2106=EDGE_CURVE('',#2550,#2446,#268,.T.);
#2107=EDGE_CURVE('',#2549,#2550,#269,.T.);
#2108=EDGE_CURVE('',#2551,#2551,#2690,.T.);
#2109=EDGE_CURVE('',#2552,#2445,#270,.T.);
#2110=EDGE_CURVE('',#2550,#2552,#271,.T.);
#2111=EDGE_CURVE('',#2552,#2541,#272,.T.);
#2112=EDGE_CURVE('',#2553,#2553,#2691,.T.);
#2113=EDGE_CURVE('',#2554,#2474,#273,.T.);
#2114=EDGE_CURVE('',#2554,#2555,#274,.T.);
#2115=EDGE_CURVE('',#2555,#2442,#275,.T.);
#2116=EDGE_CURVE('',#2556,#2441,#276,.T.);
#2117=EDGE_CURVE('',#2557,#2556,#277,.T.);
#2118=EDGE_CURVE('',#2557,#2386,#278,.T.);
#2119=EDGE_CURVE('',#2558,#2385,#279,.T.);
#2120=EDGE_CURVE('',#2558,#2559,#280,.T.);
#2121=EDGE_CURVE('',#2559,#2468,#281,.T.);
#2122=EDGE_CURVE('',#2560,#2470,#282,.T.);
#2123=EDGE_CURVE('',#2560,#2561,#283,.T.);
#2124=EDGE_CURVE('',#2561,#2472,#284,.T.);
#2125=EDGE_CURVE('',#2562,#2562,#2692,.T.);
#2126=EDGE_CURVE('',#2557,#2563,#285,.T.);
#2127=EDGE_CURVE('',#2563,#2387,#286,.T.);
#2128=EDGE_CURVE('',#2564,#2440,#287,.T.);
#2129=EDGE_CURVE('',#2556,#2564,#288,.T.);
#2130=EDGE_CURVE('',#2565,#2565,#2693,.T.);
#2131=EDGE_CURVE('',#2566,#2439,#289,.T.);
#2132=EDGE_CURVE('',#2566,#2564,#290,.T.);
#2133=EDGE_CURVE('',#2567,#2438,#291,.T.);
#2134=EDGE_CURVE('',#2566,#2567,#292,.T.);
#2135=EDGE_CURVE('',#2568,#2568,#2694,.T.);
#2136=EDGE_CURVE('',#2569,#2437,#293,.T.);
#2137=EDGE_CURVE('',#2567,#2569,#294,.T.);
#2138=EDGE_CURVE('',#2570,#2436,#295,.T.);
#2139=EDGE_CURVE('',#2569,#2570,#296,.T.);
#2140=EDGE_CURVE('',#2571,#2571,#2695,.T.);
#2141=EDGE_CURVE('',#2572,#2475,#297,.T.);
#2142=EDGE_CURVE('',#2573,#2572,#298,.T.);
#2143=EDGE_CURVE('',#2573,#2388,#299,.T.);
#2144=EDGE_CURVE('',#2563,#2570,#300,.T.);
#2145=EDGE_CURVE('',#2574,#2435,#301,.T.);
#2146=EDGE_CURVE('',#2575,#2574,#302,.T.);
#2147=EDGE_CURVE('',#2575,#2477,#303,.T.);
#2148=EDGE_CURVE('',#2576,#2576,#2696,.T.);
#2149=EDGE_CURVE('',#2577,#2478,#304,.T.);
#2150=EDGE_CURVE('',#2577,#2578,#305,.T.);
#2151=EDGE_CURVE('',#2578,#2434,#306,.T.);
#2152=EDGE_CURVE('',#2579,#2433,#307,.T.);
#2153=EDGE_CURVE('',#2580,#2579,#308,.T.);
#2154=EDGE_CURVE('',#2580,#2390,#309,.T.);
#2155=EDGE_CURVE('',#2581,#2389,#310,.T.);
#2156=EDGE_CURVE('',#2581,#2582,#311,.T.);
#2157=EDGE_CURVE('',#2582,#2476,#312,.T.);
#2158=EDGE_CURVE('',#2583,#2583,#2697,.T.);
#2159=EDGE_CURVE('',#2584,#2429,#313,.T.);
#2160=EDGE_CURVE('',#2585,#2584,#314,.T.);
#2161=EDGE_CURVE('',#2585,#2430,#315,.T.);
#2162=EDGE_CURVE('',#2586,#2428,#316,.T.);
#2163=EDGE_CURVE('',#2584,#2586,#317,.T.);
#2164=EDGE_CURVE('',#2587,#2587,#2698,.T.);
#2165=EDGE_CURVE('',#2588,#2479,#318,.T.);
#2166=EDGE_CURVE('',#2589,#2588,#319,.T.);
#2167=EDGE_CURVE('',#2589,#2392,#320,.T.);
#2168=EDGE_CURVE('',#2590,#2391,#321,.T.);
#2169=EDGE_CURVE('',#2590,#2586,#322,.T.);
#2170=EDGE_CURVE('',#2591,#2427,#323,.T.);
#2171=EDGE_CURVE('',#2592,#2591,#324,.T.);
#2172=EDGE_CURVE('',#2592,#2485,#325,.T.);
#2173=EDGE_CURVE('',#2593,#2483,#326,.T.);
#2174=EDGE_CURVE('',#2594,#2593,#327,.T.);
#2175=EDGE_CURVE('',#2594,#2481,#328,.T.);
#2176=EDGE_CURVE('',#2595,#2595,#2699,.T.);
#2177=EDGE_CURVE('',#2580,#2590,#329,.T.);
#2178=EDGE_CURVE('',#2596,#2432,#330,.T.);
#2179=EDGE_CURVE('',#2579,#2596,#331,.T.);
#2180=EDGE_CURVE('',#2597,#2597,#2700,.T.);
#2181=EDGE_CURVE('',#2598,#2431,#332,.T.);
#2182=EDGE_CURVE('',#2598,#2596,#333,.T.);
#2183=EDGE_CURVE('',#2598,#2585,#334,.T.);
#2184=EDGE_CURVE('',#2599,#2599,#2701,.T.);
#2185=EDGE_CURVE('',#2600,#2486,#335,.T.);
#2186=EDGE_CURVE('',#2600,#2601,#336,.T.);
#2187=EDGE_CURVE('',#2601,#2426,#337,.T.);
#2188=EDGE_CURVE('',#2602,#2425,#338,.T.);
#2189=EDGE_CURVE('',#2603,#2602,#339,.T.);
#2190=EDGE_CURVE('',#2603,#2394,#340,.T.);
#2191=EDGE_CURVE('',#2604,#2393,#341,.T.);
#2192=EDGE_CURVE('',#2604,#2605,#342,.T.);
#2193=EDGE_CURVE('',#2605,#2480,#343,.T.);
#2194=EDGE_CURVE('',#2606,#2482,#344,.T.);
#2195=EDGE_CURVE('',#2606,#2607,#345,.T.);
#2196=EDGE_CURVE('',#2607,#2484,#346,.T.);
#2197=EDGE_CURVE('',#2608,#2608,#2702,.T.);
#2198=EDGE_CURVE('',#2609,#2487,#347,.T.);
#2199=EDGE_CURVE('',#2610,#2609,#348,.T.);
#2200=EDGE_CURVE('',#2610,#2396,#349,.T.);
#2201=EDGE_CURVE('',#2611,#2395,#350,.T.);
#2202=EDGE_CURVE('',#2611,#2612,#351,.T.);
#2203=EDGE_CURVE('',#2612,#2420,#352,.T.);
#2204=EDGE_CURVE('',#2613,#2419,#353,.T.);
#2205=EDGE_CURVE('',#2614,#2613,#354,.T.);
#2206=EDGE_CURVE('',#2614,#2493,#355,.T.);
#2207=EDGE_CURVE('',#2615,#2491,#356,.T.);
#2208=EDGE_CURVE('',#2616,#2615,#357,.T.);
#2209=EDGE_CURVE('',#2616,#2489,#358,.T.);
#2210=EDGE_CURVE('',#2617,#2617,#2703,.T.);
#2211=EDGE_CURVE('',#2603,#2611,#359,.T.);
#2212=EDGE_CURVE('',#2618,#2424,#360,.T.);
#2213=EDGE_CURVE('',#2602,#2618,#361,.T.);
#2214=EDGE_CURVE('',#2619,#2619,#2704,.T.);
#2215=EDGE_CURVE('',#2620,#2423,#362,.T.);
#2216=EDGE_CURVE('',#2620,#2618,#363,.T.);
#2217=EDGE_CURVE('',#2621,#2422,#364,.T.);
#2218=EDGE_CURVE('',#2620,#2621,#365,.T.);
#2219=EDGE_CURVE('',#2622,#2622,#2705,.T.);
#2220=EDGE_CURVE('',#2623,#2421,#366,.T.);
#2221=EDGE_CURVE('',#2621,#2623,#367,.T.);
#2222=EDGE_CURVE('',#2623,#2612,#368,.T.);
#2223=EDGE_CURVE('',#2624,#2624,#2706,.T.);
#2224=EDGE_CURVE('',#2625,#2494,#369,.T.);
#2225=EDGE_CURVE('',#2625,#2626,#370,.T.);
#2226=EDGE_CURVE('',#2626,#2418,#371,.T.);
#2227=EDGE_CURVE('',#2627,#2417,#372,.T.);
#2228=EDGE_CURVE('',#2628,#2627,#373,.T.);
#2229=EDGE_CURVE('',#2628,#2398,#374,.T.);
#2230=EDGE_CURVE('',#2629,#2397,#375,.T.);
#2231=EDGE_CURVE('',#2629,#2630,#376,.T.);
#2232=EDGE_CURVE('',#2630,#2488,#377,.T.);
#2233=EDGE_CURVE('',#2631,#2490,#378,.T.);
#2234=EDGE_CURVE('',#2631,#2632,#379,.T.);
#2235=EDGE_CURVE('',#2632,#2492,#380,.T.);
#2236=EDGE_CURVE('',#2633,#2633,#2707,.T.);
#2237=EDGE_CURVE('',#2634,#2495,#381,.T.);
#2238=EDGE_CURVE('',#2635,#2634,#382,.T.);
#2239=EDGE_CURVE('',#2635,#2400,#383,.T.);
#2240=EDGE_CURVE('',#2636,#2399,#384,.T.);
#2241=EDGE_CURVE('',#2636,#2637,#385,.T.);
#2242=EDGE_CURVE('',#2637,#2412,#386,.T.);
#2243=EDGE_CURVE('',#2638,#2411,#387,.T.);
#2244=EDGE_CURVE('',#2639,#2638,#388,.T.);
#2245=EDGE_CURVE('',#2639,#2501,#389,.T.);
#2246=EDGE_CURVE('',#2640,#2499,#390,.T.);
#2247=EDGE_CURVE('',#2641,#2640,#391,.T.);
#2248=EDGE_CURVE('',#2641,#2497,#392,.T.);
#2249=EDGE_CURVE('',#2642,#2642,#2708,.T.);
#2250=EDGE_CURVE('',#2628,#2636,#393,.T.);
#2251=EDGE_CURVE('',#2643,#2416,#394,.T.);
#2252=EDGE_CURVE('',#2627,#2643,#395,.T.);
#2253=EDGE_CURVE('',#2644,#2644,#2709,.T.);
#2254=EDGE_CURVE('',#2645,#2415,#396,.T.);
#2255=EDGE_CURVE('',#2645,#2643,#397,.T.);
#2256=EDGE_CURVE('',#2646,#2414,#398,.T.);
#2257=EDGE_CURVE('',#2645,#2646,#399,.T.);
#2258=EDGE_CURVE('',#2647,#2647,#2710,.T.);
#2259=EDGE_CURVE('',#2648,#2413,#400,.T.);
#2260=EDGE_CURVE('',#2646,#2648,#401,.T.);
#2261=EDGE_CURVE('',#2648,#2637,#402,.T.);
#2262=EDGE_CURVE('',#2649,#2649,#2711,.T.);
#2263=EDGE_CURVE('',#2650,#2502,#403,.T.);
#2264=EDGE_CURVE('',#2650,#2651,#404,.T.);
#2265=EDGE_CURVE('',#2651,#2410,#405,.T.);
#2266=EDGE_CURVE('',#2652,#2409,#406,.T.);
#2267=EDGE_CURVE('',#2653,#2652,#407,.T.);
#2268=EDGE_CURVE('',#2653,#2402,#408,.T.);
#2269=EDGE_CURVE('',#2654,#2401,#409,.T.);
#2270=EDGE_CURVE('',#2654,#2655,#410,.T.);
#2271=EDGE_CURVE('',#2655,#2496,#411,.T.);
#2272=EDGE_CURVE('',#2656,#2498,#412,.T.);
#2273=EDGE_CURVE('',#2656,#2657,#413,.T.);
#2274=EDGE_CURVE('',#2657,#2500,#414,.T.);
#2275=EDGE_CURVE('',#2658,#2658,#2712,.T.);
#2276=EDGE_CURVE('',#2659,#2403,#415,.T.);
#2277=EDGE_CURVE('',#2659,#2660,#416,.T.);
#2278=EDGE_CURVE('',#2660,#2404,#417,.T.);
#2279=EDGE_CURVE('',#2661,#2661,#2713,.T.);
#2280=EDGE_CURVE('',#2653,#2659,#418,.T.);
#2281=EDGE_CURVE('',#2662,#2408,#419,.T.);
#2282=EDGE_CURVE('',#2652,#2662,#420,.T.);
#2283=EDGE_CURVE('',#2663,#2663,#2714,.T.);
#2284=EDGE_CURVE('',#2664,#2407,#421,.T.);
#2285=EDGE_CURVE('',#2664,#2662,#422,.T.);
#2286=EDGE_CURVE('',#2665,#2406,#423,.T.);
#2287=EDGE_CURVE('',#2664,#2665,#424,.T.);
#2288=EDGE_CURVE('',#2666,#2666,#2715,.T.);
#2289=EDGE_CURVE('',#2667,#2405,#425,.T.);
#2290=EDGE_CURVE('',#2665,#2667,#426,.T.);
#2291=EDGE_CURVE('',#2667,#2660,#427,.T.);
#2292=EDGE_CURVE('',#2635,#2654,#428,.T.);
#2293=EDGE_CURVE('',#2634,#2655,#429,.T.);
#2294=EDGE_CURVE('',#2641,#2656,#430,.T.);
#2295=EDGE_CURVE('',#2640,#2657,#431,.T.);
#2296=EDGE_CURVE('',#2639,#2650,#432,.T.);
#2297=EDGE_CURVE('',#2638,#2651,#433,.T.);
#2298=EDGE_CURVE('',#2610,#2629,#434,.T.);
#2299=EDGE_CURVE('',#2609,#2630,#435,.T.);
#2300=EDGE_CURVE('',#2616,#2631,#436,.T.);
#2301=EDGE_CURVE('',#2615,#2632,#437,.T.);
#2302=EDGE_CURVE('',#2614,#2625,#438,.T.);
#2303=EDGE_CURVE('',#2613,#2626,#439,.T.);
#2304=EDGE_CURVE('',#2589,#2604,#440,.T.);
#2305=EDGE_CURVE('',#2588,#2605,#441,.T.);
#2306=EDGE_CURVE('',#2594,#2606,#442,.T.);
#2307=EDGE_CURVE('',#2593,#2607,#443,.T.);
#2308=EDGE_CURVE('',#2592,#2600,#444,.T.);
#2309=EDGE_CURVE('',#2591,#2601,#445,.T.);
#2310=EDGE_CURVE('',#2573,#2581,#446,.T.);
#2311=EDGE_CURVE('',#2572,#2582,#447,.T.);
#2312=EDGE_CURVE('',#2575,#2577,#448,.T.);
#2313=EDGE_CURVE('',#2574,#2578,#449,.T.);
#2314=EDGE_CURVE('',#2539,#2558,#450,.T.);
#2315=EDGE_CURVE('',#2538,#2559,#451,.T.);
#2316=EDGE_CURVE('',#2545,#2560,#452,.T.);
#2317=EDGE_CURVE('',#2544,#2561,#453,.T.);
#2318=EDGE_CURVE('',#2543,#2554,#454,.T.);
#2319=EDGE_CURVE('',#2542,#2555,#455,.T.);
#2320=EDGE_CURVE('',#2514,#2533,#456,.T.);
#2321=EDGE_CURVE('',#2513,#2534,#457,.T.);
#2322=EDGE_CURVE('',#2520,#2535,#458,.T.);
#2323=EDGE_CURVE('',#2519,#2536,#459,.T.);
#2324=EDGE_CURVE('',#2518,#2529,#460,.T.);
#2325=EDGE_CURVE('',#2517,#2530,#461,.T.);
#2326=EDGE_CURVE('',#2343,#2508,#462,.T.);
#2327=EDGE_CURVE('',#2341,#2509,#463,.T.);
#2328=EDGE_CURVE('',#2355,#2510,#464,.T.);
#2329=EDGE_CURVE('',#2354,#2511,#465,.T.);
#2330=EDGE_CURVE('',#2351,#2504,#466,.T.);
#2331=EDGE_CURVE('',#2350,#2505,#467,.T.);
#2332=EDGE_CURVE('',#2668,#2668,#2716,.T.);
#2333=EDGE_CURVE('',#2669,#2669,#2717,.T.);
#2334=EDGE_CURVE('',#2670,#2670,#2718,.T.);
#2335=EDGE_CURVE('',#2671,#2671,#2719,.T.);
#2336=EDGE_CURVE('',#2672,#2672,#2720,.T.);
#2337=EDGE_CURVE('',#2673,#2673,#2721,.T.);
#2338=EDGE_CURVE('',#2674,#2674,#2722,.T.);
#2339=EDGE_CURVE('',#2675,#2675,#2723,.T.);
#2340=VERTEX_POINT('',#4603);
#2341=VERTEX_POINT('',#4605);
#2342=VERTEX_POINT('',#4606);
#2343=VERTEX_POINT('',#4608);
#2344=VERTEX_POINT('',#4610);
#2345=VERTEX_POINT('',#4612);
#2346=VERTEX_POINT('',#4614);
#2347=VERTEX_POINT('',#4616);
#2348=VERTEX_POINT('',#4618);
#2349=VERTEX_POINT('',#4620);
#2350=VERTEX_POINT('',#4622);
#2351=VERTEX_POINT('',#4624);
#2352=VERTEX_POINT('',#4626);
#2353=VERTEX_POINT('',#4628);
#2354=VERTEX_POINT('',#4630);
#2355=VERTEX_POINT('',#4632);
#2356=VERTEX_POINT('',#4634);
#2357=VERTEX_POINT('',#4638);
#2358=VERTEX_POINT('',#4640);
#2359=VERTEX_POINT('',#4642);
#2360=VERTEX_POINT('',#4646);
#2361=VERTEX_POINT('',#4648);
#2362=VERTEX_POINT('',#4650);
#2363=VERTEX_POINT('',#4654);
#2364=VERTEX_POINT('',#4656);
#2365=VERTEX_POINT('',#4660);
#2366=VERTEX_POINT('',#4662);
#2367=VERTEX_POINT('',#4664);
#2368=VERTEX_POINT('',#4668);
#2369=VERTEX_POINT('',#4670);
#2370=VERTEX_POINT('',#4674);
#2371=VERTEX_POINT('',#4676);
#2372=VERTEX_POINT('',#4678);
#2373=VERTEX_POINT('',#4686);
#2374=VERTEX_POINT('',#4688);
#2375=VERTEX_POINT('',#4691);
#2376=VERTEX_POINT('',#4693);
#2377=VERTEX_POINT('',#4696);
#2378=VERTEX_POINT('',#4698);
#2379=VERTEX_POINT('',#4700);
#2380=VERTEX_POINT('',#4702);
#2381=VERTEX_POINT('',#4704);
#2382=VERTEX_POINT('',#4706);
#2383=VERTEX_POINT('',#4708);
#2384=VERTEX_POINT('',#4710);
#2385=VERTEX_POINT('',#4712);
#2386=VERTEX_POINT('',#4714);
#2387=VERTEX_POINT('',#4716);
#2388=VERTEX_POINT('',#4718);
#2389=VERTEX_POINT('',#4720);
#2390=VERTEX_POINT('',#4722);
#2391=VERTEX_POINT('',#4724);
#2392=VERTEX_POINT('',#4726);
#2393=VERTEX_POINT('',#4728);
#2394=VERTEX_POINT('',#4730);
#2395=VERTEX_POINT('',#4732);
#2396=VERTEX_POINT('',#4734);
#2397=VERTEX_POINT('',#4736);
#2398=VERTEX_POINT('',#4738);
#2399=VERTEX_POINT('',#4740);
#2400=VERTEX_POINT('',#4742);
#2401=VERTEX_POINT('',#4744);
#2402=VERTEX_POINT('',#4746);
#2403=VERTEX_POINT('',#4748);
#2404=VERTEX_POINT('',#4750);
#2405=VERTEX_POINT('',#4752);
#2406=VERTEX_POINT('',#4754);
#2407=VERTEX_POINT('',#4756);
#2408=VERTEX_POINT('',#4758);
#2409=VERTEX_POINT('',#4760);
#2410=VERTEX_POINT('',#4762);
#2411=VERTEX_POINT('',#4764);
#2412=VERTEX_POINT('',#4766);
#2413=VERTEX_POINT('',#4768);
#2414=VERTEX_POINT('',#4770);
#2415=VERTEX_POINT('',#4772);
#2416=VERTEX_POINT('',#4774);
#2417=VERTEX_POINT('',#4776);
#2418=VERTEX_POINT('',#4778);
#2419=VERTEX_POINT('',#4780);
#2420=VERTEX_POINT('',#4782);
#2421=VERTEX_POINT('',#4784);
#2422=VERTEX_POINT('',#4786);
#2423=VERTEX_POINT('',#4788);
#2424=VERTEX_POINT('',#4790);
#2425=VERTEX_POINT('',#4792);
#2426=VERTEX_POINT('',#4794);
#2427=VERTEX_POINT('',#4796);
#2428=VERTEX_POINT('',#4798);
#2429=VERTEX_POINT('',#4800);
#2430=VERTEX_POINT('',#4802);
#2431=VERTEX_POINT('',#4804);
#2432=VERTEX_POINT('',#4806);
#2433=VERTEX_POINT('',#4808);
#2434=VERTEX_POINT('',#4810);
#2435=VERTEX_POINT('',#4812);
#2436=VERTEX_POINT('',#4814);
#2437=VERTEX_POINT('',#4816);
#2438=VERTEX_POINT('',#4818);
#2439=VERTEX_POINT('',#4820);
#2440=VERTEX_POINT('',#4822);
#2441=VERTEX_POINT('',#4824);
#2442=VERTEX_POINT('',#4826);
#2443=VERTEX_POINT('',#4828);
#2444=VERTEX_POINT('',#4830);
#2445=VERTEX_POINT('',#4832);
#2446=VERTEX_POINT('',#4834);
#2447=VERTEX_POINT('',#4836);
#2448=VERTEX_POINT('',#4838);
#2449=VERTEX_POINT('',#4840);
#2450=VERTEX_POINT('',#4842);
#2451=VERTEX_POINT('',#4844);
#2452=VERTEX_POINT('',#4846);
#2453=VERTEX_POINT('',#4848);
#2454=VERTEX_POINT('',#4850);
#2455=VERTEX_POINT('',#4852);
#2456=VERTEX_POINT('',#4854);
#2457=VERTEX_POINT('',#4856);
#2458=VERTEX_POINT('',#4858);
#2459=VERTEX_POINT('',#4861);
#2460=VERTEX_POINT('',#4862);
#2461=VERTEX_POINT('',#4864);
#2462=VERTEX_POINT('',#4866);
#2463=VERTEX_POINT('',#4869);
#2464=VERTEX_POINT('',#4870);
#2465=VERTEX_POINT('',#4872);
#2466=VERTEX_POINT('',#4874);
#2467=VERTEX_POINT('',#4877);
#2468=VERTEX_POINT('',#4878);
#2469=VERTEX_POINT('',#4880);
#2470=VERTEX_POINT('',#4882);
#2471=VERTEX_POINT('',#4885);
#2472=VERTEX_POINT('',#4886);
#2473=VERTEX_POINT('',#4888);
#2474=VERTEX_POINT('',#4890);
#2475=VERTEX_POINT('',#4893);
#2476=VERTEX_POINT('',#4894);
#2477=VERTEX_POINT('',#4896);
#2478=VERTEX_POINT('',#4898);
#2479=VERTEX_POINT('',#4901);
#2480=VERTEX_POINT('',#4902);
#2481=VERTEX_POINT('',#4904);
#2482=VERTEX_POINT('',#4906);
#2483=VERTEX_POINT('',#4909);
#2484=VERTEX_POINT('',#4910);
#2485=VERTEX_POINT('',#4912);
#2486=VERTEX_POINT('',#4914);
#2487=VERTEX_POINT('',#4917);
#2488=VERTEX_POINT('',#4918);
#2489=VERTEX_POINT('',#4920);
#2490=VERTEX_POINT('',#4922);
#2491=VERTEX_POINT('',#4925);
#2492=VERTEX_POINT('',#4926);
#2493=VERTEX_POINT('',#4928);
#2494=VERTEX_POINT('',#4930);
#2495=VERTEX_POINT('',#4933);
#2496=VERTEX_POINT('',#4934);
#2497=VERTEX_POINT('',#4936);
#2498=VERTEX_POINT('',#4938);
#2499=VERTEX_POINT('',#4941);
#2500=VERTEX_POINT('',#4942);
#2501=VERTEX_POINT('',#4944);
#2502=VERTEX_POINT('',#4946);
#2503=VERTEX_POINT('',#4950);
#2504=VERTEX_POINT('',#4952);
#2505=VERTEX_POINT('',#4954);
#2506=VERTEX_POINT('',#4957);
#2507=VERTEX_POINT('',#4959);
#2508=VERTEX_POINT('',#4962);
#2509=VERTEX_POINT('',#4964);
#2510=VERTEX_POINT('',#4967);
#2511=VERTEX_POINT('',#4969);
#2512=VERTEX_POINT('',#4973);
#2513=VERTEX_POINT('',#4975);
#2514=VERTEX_POINT('',#4977);
#2515=VERTEX_POINT('',#4980);
#2516=VERTEX_POINT('',#4982);
#2517=VERTEX_POINT('',#4985);
#2518=VERTEX_POINT('',#4987);
#2519=VERTEX_POINT('',#4990);
#2520=VERTEX_POINT('',#4992);
#2521=VERTEX_POINT('',#4996);
#2522=VERTEX_POINT('',#5000);
#2523=VERTEX_POINT('',#5004);
#2524=VERTEX_POINT('',#5006);
#2525=VERTEX_POINT('',#5010);
#2526=VERTEX_POINT('',#5014);
#2527=VERTEX_POINT('',#5016);
#2528=VERTEX_POINT('',#5023);
#2529=VERTEX_POINT('',#5025);
#2530=VERTEX_POINT('',#5027);
#2531=VERTEX_POINT('',#5030);
#2532=VERTEX_POINT('',#5032);
#2533=VERTEX_POINT('',#5035);
#2534=VERTEX_POINT('',#5037);
#2535=VERTEX_POINT('',#5040);
#2536=VERTEX_POINT('',#5042);
#2537=VERTEX_POINT('',#5046);
#2538=VERTEX_POINT('',#5048);
#2539=VERTEX_POINT('',#5050);
#2540=VERTEX_POINT('',#5053);
#2541=VERTEX_POINT('',#5055);
#2542=VERTEX_POINT('',#5058);
#2543=VERTEX_POINT('',#5060);
#2544=VERTEX_POINT('',#5063);
#2545=VERTEX_POINT('',#5065);
#2546=VERTEX_POINT('',#5069);
#2547=VERTEX_POINT('',#5073);
#2548=VERTEX_POINT('',#5077);
#2549=VERTEX_POINT('',#5079);
#2550=VERTEX_POINT('',#5083);
#2551=VERTEX_POINT('',#5087);
#2552=VERTEX_POINT('',#5089);
#2553=VERTEX_POINT('',#5096);
#2554=VERTEX_POINT('',#5098);
#2555=VERTEX_POINT('',#5100);
#2556=VERTEX_POINT('',#5103);
#2557=VERTEX_POINT('',#5105);
#2558=VERTEX_POINT('',#5108);
#2559=VERTEX_POINT('',#5110);
#2560=VERTEX_POINT('',#5113);
#2561=VERTEX_POINT('',#5115);
#2562=VERTEX_POINT('',#5119);
#2563=VERTEX_POINT('',#5121);
#2564=VERTEX_POINT('',#5125);
#2565=VERTEX_POINT('',#5129);
#2566=VERTEX_POINT('',#5131);
#2567=VERTEX_POINT('',#5135);
#2568=VERTEX_POINT('',#5139);
#2569=VERTEX_POINT('',#5141);
#2570=VERTEX_POINT('',#5145);
#2571=VERTEX_POINT('',#5149);
#2572=VERTEX_POINT('',#5151);
#2573=VERTEX_POINT('',#5153);
#2574=VERTEX_POINT('',#5157);
#2575=VERTEX_POINT('',#5159);
#2576=VERTEX_POINT('',#5164);
#2577=VERTEX_POINT('',#5166);
#2578=VERTEX_POINT('',#5168);
#2579=VERTEX_POINT('',#5171);
#2580=VERTEX_POINT('',#5173);
#2581=VERTEX_POINT('',#5176);
#2582=VERTEX_POINT('',#5178);
#2583=VERTEX_POINT('',#5182);
#2584=VERTEX_POINT('',#5184);
#2585=VERTEX_POINT('',#5186);
#2586=VERTEX_POINT('',#5190);
#2587=VERTEX_POINT('',#5194);
#2588=VERTEX_POINT('',#5196);
#2589=VERTEX_POINT('',#5198);
#2590=VERTEX_POINT('',#5201);
#2591=VERTEX_POINT('',#5204);
#2592=VERTEX_POINT('',#5206);
#2593=VERTEX_POINT('',#5209);
#2594=VERTEX_POINT('',#5211);
#2595=VERTEX_POINT('',#5215);
#2596=VERTEX_POINT('',#5219);
#2597=VERTEX_POINT('',#5223);
#2598=VERTEX_POINT('',#5225);
#2599=VERTEX_POINT('',#5232);
#2600=VERTEX_POINT('',#5234);
#2601=VERTEX_POINT('',#5236);
#2602=VERTEX_POINT('',#5239);
#2603=VERTEX_POINT('',#5241);
#2604=VERTEX_POINT('',#5244);
#2605=VERTEX_POINT('',#5246);
#2606=VERTEX_POINT('',#5249);
#2607=VERTEX_POINT('',#5251);
#2608=VERTEX_POINT('',#5255);
#2609=VERTEX_POINT('',#5257);
#2610=VERTEX_POINT('',#5259);
#2611=VERTEX_POINT('',#5262);
#2612=VERTEX_POINT('',#5264);
#2613=VERTEX_POINT('',#5267);
#2614=VERTEX_POINT('',#5269);
#2615=VERTEX_POINT('',#5272);
#2616=VERTEX_POINT('',#5274);
#2617=VERTEX_POINT('',#5278);
#2618=VERTEX_POINT('',#5282);
#2619=VERTEX_POINT('',#5286);
#2620=VERTEX_POINT('',#5288);
#2621=VERTEX_POINT('',#5292);
#2622=VERTEX_POINT('',#5296);
#2623=VERTEX_POINT('',#5298);
#2624=VERTEX_POINT('',#5305);
#2625=VERTEX_POINT('',#5307);
#2626=VERTEX_POINT('',#5309);
#2627=VERTEX_POINT('',#5312);
#2628=VERTEX_POINT('',#5314);
#2629=VERTEX_POINT('',#5317);
#2630=VERTEX_POINT('',#5319);
#2631=VERTEX_POINT('',#5322);
#2632=VERTEX_POINT('',#5324);
#2633=VERTEX_POINT('',#5328);
#2634=VERTEX_POINT('',#5330);
#2635=VERTEX_POINT('',#5332);
#2636=VERTEX_POINT('',#5335);
#2637=VERTEX_POINT('',#5337);
#2638=VERTEX_POINT('',#5340);
#2639=VERTEX_POINT('',#5342);
#2640=VERTEX_POINT('',#5345);
#2641=VERTEX_POINT('',#5347);
#2642=VERTEX_POINT('',#5351);
#2643=VERTEX_POINT('',#5355);
#2644=VERTEX_POINT('',#5359);
#2645=VERTEX_POINT('',#5361);
#2646=VERTEX_POINT('',#5365);
#2647=VERTEX_POINT('',#5369);
#2648=VERTEX_POINT('',#5371);
#2649=VERTEX_POINT('',#5378);
#2650=VERTEX_POINT('',#5380);
#2651=VERTEX_POINT('',#5382);
#2652=VERTEX_POINT('',#5385);
#2653=VERTEX_POINT('',#5387);
#2654=VERTEX_POINT('',#5390);
#2655=VERTEX_POINT('',#5392);
#2656=VERTEX_POINT('',#5395);
#2657=VERTEX_POINT('',#5397);
#2658=VERTEX_POINT('',#5401);
#2659=VERTEX_POINT('',#5403);
#2660=VERTEX_POINT('',#5405);
#2661=VERTEX_POINT('',#5409);
#2662=VERTEX_POINT('',#5413);
#2663=VERTEX_POINT('',#5417);
#2664=VERTEX_POINT('',#5419);
#2665=VERTEX_POINT('',#5423);
#2666=VERTEX_POINT('',#5427);
#2667=VERTEX_POINT('',#5429);
#2668=VERTEX_POINT('',#5536);
#2669=VERTEX_POINT('',#5540);
#2670=VERTEX_POINT('',#5544);
#2671=VERTEX_POINT('',#5548);
#2672=VERTEX_POINT('',#5552);
#2673=VERTEX_POINT('',#5556);
#2674=VERTEX_POINT('',#5560);
#2675=VERTEX_POINT('',#5564);
#2676=CIRCLE('',#3528,0.001);
#2677=CIRCLE('',#3530,0.001);
#2678=CIRCLE('',#3532,0.001);
#2679=CIRCLE('',#3535,0.001);
#2680=CIRCLE('',#3538,0.001);
#2681=CIRCLE('',#3543,0.001);
#2682=CIRCLE('',#3545,0.001);
#2683=CIRCLE('',#3547,0.001);
#2684=CIRCLE('',#3550,0.001);
#2685=CIRCLE('',#3553,0.001);
#2686=CIRCLE('',#3557,0.001);
#2687=CIRCLE('',#3559,0.001);
#2688=CIRCLE('',#3561,0.001);
#2689=CIRCLE('',#3564,0.001);
#2690=CIRCLE('',#3567,0.001);
#2691=CIRCLE('',#3571,0.001);
#2692=CIRCLE('',#3573,0.001);
#2693=CIRCLE('',#3576,0.001);
#2694=CIRCLE('',#3579,0.001);
#2695=CIRCLE('',#3582,0.001);
#2696=CIRCLE('',#3585,0.001);
#2697=CIRCLE('',#3587,0.001);
#2698=CIRCLE('',#3590,0.001);
#2699=CIRCLE('',#3592,0.001);
#2700=CIRCLE('',#3595,0.001);
#2701=CIRCLE('',#3599,0.001);
#2702=CIRCLE('',#3601,0.001);
#2703=CIRCLE('',#3603,0.001);
#2704=CIRCLE('',#3606,0.001);
#2705=CIRCLE('',#3609,0.001);
#2706=CIRCLE('',#3613,0.001);
#2707=CIRCLE('',#3615,0.001);
#2708=CIRCLE('',#3617,0.001);
#2709=CIRCLE('',#3620,0.001);
#2710=CIRCLE('',#3623,0.001);
#2711=CIRCLE('',#3627,0.001);
#2712=CIRCLE('',#3629,0.001);
#2713=CIRCLE('',#3631,0.00100000000000001);
#2714=CIRCLE('',#3634,0.001);
#2715=CIRCLE('',#3637,0.001);
#2716=CIRCLE('',#3701,0.00100000000000001);
#2717=CIRCLE('',#3704,0.001);
#2718=CIRCLE('',#3707,0.001);
#2719=CIRCLE('',#3710,0.001);
#2720=CIRCLE('',#3713,0.001);
#2721=CIRCLE('',#3716,0.001);
#2722=CIRCLE('',#3719,0.001);
#2723=CIRCLE('',#3722,0.001);
#2724=EDGE_LOOP('',(#900));
#2725=EDGE_LOOP('',(#901,#902,#903,#904,#905,#906,#907,#908,#909,#910,#911,
#912,#913,#914,#915,#916));
#2726=EDGE_LOOP('',(#917));
#2727=EDGE_LOOP('',(#918,#919,#920,#921));
#2728=EDGE_LOOP('',(#922));
#2729=EDGE_LOOP('',(#923,#924,#925,#926));
#2730=EDGE_LOOP('',(#927,#928,#929,#930));
#2731=EDGE_LOOP('',(#931));
#2732=EDGE_LOOP('',(#932,#933,#934,#935));
#2733=EDGE_LOOP('',(#936,#937,#938,#939));
#2734=EDGE_LOOP('',(#940));
#2735=EDGE_LOOP('',(#941,#942,#943,#944));
#2736=EDGE_LOOP('',(#945,#946,#947,#948));
#2737=EDGE_LOOP('',(#949,#950,#951,#952,#953,#954,#955,#956));
#2738=EDGE_LOOP('',(#957,#958,#959,#960));
#2739=EDGE_LOOP('',(#961,#962,#963,#964));
#2740=EDGE_LOOP('',(#965,#966,#967,#968,#969,#970,#971,#972,#973,#974,#975,
#976,#977,#978,#979,#980,#981,#982,#983,#984,#985,#986,#987,#988,#989,#990,
#991,#992,#993,#994,#995,#996,#997,#998,#999,#1000,#1001,#1002,#1003,#1004,
#1005,#1006,#1007,#1008,#1009,#1010,#1011,#1012,#1013,#1014,#1015,#1016,
#1017,#1018,#1019,#1020,#1021,#1022,#1023,#1024,#1025,#1026,#1027,#1028,
#1029,#1030,#1031,#1032,#1033,#1034,#1035,#1036,#1037,#1038,#1039,#1040,
#1041,#1042,#1043,#1044,#1045,#1046,#1047,#1048,#1049,#1050,#1051,#1052,
#1053,#1054,#1055,#1056));
#2741=EDGE_LOOP('',(#1057,#1058,#1059,#1060));
#2742=EDGE_LOOP('',(#1061,#1062,#1063,#1064));
#2743=EDGE_LOOP('',(#1065,#1066,#1067,#1068));
#2744=EDGE_LOOP('',(#1069,#1070,#1071,#1072));
#2745=EDGE_LOOP('',(#1073,#1074,#1075,#1076));
#2746=EDGE_LOOP('',(#1077,#1078,#1079,#1080));
#2747=EDGE_LOOP('',(#1081,#1082,#1083,#1084));
#2748=EDGE_LOOP('',(#1085,#1086,#1087,#1088));
#2749=EDGE_LOOP('',(#1089,#1090,#1091,#1092));
#2750=EDGE_LOOP('',(#1093,#1094,#1095,#1096));
#2751=EDGE_LOOP('',(#1097,#1098,#1099,#1100));
#2752=EDGE_LOOP('',(#1101));
#2753=EDGE_LOOP('',(#1102,#1103,#1104,#1105,#1106,#1107,#1108,#1109,#1110,
#1111,#1112,#1113,#1114,#1115,#1116,#1117));
#2754=EDGE_LOOP('',(#1118));
#2755=EDGE_LOOP('',(#1119,#1120,#1121,#1122,#1123,#1124,#1125,#1126,#1127,
#1128,#1129,#1130,#1131,#1132,#1133,#1134));
#2756=EDGE_LOOP('',(#1135));
#2757=EDGE_LOOP('',(#1136,#1137,#1138,#1139));
#2758=EDGE_LOOP('',(#1140,#1141,#1142,#1143));
#2759=EDGE_LOOP('',(#1144));
#2760=EDGE_LOOP('',(#1145,#1146,#1147,#1148));
#2761=EDGE_LOOP('',(#1149,#1150,#1151,#1152));
#2762=EDGE_LOOP('',(#1153));
#2763=EDGE_LOOP('',(#1154,#1155,#1156,#1157));
#2764=EDGE_LOOP('',(#1158,#1159,#1160,#1161));
#2765=EDGE_LOOP('',(#1162,#1163,#1164,#1165,#1166,#1167,#1168,#1169));
#2766=EDGE_LOOP('',(#1170));
#2767=EDGE_LOOP('',(#1171,#1172,#1173,#1174,#1175,#1176,#1177,#1178,#1179,
#1180,#1181,#1182,#1183,#1184,#1185,#1186));
#2768=EDGE_LOOP('',(#1187));
#2769=EDGE_LOOP('',(#1188,#1189,#1190,#1191,#1192,#1193,#1194,#1195,#1196,
#1197,#1198,#1199,#1200,#1201,#1202,#1203));
#2770=EDGE_LOOP('',(#1204));
#2771=EDGE_LOOP('',(#1205,#1206,#1207,#1208));
#2772=EDGE_LOOP('',(#1209,#1210,#1211,#1212));
#2773=EDGE_LOOP('',(#1213));
#2774=EDGE_LOOP('',(#1214,#1215,#1216,#1217));
#2775=EDGE_LOOP('',(#1218,#1219,#1220,#1221));
#2776=EDGE_LOOP('',(#1222));
#2777=EDGE_LOOP('',(#1223,#1224,#1225,#1226));
#2778=EDGE_LOOP('',(#1227,#1228,#1229,#1230));
#2779=EDGE_LOOP('',(#1231,#1232,#1233,#1234,#1235,#1236,#1237,#1238));
#2780=EDGE_LOOP('',(#1239));
#2781=EDGE_LOOP('',(#1240,#1241,#1242,#1243,#1244,#1245,#1246,#1247,#1248,
#1249,#1250,#1251,#1252,#1253,#1254,#1255));
#2782=EDGE_LOOP('',(#1256));
#2783=EDGE_LOOP('',(#1257,#1258,#1259,#1260));
#2784=EDGE_LOOP('',(#1261,#1262,#1263,#1264));
#2785=EDGE_LOOP('',(#1265));
#2786=EDGE_LOOP('',(#1266,#1267,#1268,#1269));
#2787=EDGE_LOOP('',(#1270,#1271,#1272,#1273));
#2788=EDGE_LOOP('',(#1274));
#2789=EDGE_LOOP('',(#1275,#1276,#1277,#1278));
#2790=EDGE_LOOP('',(#1279,#1280,#1281,#1282));
#2791=EDGE_LOOP('',(#1283));
#2792=EDGE_LOOP('',(#1284,#1285,#1286,#1287,#1288,#1289,#1290,#1291,#1292,
#1293,#1294,#1295));
#2793=EDGE_LOOP('',(#1296,#1297,#1298,#1299,#1300,#1301,#1302,#1303));
#2794=EDGE_LOOP('',(#1304));
#2795=EDGE_LOOP('',(#1305,#1306,#1307,#1308,#1309,#1310,#1311,#1312,#1313,
#1314,#1315,#1316));
#2796=EDGE_LOOP('',(#1317));
#2797=EDGE_LOOP('',(#1318,#1319,#1320,#1321));
#2798=EDGE_LOOP('',(#1322,#1323,#1324,#1325));
#2799=EDGE_LOOP('',(#1326));
#2800=EDGE_LOOP('',(#1327,#1328,#1329,#1330,#1331,#1332,#1333,#1334,#1335,
#1336,#1337,#1338,#1339,#1340,#1341,#1342));
#2801=EDGE_LOOP('',(#1343));
#2802=EDGE_LOOP('',(#1344,#1345,#1346,#1347));
#2803=EDGE_LOOP('',(#1348,#1349,#1350,#1351));
#2804=EDGE_LOOP('',(#1352));
#2805=EDGE_LOOP('',(#1353,#1354,#1355,#1356));
#2806=EDGE_LOOP('',(#1357,#1358,#1359,#1360));
#2807=EDGE_LOOP('',(#1361,#1362,#1363,#1364,#1365,#1366,#1367,#1368));
#2808=EDGE_LOOP('',(#1369));
#2809=EDGE_LOOP('',(#1370,#1371,#1372,#1373,#1374,#1375,#1376,#1377,#1378,
#1379,#1380,#1381,#1382,#1383,#1384,#1385));
#2810=EDGE_LOOP('',(#1386));
#2811=EDGE_LOOP('',(#1387,#1388,#1389,#1390,#1391,#1392,#1393,#1394,#1395,
#1396,#1397,#1398,#1399,#1400,#1401,#1402));
#2812=EDGE_LOOP('',(#1403));
#2813=EDGE_LOOP('',(#1404,#1405,#1406,#1407));
#2814=EDGE_LOOP('',(#1408,#1409,#1410,#1411));
#2815=EDGE_LOOP('',(#1412));
#2816=EDGE_LOOP('',(#1413,#1414,#1415,#1416));
#2817=EDGE_LOOP('',(#1417,#1418,#1419,#1420));
#2818=EDGE_LOOP('',(#1421));
#2819=EDGE_LOOP('',(#1422,#1423,#1424,#1425));
#2820=EDGE_LOOP('',(#1426,#1427,#1428,#1429));
#2821=EDGE_LOOP('',(#1430,#1431,#1432,#1433,#1434,#1435,#1436,#1437));
#2822=EDGE_LOOP('',(#1438));
#2823=EDGE_LOOP('',(#1439,#1440,#1441,#1442,#1443,#1444,#1445,#1446,#1447,
#1448,#1449,#1450,#1451,#1452,#1453,#1454));
#2824=EDGE_LOOP('',(#1455));
#2825=EDGE_LOOP('',(#1456,#1457,#1458,#1459,#1460,#1461,#1462,#1463,#1464,
#1465,#1466,#1467,#1468,#1469,#1470,#1471));
#2826=EDGE_LOOP('',(#1472));
#2827=EDGE_LOOP('',(#1473,#1474,#1475,#1476));
#2828=EDGE_LOOP('',(#1477,#1478,#1479,#1480));
#2829=EDGE_LOOP('',(#1481));
#2830=EDGE_LOOP('',(#1482,#1483,#1484,#1485));
#2831=EDGE_LOOP('',(#1486,#1487,#1488,#1489));
#2832=EDGE_LOOP('',(#1490));
#2833=EDGE_LOOP('',(#1491,#1492,#1493,#1494));
#2834=EDGE_LOOP('',(#1495,#1496,#1497,#1498));
#2835=EDGE_LOOP('',(#1499,#1500,#1501,#1502,#1503,#1504,#1505,#1506));
#2836=EDGE_LOOP('',(#1507));
#2837=EDGE_LOOP('',(#1508,#1509,#1510,#1511,#1512,#1513,#1514,#1515,#1516,
#1517,#1518,#1519,#1520,#1521,#1522,#1523));
#2838=EDGE_LOOP('',(#1524));
#2839=EDGE_LOOP('',(#1525,#1526,#1527,#1528));
#2840=EDGE_LOOP('',(#1529));
#2841=EDGE_LOOP('',(#1530,#1531,#1532,#1533));
#2842=EDGE_LOOP('',(#1534,#1535,#1536,#1537));
#2843=EDGE_LOOP('',(#1538));
#2844=EDGE_LOOP('',(#1539,#1540,#1541,#1542));
#2845=EDGE_LOOP('',(#1543,#1544,#1545,#1546));
#2846=EDGE_LOOP('',(#1547));
#2847=EDGE_LOOP('',(#1548,#1549,#1550,#1551));
#2848=EDGE_LOOP('',(#1552,#1553,#1554,#1555));
#2849=EDGE_LOOP('',(#1556,#1557,#1558,#1559,#1560,#1561,#1562,#1563));
#2850=EDGE_LOOP('',(#1564,#1565,#1566,#1567));
#2851=EDGE_LOOP('',(#1568,#1569,#1570,#1571));
#2852=EDGE_LOOP('',(#1572,#1573,#1574,#1575));
#2853=EDGE_LOOP('',(#1576,#1577,#1578,#1579));
#2854=EDGE_LOOP('',(#1580,#1581,#1582,#1583));
#2855=EDGE_LOOP('',(#1584,#1585,#1586,#1587));
#2856=EDGE_LOOP('',(#1588,#1589,#1590,#1591));
#2857=EDGE_LOOP('',(#1592,#1593,#1594,#1595));
#2858=EDGE_LOOP('',(#1596,#1597,#1598,#1599));
#2859=EDGE_LOOP('',(#1600,#1601,#1602,#1603));
#2860=EDGE_LOOP('',(#1604,#1605,#1606,#1607));
#2861=EDGE_LOOP('',(#1608,#1609,#1610,#1611));
#2862=EDGE_LOOP('',(#1612,#1613,#1614,#1615));
#2863=EDGE_LOOP('',(#1616,#1617,#1618,#1619));
#2864=EDGE_LOOP('',(#1620,#1621,#1622,#1623));
#2865=EDGE_LOOP('',(#1624,#1625,#1626,#1627));
#2866=EDGE_LOOP('',(#1628,#1629,#1630,#1631));
#2867=EDGE_LOOP('',(#1632,#1633,#1634,#1635));
#2868=EDGE_LOOP('',(#1636,#1637,#1638,#1639));
#2869=EDGE_LOOP('',(#1640,#1641,#1642,#1643));
#2870=EDGE_LOOP('',(#1644,#1645,#1646,#1647));
#2871=EDGE_LOOP('',(#1648,#1649,#1650,#1651));
#2872=EDGE_LOOP('',(#1652,#1653,#1654,#1655));
#2873=EDGE_LOOP('',(#1656,#1657,#1658,#1659));
#2874=EDGE_LOOP('',(#1660,#1661,#1662,#1663));
#2875=EDGE_LOOP('',(#1664,#1665,#1666,#1667));
#2876=EDGE_LOOP('',(#1668,#1669,#1670,#1671));
#2877=EDGE_LOOP('',(#1672,#1673,#1674,#1675));
#2878=EDGE_LOOP('',(#1676,#1677,#1678,#1679));
#2879=EDGE_LOOP('',(#1680,#1681,#1682,#1683));
#2880=EDGE_LOOP('',(#1684,#1685,#1686,#1687));
#2881=EDGE_LOOP('',(#1688,#1689,#1690,#1691));
#2882=EDGE_LOOP('',(#1692,#1693,#1694,#1695));
#2883=EDGE_LOOP('',(#1696,#1697,#1698,#1699));
#2884=EDGE_LOOP('',(#1700,#1701,#1702,#1703));
#2885=EDGE_LOOP('',(#1704,#1705,#1706,#1707));
#2886=EDGE_LOOP('',(#1708,#1709,#1710,#1711));
#2887=EDGE_LOOP('',(#1712,#1713,#1714,#1715));
#2888=EDGE_LOOP('',(#1716,#1717,#1718,#1719));
#2889=EDGE_LOOP('',(#1720,#1721,#1722,#1723));
#2890=EDGE_LOOP('',(#1724,#1725,#1726,#1727));
#2891=EDGE_LOOP('',(#1728,#1729,#1730,#1731));
#2892=EDGE_LOOP('',(#1732,#1733,#1734,#1735));
#2893=EDGE_LOOP('',(#1736,#1737,#1738,#1739));
#2894=EDGE_LOOP('',(#1740,#1741,#1742,#1743));
#2895=EDGE_LOOP('',(#1744,#1745,#1746,#1747));
#2896=EDGE_LOOP('',(#1748,#1749,#1750,#1751));
#2897=EDGE_LOOP('',(#1752,#1753,#1754,#1755));
#2898=EDGE_LOOP('',(#1756,#1757,#1758,#1759));
#2899=EDGE_LOOP('',(#1760,#1761,#1762,#1763));
#2900=EDGE_LOOP('',(#1764,#1765,#1766,#1767));
#2901=EDGE_LOOP('',(#1768,#1769,#1770,#1771));
#2902=EDGE_LOOP('',(#1772,#1773,#1774,#1775));
#2903=EDGE_LOOP('',(#1776,#1777,#1778,#1779));
#2904=EDGE_LOOP('',(#1780,#1781,#1782,#1783));
#2905=EDGE_LOOP('',(#1784,#1785,#1786,#1787));
#2906=EDGE_LOOP('',(#1788,#1789,#1790,#1791));
#2907=EDGE_LOOP('',(#1792,#1793,#1794,#1795));
#2908=EDGE_LOOP('',(#1796,#1797,#1798,#1799));
#2909=EDGE_LOOP('',(#1800,#1801,#1802,#1803));
#2910=EDGE_LOOP('',(#1804));
#2911=EDGE_LOOP('',(#1805));
#2912=EDGE_LOOP('',(#1806));
#2913=EDGE_LOOP('',(#1807));
#2914=EDGE_LOOP('',(#1808));
#2915=EDGE_LOOP('',(#1809));
#2916=EDGE_LOOP('',(#1810));
#2917=EDGE_LOOP('',(#1811));
#2918=EDGE_LOOP('',(#1812));
#2919=EDGE_LOOP('',(#1813));
#2920=EDGE_LOOP('',(#1814));
#2921=EDGE_LOOP('',(#1815));
#2922=EDGE_LOOP('',(#1816));
#2923=EDGE_LOOP('',(#1817));
#2924=EDGE_LOOP('',(#1818));
#2925=EDGE_LOOP('',(#1819));
#2926=EDGE_LOOP('',(#1820));
#2927=EDGE_LOOP('',(#1821));
#2928=EDGE_LOOP('',(#1822));
#2929=EDGE_LOOP('',(#1823));
#2930=EDGE_LOOP('',(#1824));
#2931=EDGE_LOOP('',(#1825));
#2932=EDGE_LOOP('',(#1826));
#2933=EDGE_LOOP('',(#1827));
#2934=EDGE_LOOP('',(#1828));
#2935=EDGE_LOOP('',(#1829));
#2936=EDGE_LOOP('',(#1830));
#2937=EDGE_LOOP('',(#1831));
#2938=EDGE_LOOP('',(#1832));
#2939=EDGE_LOOP('',(#1833));
#2940=EDGE_LOOP('',(#1834));
#2941=EDGE_LOOP('',(#1835));
#2942=EDGE_LOOP('',(#1836));
#2943=EDGE_LOOP('',(#1837));
#2944=EDGE_LOOP('',(#1838));
#2945=EDGE_LOOP('',(#1839));
#2946=EDGE_LOOP('',(#1840));
#2947=EDGE_LOOP('',(#1841));
#2948=EDGE_LOOP('',(#1842));
#2949=EDGE_LOOP('',(#1843));
#2950=EDGE_LOOP('',(#1844));
#2951=EDGE_LOOP('',(#1845));
#2952=EDGE_LOOP('',(#1846));
#2953=EDGE_LOOP('',(#1847));
#2954=EDGE_LOOP('',(#1848));
#2955=EDGE_LOOP('',(#1849));
#2956=EDGE_LOOP('',(#1850));
#2957=EDGE_LOOP('',(#1851));
#2958=EDGE_LOOP('',(#1852));
#2959=EDGE_LOOP('',(#1853));
#2960=EDGE_LOOP('',(#1854));
#2961=EDGE_LOOP('',(#1855));
#2962=EDGE_LOOP('',(#1856));
#2963=EDGE_LOOP('',(#1857));
#2964=EDGE_LOOP('',(#1858));
#2965=EDGE_LOOP('',(#1859));
#2966=FACE_BOUND('',#2724,.T.);
#2967=FACE_BOUND('',#2725,.T.);
#2968=FACE_BOUND('',#2726,.T.);
#2969=FACE_BOUND('',#2727,.T.);
#2970=FACE_BOUND('',#2728,.T.);
#2971=FACE_BOUND('',#2729,.T.);
#2972=FACE_BOUND('',#2730,.T.);
#2973=FACE_BOUND('',#2731,.T.);
#2974=FACE_BOUND('',#2732,.T.);
#2975=FACE_BOUND('',#2733,.T.);
#2976=FACE_BOUND('',#2734,.T.);
#2977=FACE_BOUND('',#2735,.T.);
#2978=FACE_BOUND('',#2736,.T.);
#2979=FACE_BOUND('',#2737,.T.);
#2980=FACE_BOUND('',#2738,.T.);
#2981=FACE_BOUND('',#2739,.T.);
#2982=FACE_BOUND('',#2740,.T.);
#2983=FACE_BOUND('',#2741,.T.);
#2984=FACE_BOUND('',#2742,.T.);
#2985=FACE_BOUND('',#2743,.T.);
#2986=FACE_BOUND('',#2744,.T.);
#2987=FACE_BOUND('',#2745,.T.);
#2988=FACE_BOUND('',#2746,.T.);
#2989=FACE_BOUND('',#2747,.T.);
#2990=FACE_BOUND('',#2748,.T.);
#2991=FACE_BOUND('',#2749,.T.);
#2992=FACE_BOUND('',#2750,.T.);
#2993=FACE_BOUND('',#2751,.T.);
#2994=FACE_BOUND('',#2752,.T.);
#2995=FACE_BOUND('',#2753,.T.);
#2996=FACE_BOUND('',#2754,.T.);
#2997=FACE_BOUND('',#2755,.T.);
#2998=FACE_BOUND('',#2756,.T.);
#2999=FACE_BOUND('',#2757,.T.);
#3000=FACE_BOUND('',#2758,.T.);
#3001=FACE_BOUND('',#2759,.T.);
#3002=FACE_BOUND('',#2760,.T.);
#3003=FACE_BOUND('',#2761,.T.);
#3004=FACE_BOUND('',#2762,.T.);
#3005=FACE_BOUND('',#2763,.T.);
#3006=FACE_BOUND('',#2764,.T.);
#3007=FACE_BOUND('',#2765,.T.);
#3008=FACE_BOUND('',#2766,.T.);
#3009=FACE_BOUND('',#2767,.T.);
#3010=FACE_BOUND('',#2768,.T.);
#3011=FACE_BOUND('',#2769,.T.);
#3012=FACE_BOUND('',#2770,.T.);
#3013=FACE_BOUND('',#2771,.T.);
#3014=FACE_BOUND('',#2772,.T.);
#3015=FACE_BOUND('',#2773,.T.);
#3016=FACE_BOUND('',#2774,.T.);
#3017=FACE_BOUND('',#2775,.T.);
#3018=FACE_BOUND('',#2776,.T.);
#3019=FACE_BOUND('',#2777,.T.);
#3020=FACE_BOUND('',#2778,.T.);
#3021=FACE_BOUND('',#2779,.T.);
#3022=FACE_BOUND('',#2780,.T.);
#3023=FACE_BOUND('',#2781,.T.);
#3024=FACE_BOUND('',#2782,.T.);
#3025=FACE_BOUND('',#2783,.T.);
#3026=FACE_BOUND('',#2784,.T.);
#3027=FACE_BOUND('',#2785,.T.);
#3028=FACE_BOUND('',#2786,.T.);
#3029=FACE_BOUND('',#2787,.T.);
#3030=FACE_BOUND('',#2788,.T.);
#3031=FACE_BOUND('',#2789,.T.);
#3032=FACE_BOUND('',#2790,.T.);
#3033=FACE_BOUND('',#2791,.T.);
#3034=FACE_BOUND('',#2792,.T.);
#3035=FACE_BOUND('',#2793,.T.);
#3036=FACE_BOUND('',#2794,.T.);
#3037=FACE_BOUND('',#2795,.T.);
#3038=FACE_BOUND('',#2796,.T.);
#3039=FACE_BOUND('',#2797,.T.);
#3040=FACE_BOUND('',#2798,.T.);
#3041=FACE_BOUND('',#2799,.T.);
#3042=FACE_BOUND('',#2800,.T.);
#3043=FACE_BOUND('',#2801,.T.);
#3044=FACE_BOUND('',#2802,.T.);
#3045=FACE_BOUND('',#2803,.T.);
#3046=FACE_BOUND('',#2804,.T.);
#3047=FACE_BOUND('',#2805,.T.);
#3048=FACE_BOUND('',#2806,.T.);
#3049=FACE_BOUND('',#2807,.T.);
#3050=FACE_BOUND('',#2808,.T.);
#3051=FACE_BOUND('',#2809,.T.);
#3052=FACE_BOUND('',#2810,.T.);
#3053=FACE_BOUND('',#2811,.T.);
#3054=FACE_BOUND('',#2812,.T.);
#3055=FACE_BOUND('',#2813,.T.);
#3056=FACE_BOUND('',#2814,.T.);
#3057=FACE_BOUND('',#2815,.T.);
#3058=FACE_BOUND('',#2816,.T.);
#3059=FACE_BOUND('',#2817,.T.);
#3060=FACE_BOUND('',#2818,.T.);
#3061=FACE_BOUND('',#2819,.T.);
#3062=FACE_BOUND('',#2820,.T.);
#3063=FACE_BOUND('',#2821,.T.);
#3064=FACE_BOUND('',#2822,.T.);
#3065=FACE_BOUND('',#2823,.T.);
#3066=FACE_BOUND('',#2824,.T.);
#3067=FACE_BOUND('',#2825,.T.);
#3068=FACE_BOUND('',#2826,.T.);
#3069=FACE_BOUND('',#2827,.T.);
#3070=FACE_BOUND('',#2828,.T.);
#3071=FACE_BOUND('',#2829,.T.);
#3072=FACE_BOUND('',#2830,.T.);
#3073=FACE_BOUND('',#2831,.T.);
#3074=FACE_BOUND('',#2832,.T.);
#3075=FACE_BOUND('',#2833,.T.);
#3076=FACE_BOUND('',#2834,.T.);
#3077=FACE_BOUND('',#2835,.T.);
#3078=FACE_BOUND('',#2836,.T.);
#3079=FACE_BOUND('',#2837,.T.);
#3080=FACE_BOUND('',#2838,.T.);
#3081=FACE_BOUND('',#2839,.T.);
#3082=FACE_BOUND('',#2840,.T.);
#3083=FACE_BOUND('',#2841,.T.);
#3084=FACE_BOUND('',#2842,.T.);
#3085=FACE_BOUND('',#2843,.T.);
#3086=FACE_BOUND('',#2844,.T.);
#3087=FACE_BOUND('',#2845,.T.);
#3088=FACE_BOUND('',#2846,.T.);
#3089=FACE_BOUND('',#2847,.T.);
#3090=FACE_BOUND('',#2848,.T.);
#3091=FACE_BOUND('',#2849,.T.);
#3092=FACE_BOUND('',#2850,.T.);
#3093=FACE_BOUND('',#2851,.T.);
#3094=FACE_BOUND('',#2852,.T.);
#3095=FACE_BOUND('',#2853,.T.);
#3096=FACE_BOUND('',#2854,.T.);
#3097=FACE_BOUND('',#2855,.T.);
#3098=FACE_BOUND('',#2856,.T.);
#3099=FACE_BOUND('',#2857,.T.);
#3100=FACE_BOUND('',#2858,.T.);
#3101=FACE_BOUND('',#2859,.T.);
#3102=FACE_BOUND('',#2860,.T.);
#3103=FACE_BOUND('',#2861,.T.);
#3104=FACE_BOUND('',#2862,.T.);
#3105=FACE_BOUND('',#2863,.T.);
#3106=FACE_BOUND('',#2864,.T.);
#3107=FACE_BOUND('',#2865,.T.);
#3108=FACE_BOUND('',#2866,.T.);
#3109=FACE_BOUND('',#2867,.T.);
#3110=FACE_BOUND('',#2868,.T.);
#3111=FACE_BOUND('',#2869,.T.);
#3112=FACE_BOUND('',#2870,.T.);
#3113=FACE_BOUND('',#2871,.T.);
#3114=FACE_BOUND('',#2872,.T.);
#3115=FACE_BOUND('',#2873,.T.);
#3116=FACE_BOUND('',#2874,.T.);
#3117=FACE_BOUND('',#2875,.T.);
#3118=FACE_BOUND('',#2876,.T.);
#3119=FACE_BOUND('',#2877,.T.);
#3120=FACE_BOUND('',#2878,.T.);
#3121=FACE_BOUND('',#2879,.T.);
#3122=FACE_BOUND('',#2880,.T.);
#3123=FACE_BOUND('',#2881,.T.);
#3124=FACE_BOUND('',#2882,.T.);
#3125=FACE_BOUND('',#2883,.T.);
#3126=FACE_BOUND('',#2884,.T.);
#3127=FACE_BOUND('',#2885,.T.);
#3128=FACE_BOUND('',#2886,.T.);
#3129=FACE_BOUND('',#2887,.T.);
#3130=FACE_BOUND('',#2888,.T.);
#3131=FACE_BOUND('',#2889,.T.);
#3132=FACE_BOUND('',#2890,.T.);
#3133=FACE_BOUND('',#2891,.T.);
#3134=FACE_BOUND('',#2892,.T.);
#3135=FACE_BOUND('',#2893,.T.);
#3136=FACE_BOUND('',#2894,.T.);
#3137=FACE_BOUND('',#2895,.T.);
#3138=FACE_BOUND('',#2896,.T.);
#3139=FACE_BOUND('',#2897,.T.);
#3140=FACE_BOUND('',#2898,.T.);
#3141=FACE_BOUND('',#2899,.T.);
#3142=FACE_BOUND('',#2900,.T.);
#3143=FACE_BOUND('',#2901,.T.);
#3144=FACE_BOUND('',#2902,.T.);
#3145=FACE_BOUND('',#2903,.T.);
#3146=FACE_BOUND('',#2904,.T.);
#3147=FACE_BOUND('',#2905,.T.);
#3148=FACE_BOUND('',#2906,.T.);
#3149=FACE_BOUND('',#2907,.T.);
#3150=FACE_BOUND('',#2908,.T.);
#3151=FACE_BOUND('',#2909,.T.);
#3152=FACE_BOUND('',#2910,.T.);
#3153=FACE_BOUND('',#2911,.T.);
#3154=FACE_BOUND('',#2912,.T.);
#3155=FACE_BOUND('',#2913,.T.);
#3156=FACE_BOUND('',#2914,.T.);
#3157=FACE_BOUND('',#2915,.T.);
#3158=FACE_BOUND('',#2916,.T.);
#3159=FACE_BOUND('',#2917,.T.);
#3160=FACE_BOUND('',#2918,.T.);
#3161=FACE_BOUND('',#2919,.T.);
#3162=FACE_BOUND('',#2920,.T.);
#3163=FACE_BOUND('',#2921,.T.);
#3164=FACE_BOUND('',#2922,.T.);
#3165=FACE_BOUND('',#2923,.T.);
#3166=FACE_BOUND('',#2924,.T.);
#3167=FACE_BOUND('',#2925,.T.);
#3168=FACE_BOUND('',#2926,.T.);
#3169=FACE_BOUND('',#2927,.T.);
#3170=FACE_BOUND('',#2928,.T.);
#3171=FACE_BOUND('',#2929,.T.);
#3172=FACE_BOUND('',#2930,.T.);
#3173=FACE_BOUND('',#2931,.T.);
#3174=FACE_BOUND('',#2932,.T.);
#3175=FACE_BOUND('',#2933,.T.);
#3176=FACE_BOUND('',#2934,.T.);
#3177=FACE_BOUND('',#2935,.T.);
#3178=FACE_BOUND('',#2936,.T.);
#3179=FACE_BOUND('',#2937,.T.);
#3180=FACE_BOUND('',#2938,.T.);
#3181=FACE_BOUND('',#2939,.T.);
#3182=FACE_BOUND('',#2940,.T.);
#3183=FACE_BOUND('',#2941,.T.);
#3184=FACE_BOUND('',#2942,.T.);
#3185=FACE_BOUND('',#2943,.T.);
#3186=FACE_BOUND('',#2944,.T.);
#3187=FACE_BOUND('',#2945,.T.);
#3188=FACE_BOUND('',#2946,.T.);
#3189=FACE_BOUND('',#2947,.T.);
#3190=FACE_BOUND('',#2948,.T.);
#3191=FACE_BOUND('',#2949,.T.);
#3192=FACE_BOUND('',#2950,.T.);
#3193=FACE_BOUND('',#2951,.T.);
#3194=FACE_BOUND('',#2952,.T.);
#3195=FACE_BOUND('',#2953,.T.);
#3196=FACE_BOUND('',#2954,.T.);
#3197=FACE_BOUND('',#2955,.T.);
#3198=FACE_BOUND('',#2956,.T.);
#3199=FACE_BOUND('',#2957,.T.);
#3200=FACE_BOUND('',#2958,.T.);
#3201=FACE_BOUND('',#2959,.T.);
#3202=FACE_BOUND('',#2960,.T.);
#3203=FACE_BOUND('',#2961,.T.);
#3204=FACE_BOUND('',#2962,.T.);
#3205=FACE_BOUND('',#2963,.T.);
#3206=FACE_BOUND('',#2964,.T.);
#3207=FACE_BOUND('',#2965,.T.);
#3208=PLANE('',#3527);
#3209=PLANE('',#3529);
#3210=PLANE('',#3531);
#3211=PLANE('',#3533);
#3212=PLANE('',#3534);
#3213=PLANE('',#3536);
#3214=PLANE('',#3537);
#3215=PLANE('',#3539);
#3216=PLANE('',#3540);
#3217=PLANE('',#3541);
#3218=PLANE('',#3542);
#3219=PLANE('',#3544);
#3220=PLANE('',#3546);
#3221=PLANE('',#3548);
#3222=PLANE('',#3549);
#3223=PLANE('',#3551);
#3224=PLANE('',#3552);
#3225=PLANE('',#3554);
#3226=PLANE('',#3555);
#3227=PLANE('',#3556);
#3228=PLANE('',#3558);
#3229=PLANE('',#3560);
#3230=PLANE('',#3562);
#3231=PLANE('',#3563);
#3232=PLANE('',#3565);
#3233=PLANE('',#3566);
#3234=PLANE('',#3568);
#3235=PLANE('',#3569);
#3236=PLANE('',#3570);
#3237=PLANE('',#3572);
#3238=PLANE('',#3574);
#3239=PLANE('',#3575);
#3240=PLANE('',#3577);
#3241=PLANE('',#3578);
#3242=PLANE('',#3580);
#3243=PLANE('',#3581);
#3244=PLANE('',#3583);
#3245=PLANE('',#3584);
#3246=PLANE('',#3586);
#3247=PLANE('',#3588);
#3248=PLANE('',#3589);
#3249=PLANE('',#3591);
#3250=PLANE('',#3593);
#3251=PLANE('',#3594);
#3252=PLANE('',#3596);
#3253=PLANE('',#3597);
#3254=PLANE('',#3598);
#3255=PLANE('',#3600);
#3256=PLANE('',#3602);
#3257=PLANE('',#3604);
#3258=PLANE('',#3605);
#3259=PLANE('',#3607);
#3260=PLANE('',#3608);
#3261=PLANE('',#3610);
#3262=PLANE('',#3611);
#3263=PLANE('',#3612);
#3264=PLANE('',#3614);
#3265=PLANE('',#3616);
#3266=PLANE('',#3618);
#3267=PLANE('',#3619);
#3268=PLANE('',#3621);
#3269=PLANE('',#3622);
#3270=PLANE('',#3624);
#3271=PLANE('',#3625);
#3272=PLANE('',#3626);
#3273=PLANE('',#3628);
#3274=PLANE('',#3630);
#3275=PLANE('',#3632);
#3276=PLANE('',#3633);
#3277=PLANE('',#3635);
#3278=PLANE('',#3636);
#3279=PLANE('',#3638);
#3280=PLANE('',#3639);
#3281=PLANE('',#3640);
#3282=PLANE('',#3641);
#3283=PLANE('',#3642);
#3284=PLANE('',#3643);
#3285=PLANE('',#3644);
#3286=PLANE('',#3645);
#3287=PLANE('',#3646);
#3288=PLANE('',#3647);
#3289=PLANE('',#3648);
#3290=PLANE('',#3649);
#3291=PLANE('',#3650);
#3292=PLANE('',#3651);
#3293=PLANE('',#3652);
#3294=PLANE('',#3653);
#3295=PLANE('',#3654);
#3296=PLANE('',#3655);
#3297=PLANE('',#3656);
#3298=PLANE('',#3657);
#3299=PLANE('',#3658);
#3300=PLANE('',#3659);
#3301=PLANE('',#3660);
#3302=PLANE('',#3661);
#3303=PLANE('',#3662);
#3304=PLANE('',#3663);
#3305=PLANE('',#3664);
#3306=PLANE('',#3665);
#3307=PLANE('',#3666);
#3308=PLANE('',#3667);
#3309=PLANE('',#3668);
#3310=PLANE('',#3669);
#3311=PLANE('',#3670);
#3312=PLANE('',#3671);
#3313=PLANE('',#3672);
#3314=PLANE('',#3673);
#3315=PLANE('',#3674);
#3316=PLANE('',#3675);
#3317=PLANE('',#3676);
#3318=PLANE('',#3677);
#3319=PLANE('',#3678);
#3320=PLANE('',#3679);
#3321=PLANE('',#3680);
#3322=PLANE('',#3681);
#3323=PLANE('',#3682);
#3324=PLANE('',#3683);
#3325=PLANE('',#3684);
#3326=PLANE('',#3685);
#3327=PLANE('',#3686);
#3328=PLANE('',#3687);
#3329=PLANE('',#3688);
#3330=PLANE('',#3689);
#3331=PLANE('',#3690);
#3332=PLANE('',#3691);
#3333=PLANE('',#3692);
#3334=PLANE('',#3693);
#3335=PLANE('',#3694);
#3336=PLANE('',#3695);
#3337=PLANE('',#3696);
#3338=PLANE('',#3697);
#3339=PLANE('',#3698);
#3340=PLANE('',#3699);
#3341=PLANE('',#3702);
#3342=PLANE('',#3705);
#3343=PLANE('',#3708);
#3344=PLANE('',#3711);
#3345=PLANE('',#3714);
#3346=PLANE('',#3717);
#3347=PLANE('',#3720);
#3348=PLANE('',#3723);
#3349=ADVANCED_FACE('',(#2966,#2967),#3208,.T.);
#3350=ADVANCED_FACE('',(#2968,#2969),#3209,.T.);
#3351=ADVANCED_FACE('',(#2970,#2971),#3210,.F.);
#3352=ADVANCED_FACE('',(#2972),#3211,.F.);
#3353=ADVANCED_FACE('',(#2973,#2974),#3212,.T.);
#3354=ADVANCED_FACE('',(#2975),#3213,.F.);
#3355=ADVANCED_FACE('',(#2976,#2977),#3214,.F.);
#3356=ADVANCED_FACE('',(#2978),#3215,.F.);
#3357=ADVANCED_FACE('',(#2979),#3216,.T.);
#3358=ADVANCED_FACE('',(#2980,#2981,#2982,#2983,#2984,#2985,#2986,#2987,
#2988,#2989,#2990,#2991,#2992,#2993),#3217,.F.);
#3359=ADVANCED_FACE('',(#2994,#2995),#3218,.F.);
#3360=ADVANCED_FACE('',(#2996,#2997),#3219,.T.);
#3361=ADVANCED_FACE('',(#2998,#2999),#3220,.T.);
#3362=ADVANCED_FACE('',(#3000),#3221,.F.);
#3363=ADVANCED_FACE('',(#3001,#3002),#3222,.T.);
#3364=ADVANCED_FACE('',(#3003),#3223,.F.);
#3365=ADVANCED_FACE('',(#3004,#3005),#3224,.F.);
#3366=ADVANCED_FACE('',(#3006),#3225,.F.);
#3367=ADVANCED_FACE('',(#3007),#3226,.T.);
#3368=ADVANCED_FACE('',(#3008,#3009),#3227,.F.);
#3369=ADVANCED_FACE('',(#3010,#3011),#3228,.T.);
#3370=ADVANCED_FACE('',(#3012,#3013),#3229,.T.);
#3371=ADVANCED_FACE('',(#3014),#3230,.F.);
#3372=ADVANCED_FACE('',(#3015,#3016),#3231,.T.);
#3373=ADVANCED_FACE('',(#3017),#3232,.F.);
#3374=ADVANCED_FACE('',(#3018,#3019),#3233,.F.);
#3375=ADVANCED_FACE('',(#3020),#3234,.F.);
#3376=ADVANCED_FACE('',(#3021),#3235,.T.);
#3377=ADVANCED_FACE('',(#3022,#3023),#3236,.F.);
#3378=ADVANCED_FACE('',(#3024,#3025),#3237,.T.);
#3379=ADVANCED_FACE('',(#3026),#3238,.F.);
#3380=ADVANCED_FACE('',(#3027,#3028),#3239,.T.);
#3381=ADVANCED_FACE('',(#3029),#3240,.F.);
#3382=ADVANCED_FACE('',(#3030,#3031),#3241,.F.);
#3383=ADVANCED_FACE('',(#3032),#3242,.F.);
#3384=ADVANCED_FACE('',(#3033,#3034),#3243,.T.);
#3385=ADVANCED_FACE('',(#3035),#3244,.T.);
#3386=ADVANCED_FACE('',(#3036,#3037),#3245,.F.);
#3387=ADVANCED_FACE('',(#3038,#3039),#3246,.F.);
#3388=ADVANCED_FACE('',(#3040),#3247,.F.);
#3389=ADVANCED_FACE('',(#3041,#3042),#3248,.T.);
#3390=ADVANCED_FACE('',(#3043,#3044),#3249,.T.);
#3391=ADVANCED_FACE('',(#3045),#3250,.F.);
#3392=ADVANCED_FACE('',(#3046,#3047),#3251,.T.);
#3393=ADVANCED_FACE('',(#3048),#3252,.F.);
#3394=ADVANCED_FACE('',(#3049),#3253,.T.);
#3395=ADVANCED_FACE('',(#3050,#3051),#3254,.F.);
#3396=ADVANCED_FACE('',(#3052,#3053),#3255,.T.);
#3397=ADVANCED_FACE('',(#3054,#3055),#3256,.T.);
#3398=ADVANCED_FACE('',(#3056),#3257,.F.);
#3399=ADVANCED_FACE('',(#3057,#3058),#3258,.T.);
#3400=ADVANCED_FACE('',(#3059),#3259,.F.);
#3401=ADVANCED_FACE('',(#3060,#3061),#3260,.F.);
#3402=ADVANCED_FACE('',(#3062),#3261,.F.);
#3403=ADVANCED_FACE('',(#3063),#3262,.T.);
#3404=ADVANCED_FACE('',(#3064,#3065),#3263,.F.);
#3405=ADVANCED_FACE('',(#3066,#3067),#3264,.T.);
#3406=ADVANCED_FACE('',(#3068,#3069),#3265,.T.);
#3407=ADVANCED_FACE('',(#3070),#3266,.F.);
#3408=ADVANCED_FACE('',(#3071,#3072),#3267,.T.);
#3409=ADVANCED_FACE('',(#3073),#3268,.F.);
#3410=ADVANCED_FACE('',(#3074,#3075),#3269,.F.);
#3411=ADVANCED_FACE('',(#3076),#3270,.F.);
#3412=ADVANCED_FACE('',(#3077),#3271,.T.);
#3413=ADVANCED_FACE('',(#3078,#3079),#3272,.F.);
#3414=ADVANCED_FACE('',(#3080,#3081),#3273,.T.);
#3415=ADVANCED_FACE('',(#3082,#3083),#3274,.T.);
#3416=ADVANCED_FACE('',(#3084),#3275,.F.);
#3417=ADVANCED_FACE('',(#3085,#3086),#3276,.T.);
#3418=ADVANCED_FACE('',(#3087),#3277,.F.);
#3419=ADVANCED_FACE('',(#3088,#3089),#3278,.F.);
#3420=ADVANCED_FACE('',(#3090),#3279,.F.);
#3421=ADVANCED_FACE('',(#3091),#3280,.T.);
#3422=ADVANCED_FACE('',(#3092),#3281,.T.);
#3423=ADVANCED_FACE('',(#3093),#3282,.F.);
#3424=ADVANCED_FACE('',(#3094),#3283,.T.);
#3425=ADVANCED_FACE('',(#3095),#3284,.T.);
#3426=ADVANCED_FACE('',(#3096),#3285,.F.);
#3427=ADVANCED_FACE('',(#3097),#3286,.T.);
#3428=ADVANCED_FACE('',(#3098),#3287,.T.);
#3429=ADVANCED_FACE('',(#3099),#3288,.F.);
#3430=ADVANCED_FACE('',(#3100),#3289,.T.);
#3431=ADVANCED_FACE('',(#3101),#3290,.T.);
#3432=ADVANCED_FACE('',(#3102),#3291,.F.);
#3433=ADVANCED_FACE('',(#3103),#3292,.T.);
#3434=ADVANCED_FACE('',(#3104),#3293,.T.);
#3435=ADVANCED_FACE('',(#3105),#3294,.F.);
#3436=ADVANCED_FACE('',(#3106),#3295,.T.);
#3437=ADVANCED_FACE('',(#3107),#3296,.T.);
#3438=ADVANCED_FACE('',(#3108),#3297,.F.);
#3439=ADVANCED_FACE('',(#3109),#3298,.T.);
#3440=ADVANCED_FACE('',(#3110),#3299,.T.);
#3441=ADVANCED_FACE('',(#3111),#3300,.F.);
#3442=ADVANCED_FACE('',(#3112),#3301,.T.);
#3443=ADVANCED_FACE('',(#3113),#3302,.T.);
#3444=ADVANCED_FACE('',(#3114),#3303,.F.);
#3445=ADVANCED_FACE('',(#3115),#3304,.T.);
#3446=ADVANCED_FACE('',(#3116),#3305,.T.);
#3447=ADVANCED_FACE('',(#3117),#3306,.F.);
#3448=ADVANCED_FACE('',(#3118),#3307,.T.);
#3449=ADVANCED_FACE('',(#3119),#3308,.T.);
#3450=ADVANCED_FACE('',(#3120),#3309,.F.);
#3451=ADVANCED_FACE('',(#3121),#3310,.T.);
#3452=ADVANCED_FACE('',(#3122),#3311,.T.);
#3453=ADVANCED_FACE('',(#3123),#3312,.F.);
#3454=ADVANCED_FACE('',(#3124),#3313,.T.);
#3455=ADVANCED_FACE('',(#3125),#3314,.T.);
#3456=ADVANCED_FACE('',(#3126),#3315,.F.);
#3457=ADVANCED_FACE('',(#3127),#3316,.T.);
#3458=ADVANCED_FACE('',(#3128),#3317,.T.);
#3459=ADVANCED_FACE('',(#3129),#3318,.F.);
#3460=ADVANCED_FACE('',(#3130),#3319,.T.);
#3461=ADVANCED_FACE('',(#3131),#3320,.T.);
#3462=ADVANCED_FACE('',(#3132),#3321,.F.);
#3463=ADVANCED_FACE('',(#3133),#3322,.T.);
#3464=ADVANCED_FACE('',(#3134),#3323,.T.);
#3465=ADVANCED_FACE('',(#3135),#3324,.F.);
#3466=ADVANCED_FACE('',(#3136),#3325,.T.);
#3467=ADVANCED_FACE('',(#3137),#3326,.T.);
#3468=ADVANCED_FACE('',(#3138),#3327,.F.);
#3469=ADVANCED_FACE('',(#3139),#3328,.T.);
#3470=ADVANCED_FACE('',(#3140),#3329,.T.);
#3471=ADVANCED_FACE('',(#3141),#3330,.F.);
#3472=ADVANCED_FACE('',(#3142),#3331,.T.);
#3473=ADVANCED_FACE('',(#3143),#3332,.T.);
#3474=ADVANCED_FACE('',(#3144),#3333,.F.);
#3475=ADVANCED_FACE('',(#3145),#3334,.T.);
#3476=ADVANCED_FACE('',(#3146),#3335,.T.);
#3477=ADVANCED_FACE('',(#3147),#3336,.F.);
#3478=ADVANCED_FACE('',(#3148),#3337,.T.);
#3479=ADVANCED_FACE('',(#3149),#3338,.T.);
#3480=ADVANCED_FACE('',(#3150),#3339,.F.);
#3481=ADVANCED_FACE('',(#3151),#3340,.T.);
#3482=ADVANCED_FACE('',(#3152,#3153),#12,.F.);
#3483=ADVANCED_FACE('',(#3154),#3341,.T.);
#3484=ADVANCED_FACE('',(#3155,#3156),#13,.F.);
#3485=ADVANCED_FACE('',(#3157),#3342,.T.);
#3486=ADVANCED_FACE('',(#3158,#3159),#14,.F.);
#3487=ADVANCED_FACE('',(#3160),#3343,.T.);
#3488=ADVANCED_FACE('',(#3161,#3162),#15,.F.);
#3489=ADVANCED_FACE('',(#3163),#3344,.T.);
#3490=ADVANCED_FACE('',(#3164,#3165),#16,.F.);
#3491=ADVANCED_FACE('',(#3166),#3345,.T.);
#3492=ADVANCED_FACE('',(#3167,#3168),#17,.F.);
#3493=ADVANCED_FACE('',(#3169),#3346,.T.);
#3494=ADVANCED_FACE('',(#3170,#3171),#18,.F.);
#3495=ADVANCED_FACE('',(#3172),#3347,.T.);
#3496=ADVANCED_FACE('',(#3173,#3174),#19,.F.);
#3497=ADVANCED_FACE('',(#3175),#3348,.T.);
#3498=ADVANCED_FACE('',(#3176,#3177),#20,.F.);
#3499=ADVANCED_FACE('',(#3178,#3179),#21,.F.);
#3500=ADVANCED_FACE('',(#3180,#3181),#22,.F.);
#3501=ADVANCED_FACE('',(#3182,#3183),#23,.F.);
#3502=ADVANCED_FACE('',(#3184,#3185),#24,.F.);
#3503=ADVANCED_FACE('',(#3186,#3187),#25,.F.);
#3504=ADVANCED_FACE('',(#3188,#3189),#26,.F.);
#3505=ADVANCED_FACE('',(#3190,#3191),#27,.F.);
#3506=ADVANCED_FACE('',(#3192,#3193),#28,.F.);
#3507=ADVANCED_FACE('',(#3194,#3195),#29,.F.);
#3508=ADVANCED_FACE('',(#3196,#3197),#30,.F.);
#3509=ADVANCED_FACE('',(#3198,#3199),#31,.F.);
#3510=ADVANCED_FACE('',(#3200,#3201),#32,.F.);
#3511=ADVANCED_FACE('',(#3202,#3203),#33,.F.);
#3512=ADVANCED_FACE('',(#3204,#3205),#34,.F.);
#3513=ADVANCED_FACE('',(#3206,#3207),#35,.F.);
#3514=CLOSED_SHELL('',(#3349,#3350,#3351,#3352,#3353,#3354,#3355,#3356,
#3357,#3358,#3359,#3360,#3361,#3362,#3363,#3364,#3365,#3366,#3367,#3368,
#3369,#3370,#3371,#3372,#3373,#3374,#3375,#3376,#3377,#3378,#3379,#3380,
#3381,#3382,#3383,#3384,#3385,#3386,#3387,#3388,#3389,#3390,#3391,#3392,
#3393,#3394,#3395,#3396,#3397,#3398,#3399,#3400,#3401,#3402,#3403,#3404,
#3405,#3406,#3407,#3408,#3409,#3410,#3411,#3412,#3413,#3414,#3415,#3416,
#3417,#3418,#3419,#3420,#3421,#3422,#3423,#3424,#3425,#3426,#3427,#3428,
#3429,#3430,#3431,#3432,#3433,#3434,#3435,#3436,#3437,#3438,#3439,#3440,
#3441,#3442,#3443,#3444,#3445,#3446,#3447,#3448,#3449,#3450,#3451,#3452,
#3453,#3454,#3455,#3456,#3457,#3458,#3459,#3460,#3461,#3462,#3463,#3464,
#3465,#3466,#3467,#3468,#3469,#3470,#3471,#3472,#3473,#3474,#3475,#3476,
#3477,#3478,#3479,#3480,#3481,#3482,#3483,#3484,#3485,#3486,#3487,#3488,
#3489,#3490,#3491,#3492,#3493,#3494,#3495,#3496,#3497,#3498,#3499,#3500,
#3501,#3502,#3503,#3504,#3505,#3506,#3507,#3508,#3509,#3510,#3511,#3512,
#3513));
#3515=STYLED_ITEM('',(#3516),#3523);
#3516=PRESENTATION_STYLE_ASSIGNMENT((#3517));
#3517=SURFACE_STYLE_USAGE(.BOTH.,#3518);
#3518=SURFACE_SIDE_STYLE('',(#3519));
#3519=SURFACE_STYLE_FILL_AREA(#3520);
#3520=FILL_AREA_STYLE('',(#3521));
#3521=FILL_AREA_STYLE_COLOUR('',#3522);
#3522=COLOUR_RGB('',0.615686274509804,0.811764705882353,0.929411764705882);
#3523=MANIFOLD_SOLID_BREP('Part 1',#3514);
#3524=SHAPE_DEFINITION_REPRESENTATION(#5588,#3525);
#3525=SHAPE_REPRESENTATION('Part 1',(#3526),#5583);
#3526=AXIS2_PLACEMENT_3D('',#4600,#3740,#3741);
#3527=AXIS2_PLACEMENT_3D('',#4601,#3742,#3743);
#3528=AXIS2_PLACEMENT_3D('',#4602,#3744,#3745);
#3529=AXIS2_PLACEMENT_3D('',#4636,#3762,#3763);
#3530=AXIS2_PLACEMENT_3D('',#4637,#3764,#3765);
#3531=AXIS2_PLACEMENT_3D('',#4644,#3769,#3770);
#3532=AXIS2_PLACEMENT_3D('',#4645,#3771,#3772);
#3533=AXIS2_PLACEMENT_3D('',#4652,#3776,#3777);
#3534=AXIS2_PLACEMENT_3D('',#4658,#3781,#3782);
#3535=AXIS2_PLACEMENT_3D('',#4659,#3783,#3784);
#3536=AXIS2_PLACEMENT_3D('',#4666,#3788,#3789);
#3537=AXIS2_PLACEMENT_3D('',#4672,#3793,#3794);
#3538=AXIS2_PLACEMENT_3D('',#4673,#3795,#3796);
#3539=AXIS2_PLACEMENT_3D('',#4680,#3800,#3801);
#3540=AXIS2_PLACEMENT_3D('',#4683,#3804,#3805);
#3541=AXIS2_PLACEMENT_3D('',#4684,#3806,#3807);
#3542=AXIS2_PLACEMENT_3D('',#4948,#3941,#3942);
#3543=AXIS2_PLACEMENT_3D('',#4949,#3943,#3944);
#3544=AXIS2_PLACEMENT_3D('',#4971,#3957,#3958);
#3545=AXIS2_PLACEMENT_3D('',#4972,#3959,#3960);
#3546=AXIS2_PLACEMENT_3D('',#4994,#3973,#3974);
#3547=AXIS2_PLACEMENT_3D('',#4995,#3975,#3976);
#3548=AXIS2_PLACEMENT_3D('',#4998,#3978,#3979);
#3549=AXIS2_PLACEMENT_3D('',#5002,#3982,#3983);
#3550=AXIS2_PLACEMENT_3D('',#5003,#3984,#3985);
#3551=AXIS2_PLACEMENT_3D('',#5008,#3988,#3989);
#3552=AXIS2_PLACEMENT_3D('',#5012,#3992,#3993);
#3553=AXIS2_PLACEMENT_3D('',#5013,#3994,#3995);
#3554=AXIS2_PLACEMENT_3D('',#5018,#3998,#3999);
#3555=AXIS2_PLACEMENT_3D('',#5020,#4001,#4002);
#3556=AXIS2_PLACEMENT_3D('',#5021,#4003,#4004);
#3557=AXIS2_PLACEMENT_3D('',#5022,#4005,#4006);
#3558=AXIS2_PLACEMENT_3D('',#5044,#4019,#4020);
#3559=AXIS2_PLACEMENT_3D('',#5045,#4021,#4022);
#3560=AXIS2_PLACEMENT_3D('',#5067,#4035,#4036);
#3561=AXIS2_PLACEMENT_3D('',#5068,#4037,#4038);
#3562=AXIS2_PLACEMENT_3D('',#5071,#4040,#4041);
#3563=AXIS2_PLACEMENT_3D('',#5075,#4044,#4045);
#3564=AXIS2_PLACEMENT_3D('',#5076,#4046,#4047);
#3565=AXIS2_PLACEMENT_3D('',#5081,#4050,#4051);
#3566=AXIS2_PLACEMENT_3D('',#5085,#4054,#4055);
#3567=AXIS2_PLACEMENT_3D('',#5086,#4056,#4057);
#3568=AXIS2_PLACEMENT_3D('',#5091,#4060,#4061);
#3569=AXIS2_PLACEMENT_3D('',#5093,#4063,#4064);
#3570=AXIS2_PLACEMENT_3D('',#5094,#4065,#4066);
#3571=AXIS2_PLACEMENT_3D('',#5095,#4067,#4068);
#3572=AXIS2_PLACEMENT_3D('',#5117,#4081,#4082);
#3573=AXIS2_PLACEMENT_3D('',#5118,#4083,#4084);
#3574=AXIS2_PLACEMENT_3D('',#5123,#4087,#4088);
#3575=AXIS2_PLACEMENT_3D('',#5127,#4091,#4092);
#3576=AXIS2_PLACEMENT_3D('',#5128,#4093,#4094);
#3577=AXIS2_PLACEMENT_3D('',#5133,#4097,#4098);
#3578=AXIS2_PLACEMENT_3D('',#5137,#4101,#4102);
#3579=AXIS2_PLACEMENT_3D('',#5138,#4103,#4104);
#3580=AXIS2_PLACEMENT_3D('',#5143,#4107,#4108);
#3581=AXIS2_PLACEMENT_3D('',#5147,#4111,#4112);
#3582=AXIS2_PLACEMENT_3D('',#5148,#4113,#4114);
#3583=AXIS2_PLACEMENT_3D('',#5161,#4122,#4123);
#3584=AXIS2_PLACEMENT_3D('',#5162,#4124,#4125);
#3585=AXIS2_PLACEMENT_3D('',#5163,#4126,#4127);
#3586=AXIS2_PLACEMENT_3D('',#5180,#4137,#4138);
#3587=AXIS2_PLACEMENT_3D('',#5181,#4139,#4140);
#3588=AXIS2_PLACEMENT_3D('',#5188,#4144,#4145);
#3589=AXIS2_PLACEMENT_3D('',#5192,#4148,#4149);
#3590=AXIS2_PLACEMENT_3D('',#5193,#4150,#4151);
#3591=AXIS2_PLACEMENT_3D('',#5213,#4163,#4164);
#3592=AXIS2_PLACEMENT_3D('',#5214,#4165,#4166);
#3593=AXIS2_PLACEMENT_3D('',#5217,#4168,#4169);
#3594=AXIS2_PLACEMENT_3D('',#5221,#4172,#4173);
#3595=AXIS2_PLACEMENT_3D('',#5222,#4174,#4175);
#3596=AXIS2_PLACEMENT_3D('',#5227,#4178,#4179);
#3597=AXIS2_PLACEMENT_3D('',#5229,#4181,#4182);
#3598=AXIS2_PLACEMENT_3D('',#5230,#4183,#4184);
#3599=AXIS2_PLACEMENT_3D('',#5231,#4185,#4186);
#3600=AXIS2_PLACEMENT_3D('',#5253,#4199,#4200);
#3601=AXIS2_PLACEMENT_3D('',#5254,#4201,#4202);
#3602=AXIS2_PLACEMENT_3D('',#5276,#4215,#4216);
#3603=AXIS2_PLACEMENT_3D('',#5277,#4217,#4218);
#3604=AXIS2_PLACEMENT_3D('',#5280,#4220,#4221);
#3605=AXIS2_PLACEMENT_3D('',#5284,#4224,#4225);
#3606=AXIS2_PLACEMENT_3D('',#5285,#4226,#4227);
#3607=AXIS2_PLACEMENT_3D('',#5290,#4230,#4231);
#3608=AXIS2_PLACEMENT_3D('',#5294,#4234,#4235);
#3609=AXIS2_PLACEMENT_3D('',#5295,#4236,#4237);
#3610=AXIS2_PLACEMENT_3D('',#5300,#4240,#4241);
#3611=AXIS2_PLACEMENT_3D('',#5302,#4243,#4244);
#3612=AXIS2_PLACEMENT_3D('',#5303,#4245,#4246);
#3613=AXIS2_PLACEMENT_3D('',#5304,#4247,#4248);
#3614=AXIS2_PLACEMENT_3D('',#5326,#4261,#4262);
#3615=AXIS2_PLACEMENT_3D('',#5327,#4263,#4264);
#3616=AXIS2_PLACEMENT_3D('',#5349,#4277,#4278);
#3617=AXIS2_PLACEMENT_3D('',#5350,#4279,#4280);
#3618=AXIS2_PLACEMENT_3D('',#5353,#4282,#4283);
#3619=AXIS2_PLACEMENT_3D('',#5357,#4286,#4287);
#3620=AXIS2_PLACEMENT_3D('',#5358,#4288,#4289);
#3621=AXIS2_PLACEMENT_3D('',#5363,#4292,#4293);
#3622=AXIS2_PLACEMENT_3D('',#5367,#4296,#4297);
#3623=AXIS2_PLACEMENT_3D('',#5368,#4298,#4299);
#3624=AXIS2_PLACEMENT_3D('',#5373,#4302,#4303);
#3625=AXIS2_PLACEMENT_3D('',#5375,#4305,#4306);
#3626=AXIS2_PLACEMENT_3D('',#5376,#4307,#4308);
#3627=AXIS2_PLACEMENT_3D('',#5377,#4309,#4310);
#3628=AXIS2_PLACEMENT_3D('',#5399,#4323,#4324);
#3629=AXIS2_PLACEMENT_3D('',#5400,#4325,#4326);
#3630=AXIS2_PLACEMENT_3D('',#5407,#4330,#4331);
#3631=AXIS2_PLACEMENT_3D('',#5408,#4332,#4333);
#3632=AXIS2_PLACEMENT_3D('',#5411,#4335,#4336);
#3633=AXIS2_PLACEMENT_3D('',#5415,#4339,#4340);
#3634=AXIS2_PLACEMENT_3D('',#5416,#4341,#4342);
#3635=AXIS2_PLACEMENT_3D('',#5421,#4345,#4346);
#3636=AXIS2_PLACEMENT_3D('',#5425,#4349,#4350);
#3637=AXIS2_PLACEMENT_3D('',#5426,#4351,#4352);
#3638=AXIS2_PLACEMENT_3D('',#5431,#4355,#4356);
#3639=AXIS2_PLACEMENT_3D('',#5433,#4358,#4359);
#3640=AXIS2_PLACEMENT_3D('',#5434,#4360,#4361);
#3641=AXIS2_PLACEMENT_3D('',#5436,#4363,#4364);
#3642=AXIS2_PLACEMENT_3D('',#5438,#4366,#4367);
#3643=AXIS2_PLACEMENT_3D('',#5439,#4368,#4369);
#3644=AXIS2_PLACEMENT_3D('',#5441,#4371,#4372);
#3645=AXIS2_PLACEMENT_3D('',#5443,#4374,#4375);
#3646=AXIS2_PLACEMENT_3D('',#5444,#4376,#4377);
#3647=AXIS2_PLACEMENT_3D('',#5446,#4379,#4380);
#3648=AXIS2_PLACEMENT_3D('',#5448,#4382,#4383);
#3649=AXIS2_PLACEMENT_3D('',#5449,#4384,#4385);
#3650=AXIS2_PLACEMENT_3D('',#5451,#4387,#4388);
#3651=AXIS2_PLACEMENT_3D('',#5453,#4390,#4391);
#3652=AXIS2_PLACEMENT_3D('',#5454,#4392,#4393);
#3653=AXIS2_PLACEMENT_3D('',#5456,#4395,#4396);
#3654=AXIS2_PLACEMENT_3D('',#5458,#4398,#4399);
#3655=AXIS2_PLACEMENT_3D('',#5459,#4400,#4401);
#3656=AXIS2_PLACEMENT_3D('',#5461,#4403,#4404);
#3657=AXIS2_PLACEMENT_3D('',#5463,#4406,#4407);
#3658=AXIS2_PLACEMENT_3D('',#5464,#4408,#4409);
#3659=AXIS2_PLACEMENT_3D('',#5466,#4411,#4412);
#3660=AXIS2_PLACEMENT_3D('',#5468,#4414,#4415);
#3661=AXIS2_PLACEMENT_3D('',#5469,#4416,#4417);
#3662=AXIS2_PLACEMENT_3D('',#5471,#4419,#4420);
#3663=AXIS2_PLACEMENT_3D('',#5473,#4422,#4423);
#3664=AXIS2_PLACEMENT_3D('',#5474,#4424,#4425);
#3665=AXIS2_PLACEMENT_3D('',#5476,#4427,#4428);
#3666=AXIS2_PLACEMENT_3D('',#5478,#4430,#4431);
#3667=AXIS2_PLACEMENT_3D('',#5479,#4432,#4433);
#3668=AXIS2_PLACEMENT_3D('',#5481,#4435,#4436);
#3669=AXIS2_PLACEMENT_3D('',#5483,#4438,#4439);
#3670=AXIS2_PLACEMENT_3D('',#5484,#4440,#4441);
#3671=AXIS2_PLACEMENT_3D('',#5486,#4443,#4444);
#3672=AXIS2_PLACEMENT_3D('',#5488,#4446,#4447);
#3673=AXIS2_PLACEMENT_3D('',#5489,#4448,#4449);
#3674=AXIS2_PLACEMENT_3D('',#5491,#4451,#4452);
#3675=AXIS2_PLACEMENT_3D('',#5493,#4454,#4455);
#3676=AXIS2_PLACEMENT_3D('',#5494,#4456,#4457);
#3677=AXIS2_PLACEMENT_3D('',#5496,#4459,#4460);
#3678=AXIS2_PLACEMENT_3D('',#5498,#4462,#4463);
#3679=AXIS2_PLACEMENT_3D('',#5499,#4464,#4465);
#3680=AXIS2_PLACEMENT_3D('',#5501,#4467,#4468);
#3681=AXIS2_PLACEMENT_3D('',#5503,#4470,#4471);
#3682=AXIS2_PLACEMENT_3D('',#5504,#4472,#4473);
#3683=AXIS2_PLACEMENT_3D('',#5506,#4475,#4476);
#3684=AXIS2_PLACEMENT_3D('',#5508,#4478,#4479);
#3685=AXIS2_PLACEMENT_3D('',#5509,#4480,#4481);
#3686=AXIS2_PLACEMENT_3D('',#5511,#4483,#4484);
#3687=AXIS2_PLACEMENT_3D('',#5513,#4486,#4487);
#3688=AXIS2_PLACEMENT_3D('',#5514,#4488,#4489);
#3689=AXIS2_PLACEMENT_3D('',#5516,#4491,#4492);
#3690=AXIS2_PLACEMENT_3D('',#5518,#4494,#4495);
#3691=AXIS2_PLACEMENT_3D('',#5519,#4496,#4497);
#3692=AXIS2_PLACEMENT_3D('',#5521,#4499,#4500);
#3693=AXIS2_PLACEMENT_3D('',#5523,#4502,#4503);
#3694=AXIS2_PLACEMENT_3D('',#5524,#4504,#4505);
#3695=AXIS2_PLACEMENT_3D('',#5526,#4507,#4508);
#3696=AXIS2_PLACEMENT_3D('',#5528,#4510,#4511);
#3697=AXIS2_PLACEMENT_3D('',#5529,#4512,#4513);
#3698=AXIS2_PLACEMENT_3D('',#5531,#4515,#4516);
#3699=AXIS2_PLACEMENT_3D('',#5533,#4518,#4519);
#3700=AXIS2_PLACEMENT_3D('',#5534,#4520,#4521);
#3701=AXIS2_PLACEMENT_3D('',#5535,#4522,#4523);
#3702=AXIS2_PLACEMENT_3D('',#5537,#4524,#4525);
#3703=AXIS2_PLACEMENT_3D('',#5538,#4526,#4527);
#3704=AXIS2_PLACEMENT_3D('',#5539,#4528,#4529);
#3705=AXIS2_PLACEMENT_3D('',#5541,#4530,#4531);
#3706=AXIS2_PLACEMENT_3D('',#5542,#4532,#4533);
#3707=AXIS2_PLACEMENT_3D('',#5543,#4534,#4535);
#3708=AXIS2_PLACEMENT_3D('',#5545,#4536,#4537);
#3709=AXIS2_PLACEMENT_3D('',#5546,#4538,#4539);
#3710=AXIS2_PLACEMENT_3D('',#5547,#4540,#4541);
#3711=AXIS2_PLACEMENT_3D('',#5549,#4542,#4543);
#3712=AXIS2_PLACEMENT_3D('',#5550,#4544,#4545);
#3713=AXIS2_PLACEMENT_3D('',#5551,#4546,#4547);
#3714=AXIS2_PLACEMENT_3D('',#5553,#4548,#4549);
#3715=AXIS2_PLACEMENT_3D('',#5554,#4550,#4551);
#3716=AXIS2_PLACEMENT_3D('',#5555,#4552,#4553);
#3717=AXIS2_PLACEMENT_3D('',#5557,#4554,#4555);
#3718=AXIS2_PLACEMENT_3D('',#5558,#4556,#4557);
#3719=AXIS2_PLACEMENT_3D('',#5559,#4558,#4559);
#3720=AXIS2_PLACEMENT_3D('',#5561,#4560,#4561);
#3721=AXIS2_PLACEMENT_3D('',#5562,#4562,#4563);
#3722=AXIS2_PLACEMENT_3D('',#5563,#4564,#4565);
#3723=AXIS2_PLACEMENT_3D('',#5565,#4566,#4567);
#3724=AXIS2_PLACEMENT_3D('',#5566,#4568,#4569);
#3725=AXIS2_PLACEMENT_3D('',#5567,#4570,#4571);
#3726=AXIS2_PLACEMENT_3D('',#5568,#4572,#4573);
#3727=AXIS2_PLACEMENT_3D('',#5569,#4574,#4575);
#3728=AXIS2_PLACEMENT_3D('',#5570,#4576,#4577);
#3729=AXIS2_PLACEMENT_3D('',#5571,#4578,#4579);
#3730=AXIS2_PLACEMENT_3D('',#5572,#4580,#4581);
#3731=AXIS2_PLACEMENT_3D('',#5573,#4582,#4583);
#3732=AXIS2_PLACEMENT_3D('',#5574,#4584,#4585);
#3733=AXIS2_PLACEMENT_3D('',#5575,#4586,#4587);
#3734=AXIS2_PLACEMENT_3D('',#5576,#4588,#4589);
#3735=AXIS2_PLACEMENT_3D('',#5577,#4590,#4591);
#3736=AXIS2_PLACEMENT_3D('',#5578,#4592,#4593);
#3737=AXIS2_PLACEMENT_3D('',#5579,#4594,#4595);
#3738=AXIS2_PLACEMENT_3D('',#5580,#4596,#4597);
#3739=AXIS2_PLACEMENT_3D('',#5581,#4598,#4599);
#3740=DIRECTION('',(0.,0.,1.));
#3741=DIRECTION('',(1.,0.,0.));
#3742=DIRECTION('',(1.,0.,0.));
#3743=DIRECTION('',(0.,0.,-1.));
#3744=DIRECTION('',(1.,0.,0.));
#3745=DIRECTION('',(0.,0.,-1.));
#3746=DIRECTION('',(0.,0.,-1.));
#3747=DIRECTION('',(0.,-1.,0.));
#3748=DIRECTION('',(0.,0.,-1.));
#3749=DIRECTION('',(0.,-1.,0.));
#3750=DIRECTION('',(0.,0.,-1.));
#3751=DIRECTION('',(0.,-1.,0.));
#3752=DIRECTION('',(0.,0.,-1.));
#3753=DIRECTION('',(0.,-1.,0.));
#3754=DIRECTION('',(0.,0.,-1.));
#3755=DIRECTION('',(0.,-1.,0.));
#3756=DIRECTION('',(0.,0.,-1.));
#3757=DIRECTION('',(0.,-1.,0.));
#3758=DIRECTION('',(0.,0.,-1.));
#3759=DIRECTION('',(0.,-1.,0.));
#3760=DIRECTION('',(0.,0.,-1.));
#3761=DIRECTION('',(0.,-1.,0.));
#3762=DIRECTION('',(0.,1.,0.));
#3763=DIRECTION('',(0.,0.,1.));
#3764=DIRECTION('',(0.,1.,0.));
#3765=DIRECTION('',(0.,0.,1.));
#3766=DIRECTION('',(1.,0.,0.));
#3767=DIRECTION('',(0.,0.,-1.));
#3768=DIRECTION('',(1.,0.,0.));
#3769=DIRECTION('',(1.,0.,0.));
#3770=DIRECTION('',(0.,0.,-1.));
#3771=DIRECTION('',(1.,0.,0.));
#3772=DIRECTION('',(0.,0.,-1.));
#3773=DIRECTION('',(0.,-1.,0.));
#3774=DIRECTION('',(0.,0.,-1.));
#3775=DIRECTION('',(0.,-1.,0.));
#3776=DIRECTION('',(0.,1.,0.));
#3777=DIRECTION('',(0.,0.,1.));
#3778=DIRECTION('',(1.,0.,0.));
#3779=DIRECTION('',(0.,0.,-1.));
#3780=DIRECTION('',(1.,0.,0.));
#3781=DIRECTION('',(1.,0.,0.));
#3782=DIRECTION('',(0.,0.,-1.));
#3783=DIRECTION('',(1.,0.,0.));
#3784=DIRECTION('',(0.,0.,-1.));
#3785=DIRECTION('',(0.,-1.,0.));
#3786=DIRECTION('',(0.,0.,-1.));
#3787=DIRECTION('',(0.,-1.,0.));
#3788=DIRECTION('',(0.,1.,0.));
#3789=DIRECTION('',(0.,0.,1.));
#3790=DIRECTION('',(1.,0.,0.));
#3791=DIRECTION('',(0.,0.,-1.));
#3792=DIRECTION('',(1.,0.,0.));
#3793=DIRECTION('',(1.,0.,0.));
#3794=DIRECTION('',(0.,0.,-1.));
#3795=DIRECTION('',(1.,0.,0.));
#3796=DIRECTION('',(0.,0.,-1.));
#3797=DIRECTION('',(0.,-1.,0.));
#3798=DIRECTION('',(0.,0.,-1.));
#3799=DIRECTION('',(0.,-1.,0.));
#3800=DIRECTION('',(0.,1.,0.));
#3801=DIRECTION('',(0.,0.,1.));
#3802=DIRECTION('',(1.,0.,0.));
#3803=DIRECTION('',(1.,0.,0.));
#3804=DIRECTION('',(0.,0.,1.));
#3805=DIRECTION('',(1.,0.,0.));
#3806=DIRECTION('',(0.,0.,1.));
#3807=DIRECTION('',(1.,0.,0.));
#3808=DIRECTION('',(1.,0.,0.));
#3809=DIRECTION('',(1.,0.,0.));
#3810=DIRECTION('',(0.,-1.,0.));
#3811=DIRECTION('',(1.,0.,0.));
#3812=DIRECTION('',(1.,0.,0.));
#3813=DIRECTION('',(0.,-1.,0.));
#3814=DIRECTION('',(1.,0.,0.));
#3815=DIRECTION('',(0.,-1.,0.));
#3816=DIRECTION('',(1.,0.,0.));
#3817=DIRECTION('',(0.,-1.,0.));
#3818=DIRECTION('',(1.,0.,0.));
#3819=DIRECTION('',(1.83775103255204E-16,-1.,0.));
#3820=DIRECTION('',(1.,0.,0.));
#3821=DIRECTION('',(1.83775103255204E-16,-1.,0.));
#3822=DIRECTION('',(1.,0.,0.));
#3823=DIRECTION('',(9.18875516276021E-17,-1.,0.));
#3824=DIRECTION('',(1.,0.,0.));
#3825=DIRECTION('',(4.5943775813801E-17,-1.,0.));
#3826=DIRECTION('',(1.,0.,0.));
#3827=DIRECTION('',(0.,-1.,0.));
#3828=DIRECTION('',(1.,0.,0.));
#3829=DIRECTION('',(0.,-1.,0.));
#3830=DIRECTION('',(1.,0.,0.));
#3831=DIRECTION('',(0.,-1.,0.));
#3832=DIRECTION('',(1.,0.,0.));
#3833=DIRECTION('',(0.,-1.,0.));
#3834=DIRECTION('',(1.,0.,0.));
#3835=DIRECTION('',(0.,-1.,0.));
#3836=DIRECTION('',(1.,0.,0.));
#3837=DIRECTION('',(0.,-1.,0.));
#3838=DIRECTION('',(1.,0.,0.));
#3839=DIRECTION('',(0.,-1.,0.));
#3840=DIRECTION('',(1.,0.,0.));
#3841=DIRECTION('',(0.,-1.,0.));
#3842=DIRECTION('',(1.,0.,0.));
#3843=DIRECTION('',(0.,-1.,0.));
#3844=DIRECTION('',(1.,0.,0.));
#3845=DIRECTION('',(0.,-1.,0.));
#3846=DIRECTION('',(1.,0.,0.));
#3847=DIRECTION('',(0.,-1.,0.));
#3848=DIRECTION('',(1.,0.,0.));
#3849=DIRECTION('',(0.,-1.,0.));
#3850=DIRECTION('',(1.,0.,0.));
#3851=DIRECTION('',(0.,-1.,0.));
#3852=DIRECTION('',(1.,0.,0.));
#3853=DIRECTION('',(0.,-1.,0.));
#3854=DIRECTION('',(1.,0.,0.));
#3855=DIRECTION('',(0.,-1.,0.));
#3856=DIRECTION('',(1.,0.,0.));
#3857=DIRECTION('',(0.,-1.,0.));
#3858=DIRECTION('',(1.,0.,0.));
#3859=DIRECTION('',(0.,-1.,0.));
#3860=DIRECTION('',(1.,0.,0.));
#3861=DIRECTION('',(0.,-1.,0.));
#3862=DIRECTION('',(1.,0.,0.));
#3863=DIRECTION('',(0.,-1.,0.));
#3864=DIRECTION('',(1.,0.,0.));
#3865=DIRECTION('',(0.,-1.,0.));
#3866=DIRECTION('',(1.,0.,0.));
#3867=DIRECTION('',(0.,-1.,0.));
#3868=DIRECTION('',(1.,0.,0.));
#3869=DIRECTION('',(0.,-1.,0.));
#3870=DIRECTION('',(1.,0.,0.));
#3871=DIRECTION('',(0.,-1.,0.));
#3872=DIRECTION('',(1.,0.,0.));
#3873=DIRECTION('',(4.5943775813801E-17,-1.,0.));
#3874=DIRECTION('',(1.,0.,0.));
#3875=DIRECTION('',(7.22801448323669E-17,-1.,0.));
#3876=DIRECTION('',(1.,0.,0.));
#3877=DIRECTION('',(7.22801448323669E-17,-1.,0.));
#3878=DIRECTION('',(1.,0.,0.));
#3879=DIRECTION('',(9.18875516276021E-17,-1.,0.));
#3880=DIRECTION('',(1.,0.,0.));
#3881=DIRECTION('',(1.83775103255204E-16,-1.,0.));
#3882=DIRECTION('',(1.,0.,0.));
#3883=DIRECTION('',(0.,-1.,0.));
#3884=DIRECTION('',(1.,0.,0.));
#3885=DIRECTION('',(0.,-1.,0.));
#3886=DIRECTION('',(1.,0.,0.));
#3887=DIRECTION('',(1.83775103255204E-16,-1.,0.));
#3888=DIRECTION('',(1.,0.,0.));
#3889=DIRECTION('',(0.,-1.,0.));
#3890=DIRECTION('',(1.,0.,0.));
#3891=DIRECTION('',(0.,-1.,0.));
#3892=DIRECTION('',(1.,0.,0.));
#3893=DIRECTION('',(0.,-1.,0.));
#3894=DIRECTION('',(1.,0.,0.));
#3895=DIRECTION('',(0.,-1.,0.));
#3896=DIRECTION('',(1.,0.,0.));
#3897=DIRECTION('',(1.,0.,0.));
#3898=DIRECTION('',(0.,-1.,0.));
#3899=DIRECTION('',(1.,0.,0.));
#3900=DIRECTION('',(1.83775103255204E-16,-1.,0.));
#3901=DIRECTION('',(1.,0.,0.));
#3902=DIRECTION('',(0.,-1.,0.));
#3903=DIRECTION('',(1.,0.,0.));
#3904=DIRECTION('',(1.83775103255204E-16,-1.,0.));
#3905=DIRECTION('',(1.,0.,0.));
#3906=DIRECTION('',(1.83775103255204E-16,-1.,0.));
#3907=DIRECTION('',(1.,0.,0.));
#3908=DIRECTION('',(9.18875516276021E-17,-1.,0.));
#3909=DIRECTION('',(1.,0.,0.));
#3910=DIRECTION('',(1.83775103255204E-16,-1.,0.));
#3911=DIRECTION('',(1.,0.,0.));
#3912=DIRECTION('',(9.18875516276021E-17,-1.,0.));
#3913=DIRECTION('',(1.,0.,0.));
#3914=DIRECTION('',(4.5943775813801E-17,-1.,0.));
#3915=DIRECTION('',(1.,0.,0.));
#3916=DIRECTION('',(0.,-1.,0.));
#3917=DIRECTION('',(1.,0.,0.));
#3918=DIRECTION('',(0.,-1.,0.));
#3919=DIRECTION('',(1.,0.,0.));
#3920=DIRECTION('',(0.,-1.,0.));
#3921=DIRECTION('',(1.,0.,0.));
#3922=DIRECTION('',(0.,-1.,0.));
#3923=DIRECTION('',(1.,0.,0.));
#3924=DIRECTION('',(0.,-1.,0.));
#3925=DIRECTION('',(1.,0.,0.));
#3926=DIRECTION('',(0.,-1.,0.));
#3927=DIRECTION('',(1.,0.,0.));
#3928=DIRECTION('',(0.,-1.,0.));
#3929=DIRECTION('',(1.,0.,0.));
#3930=DIRECTION('',(0.,-1.,0.));
#3931=DIRECTION('',(1.,0.,0.));
#3932=DIRECTION('',(0.,-1.,0.));
#3933=DIRECTION('',(1.,0.,0.));
#3934=DIRECTION('',(0.,-1.,0.));
#3935=DIRECTION('',(1.,0.,0.));
#3936=DIRECTION('',(0.,-1.,0.));
#3937=DIRECTION('',(1.,0.,0.));
#3938=DIRECTION('',(0.,-1.,0.));
#3939=DIRECTION('',(1.,0.,0.));
#3940=DIRECTION('',(0.,-1.,0.));
#3941=DIRECTION('',(1.,0.,0.));
#3942=DIRECTION('',(0.,0.,-1.));
#3943=DIRECTION('',(1.,0.,0.));
#3944=DIRECTION('',(0.,0.,-1.));
#3945=DIRECTION('',(0.,0.,-1.));
#3946=DIRECTION('',(0.,-1.,0.));
#3947=DIRECTION('',(0.,0.,-1.));
#3948=DIRECTION('',(0.,0.,-1.));
#3949=DIRECTION('',(0.,-1.,0.));
#3950=DIRECTION('',(0.,0.,-1.));
#3951=DIRECTION('',(0.,0.,-1.));
#3952=DIRECTION('',(0.,-1.,0.));
#3953=DIRECTION('',(0.,0.,-1.));
#3954=DIRECTION('',(0.,0.,-1.));
#3955=DIRECTION('',(0.,-1.,0.));
#3956=DIRECTION('',(0.,0.,-1.));
#3957=DIRECTION('',(1.,0.,0.));
#3958=DIRECTION('',(0.,0.,-1.));
#3959=DIRECTION('',(1.,0.,0.));
#3960=DIRECTION('',(0.,0.,-1.));
#3961=DIRECTION('',(0.,0.,-1.));
#3962=DIRECTION('',(0.,-1.,0.));
#3963=DIRECTION('',(0.,0.,-1.));
#3964=DIRECTION('',(0.,0.,-1.));
#3965=DIRECTION('',(0.,-1.,0.));
#3966=DIRECTION('',(0.,0.,-1.));
#3967=DIRECTION('',(0.,0.,-1.));
#3968=DIRECTION('',(0.,-1.,0.));
#3969=DIRECTION('',(0.,0.,-1.));
#3970=DIRECTION('',(0.,0.,-1.));
#3971=DIRECTION('',(0.,-1.,0.));
#3972=DIRECTION('',(0.,0.,-1.));
#3973=DIRECTION('',(0.,1.,0.));
#3974=DIRECTION('',(0.,0.,1.));
#3975=DIRECTION('',(0.,1.,0.));
#3976=DIRECTION('',(0.,0.,1.));
#3977=DIRECTION('',(1.,0.,0.));
#3978=DIRECTION('',(0.,1.,0.));
#3979=DIRECTION('',(0.,0.,1.));
#3980=DIRECTION('',(0.,0.,-1.));
#3981=DIRECTION('',(1.,0.,0.));
#3982=DIRECTION('',(1.,0.,0.));
#3983=DIRECTION('',(0.,0.,-1.));
#3984=DIRECTION('',(1.,0.,0.));
#3985=DIRECTION('',(0.,0.,-1.));
#3986=DIRECTION('',(0.,0.,-1.));
#3987=DIRECTION('',(0.,-1.,0.));
#3988=DIRECTION('',(0.,1.,0.));
#3989=DIRECTION('',(0.,0.,1.));
#3990=DIRECTION('',(0.,0.,-1.));
#3991=DIRECTION('',(1.,0.,0.));
#3992=DIRECTION('',(1.,0.,0.));
#3993=DIRECTION('',(0.,0.,-1.));
#3994=DIRECTION('',(1.,0.,0.));
#3995=DIRECTION('',(0.,0.,-1.));
#3996=DIRECTION('',(0.,0.,-1.));
#3997=DIRECTION('',(0.,-1.,0.));
#3998=DIRECTION('',(0.,1.,0.));
#3999=DIRECTION('',(0.,0.,1.));
#4000=DIRECTION('',(1.,0.,0.));
#4001=DIRECTION('',(0.,0.,1.));
#4002=DIRECTION('',(1.,0.,0.));
#4003=DIRECTION('',(1.,1.83775103255204E-16,0.));
#4004=DIRECTION('',(-1.83775103255204E-16,1.,0.));
#4005=DIRECTION('',(1.,1.83775103255204E-16,0.));
#4006=DIRECTION('',(-1.83775103255204E-16,1.,0.));
#4007=DIRECTION('',(0.,0.,-1.));
#4008=DIRECTION('',(0.,-1.,0.));
#4009=DIRECTION('',(0.,0.,-1.));
#4010=DIRECTION('',(0.,0.,-1.));
#4011=DIRECTION('',(1.83775103255204E-16,-1.,0.));
#4012=DIRECTION('',(0.,0.,-1.));
#4013=DIRECTION('',(0.,0.,-1.));
#4014=DIRECTION('',(0.,-1.,0.));
#4015=DIRECTION('',(0.,0.,-1.));
#4016=DIRECTION('',(0.,0.,-1.));
#4017=DIRECTION('',(0.,-1.,0.));
#4018=DIRECTION('',(0.,0.,-1.));
#4019=DIRECTION('',(1.,1.83775103255204E-16,0.));
#4020=DIRECTION('',(-1.83775103255204E-16,1.,0.));
#4021=DIRECTION('',(1.,1.83775103255204E-16,0.));
#4022=DIRECTION('',(-1.83775103255204E-16,1.,0.));
#4023=DIRECTION('',(0.,0.,-1.));
#4024=DIRECTION('',(0.,-1.,0.));
#4025=DIRECTION('',(0.,0.,-1.));
#4026=DIRECTION('',(0.,0.,-1.));
#4027=DIRECTION('',(1.83775103255204E-16,-1.,0.));
#4028=DIRECTION('',(0.,0.,-1.));
#4029=DIRECTION('',(0.,0.,-1.));
#4030=DIRECTION('',(0.,-1.,0.));
#4031=DIRECTION('',(0.,0.,-1.));
#4032=DIRECTION('',(0.,0.,-1.));
#4033=DIRECTION('',(0.,-1.,0.));
#4034=DIRECTION('',(0.,0.,-1.));
#4035=DIRECTION('',(0.,1.,0.));
#4036=DIRECTION('',(0.,0.,1.));
#4037=DIRECTION('',(0.,1.,0.));
#4038=DIRECTION('',(0.,0.,1.));
#4039=DIRECTION('',(1.,0.,0.));
#4040=DIRECTION('',(0.,1.,0.));
#4041=DIRECTION('',(0.,0.,1.));
#4042=DIRECTION('',(0.,0.,-1.));
#4043=DIRECTION('',(1.,0.,0.));
#4044=DIRECTION('',(1.,0.,0.));
#4045=DIRECTION('',(0.,0.,-1.));
#4046=DIRECTION('',(1.,0.,0.));
#4047=DIRECTION('',(0.,0.,-1.));
#4048=DIRECTION('',(0.,0.,-1.));
#4049=DIRECTION('',(0.,-1.,0.));
#4050=DIRECTION('',(0.,1.,0.));
#4051=DIRECTION('',(0.,0.,1.));
#4052=DIRECTION('',(0.,0.,-1.));
#4053=DIRECTION('',(1.,0.,0.));
#4054=DIRECTION('',(1.,0.,0.));
#4055=DIRECTION('',(0.,0.,-1.));
#4056=DIRECTION('',(1.,0.,0.));
#4057=DIRECTION('',(0.,0.,-1.));
#4058=DIRECTION('',(0.,0.,-1.));
#4059=DIRECTION('',(0.,-1.,0.));
#4060=DIRECTION('',(0.,1.,0.));
#4061=DIRECTION('',(0.,0.,1.));
#4062=DIRECTION('',(1.,0.,0.));
#4063=DIRECTION('',(0.,0.,1.));
#4064=DIRECTION('',(1.,0.,0.));
#4065=DIRECTION('',(1.,9.18875516276021E-17,0.));
#4066=DIRECTION('',(-9.18875516276021E-17,1.,0.));
#4067=DIRECTION('',(1.,9.18875516276021E-17,0.));
#4068=DIRECTION('',(-9.18875516276021E-17,1.,0.));
#4069=DIRECTION('',(0.,0.,-1.));
#4070=DIRECTION('',(0.,-1.,0.));
#4071=DIRECTION('',(0.,0.,-1.));
#4072=DIRECTION('',(0.,0.,-1.));
#4073=DIRECTION('',(9.18875516276021E-17,-1.,0.));
#4074=DIRECTION('',(0.,0.,-1.));
#4075=DIRECTION('',(0.,0.,-1.));
#4076=DIRECTION('',(0.,-1.,0.));
#4077=DIRECTION('',(0.,0.,-1.));
#4078=DIRECTION('',(0.,0.,-1.));
#4079=DIRECTION('',(8.67361737988402E-17,-1.,0.));
#4080=DIRECTION('',(0.,0.,-1.));
#4081=DIRECTION('',(0.,1.,0.));
#4082=DIRECTION('',(0.,0.,1.));
#4083=DIRECTION('',(0.,1.,0.));
#4084=DIRECTION('',(0.,0.,1.));
#4085=DIRECTION('',(1.,0.,0.));
#4086=DIRECTION('',(0.,0.,-1.));
#4087=DIRECTION('',(0.,1.,0.));
#4088=DIRECTION('',(0.,0.,1.));
#4089=DIRECTION('',(0.,0.,-1.));
#4090=DIRECTION('',(1.,0.,0.));
#4091=DIRECTION('',(1.,7.22801448323669E-17,0.));
#4092=DIRECTION('',(-7.22801448323669E-17,1.,0.));
#4093=DIRECTION('',(1.,7.22801448323669E-17,0.));
#4094=DIRECTION('',(-7.22801448323669E-17,1.,0.));
#4095=DIRECTION('',(0.,0.,-1.));
#4096=DIRECTION('',(7.22801448323669E-17,-1.,0.));
#4097=DIRECTION('',(0.,1.,0.));
#4098=DIRECTION('',(0.,0.,1.));
#4099=DIRECTION('',(0.,0.,-1.));
#4100=DIRECTION('',(1.,0.,0.));
#4101=DIRECTION('',(1.,7.22801448323669E-17,0.));
#4102=DIRECTION('',(-7.22801448323669E-17,1.,0.));
#4103=DIRECTION('',(1.,7.22801448323669E-17,0.));
#4104=DIRECTION('',(-7.22801448323669E-17,1.,0.));
#4105=DIRECTION('',(0.,0.,-1.));
#4106=DIRECTION('',(7.22801448323669E-17,-1.,0.));
#4107=DIRECTION('',(0.,1.,0.));
#4108=DIRECTION('',(0.,0.,1.));
#4109=DIRECTION('',(0.,0.,-1.));
#4110=DIRECTION('',(1.,0.,0.));
#4111=DIRECTION('',(1.,4.5943775813801E-17,0.));
#4112=DIRECTION('',(-4.5943775813801E-17,1.,0.));
#4113=DIRECTION('',(1.,4.5943775813801E-17,0.));
#4114=DIRECTION('',(-4.5943775813801E-17,1.,0.));
#4115=DIRECTION('',(0.,0.,-1.));
#4116=DIRECTION('',(8.67361737988404E-17,-1.,0.));
#4117=DIRECTION('',(0.,0.,-1.));
#4118=DIRECTION('',(4.5943775813801E-17,-1.,0.));
#4119=DIRECTION('',(0.,0.,-1.));
#4120=DIRECTION('',(4.33680868994202E-17,-1.,0.));
#4121=DIRECTION('',(0.,0.,-1.));
#4122=DIRECTION('',(0.,0.,1.));
#4123=DIRECTION('',(1.,0.,0.));
#4124=DIRECTION('',(1.,0.,0.));
#4125=DIRECTION('',(0.,0.,-1.));
#4126=DIRECTION('',(1.,0.,0.));
#4127=DIRECTION('',(0.,0.,-1.));
#4128=DIRECTION('',(0.,0.,-1.));
#4129=DIRECTION('',(0.,-1.,0.));
#4130=DIRECTION('',(0.,0.,-1.));
#4131=DIRECTION('',(0.,0.,-1.));
#4132=DIRECTION('',(0.,-1.,0.));
#4133=DIRECTION('',(0.,0.,-1.));
#4134=DIRECTION('',(0.,0.,-1.));
#4135=DIRECTION('',(0.,-1.,0.));
#4136=DIRECTION('',(0.,0.,-1.));
#4137=DIRECTION('',(1.,0.,0.));
#4138=DIRECTION('',(0.,0.,-1.));
#4139=DIRECTION('',(1.,0.,0.));
#4140=DIRECTION('',(0.,0.,-1.));
#4141=DIRECTION('',(0.,0.,-1.));
#4142=DIRECTION('',(0.,-1.,0.));
#4143=DIRECTION('',(0.,0.,-1.));
#4144=DIRECTION('',(0.,1.,0.));
#4145=DIRECTION('',(0.,0.,1.));
#4146=DIRECTION('',(0.,0.,-1.));
#4147=DIRECTION('',(1.,0.,0.));
#4148=DIRECTION('',(1.,0.,0.));
#4149=DIRECTION('',(0.,0.,-1.));
#4150=DIRECTION('',(1.,0.,0.));
#4151=DIRECTION('',(0.,0.,-1.));
#4152=DIRECTION('',(0.,0.,-1.));
#4153=DIRECTION('',(0.,-1.,0.));
#4154=DIRECTION('',(0.,0.,-1.));
#4155=DIRECTION('',(0.,0.,-1.));
#4156=DIRECTION('',(0.,-1.,0.));
#4157=DIRECTION('',(0.,0.,-1.));
#4158=DIRECTION('',(0.,-1.,0.));
#4159=DIRECTION('',(0.,0.,-1.));
#4160=DIRECTION('',(0.,0.,-1.));
#4161=DIRECTION('',(0.,-1.,0.));
#4162=DIRECTION('',(0.,0.,-1.));
#4163=DIRECTION('',(0.,1.,0.));
#4164=DIRECTION('',(0.,0.,1.));
#4165=DIRECTION('',(0.,1.,0.));
#4166=DIRECTION('',(0.,0.,1.));
#4167=DIRECTION('',(1.,0.,0.));
#4168=DIRECTION('',(0.,1.,0.));
#4169=DIRECTION('',(0.,0.,1.));
#4170=DIRECTION('',(0.,0.,-1.));
#4171=DIRECTION('',(1.,0.,0.));
#4172=DIRECTION('',(1.,0.,0.));
#4173=DIRECTION('',(0.,0.,-1.));
#4174=DIRECTION('',(1.,0.,0.));
#4175=DIRECTION('',(0.,0.,-1.));
#4176=DIRECTION('',(0.,0.,-1.));
#4177=DIRECTION('',(0.,-1.,0.));
#4178=DIRECTION('',(0.,1.,0.));
#4179=DIRECTION('',(0.,0.,1.));
#4180=DIRECTION('',(1.,0.,0.));
#4181=DIRECTION('',(0.,0.,1.));
#4182=DIRECTION('',(1.,0.,0.));
#4183=DIRECTION('',(1.,0.,0.));
#4184=DIRECTION('',(0.,0.,-1.));
#4185=DIRECTION('',(1.,0.,0.));
#4186=DIRECTION('',(0.,0.,-1.));
#4187=DIRECTION('',(0.,0.,-1.));
#4188=DIRECTION('',(0.,-1.,0.));
#4189=DIRECTION('',(0.,0.,-1.));
#4190=DIRECTION('',(0.,0.,-1.));
#4191=DIRECTION('',(0.,-1.,0.));
#4192=DIRECTION('',(0.,0.,-1.));
#4193=DIRECTION('',(0.,0.,-1.));
#4194=DIRECTION('',(0.,-1.,0.));
#4195=DIRECTION('',(0.,0.,-1.));
#4196=DIRECTION('',(0.,0.,-1.));
#4197=DIRECTION('',(0.,-1.,0.));
#4198=DIRECTION('',(0.,0.,-1.));
#4199=DIRECTION('',(1.,0.,0.));
#4200=DIRECTION('',(0.,0.,-1.));
#4201=DIRECTION('',(1.,0.,0.));
#4202=DIRECTION('',(0.,0.,-1.));
#4203=DIRECTION('',(0.,0.,-1.));
#4204=DIRECTION('',(0.,-1.,0.));
#4205=DIRECTION('',(0.,0.,-1.));
#4206=DIRECTION('',(0.,0.,-1.));
#4207=DIRECTION('',(0.,-1.,0.));
#4208=DIRECTION('',(0.,0.,-1.));
#4209=DIRECTION('',(0.,0.,-1.));
#4210=DIRECTION('',(0.,-1.,0.));
#4211=DIRECTION('',(0.,0.,-1.));
#4212=DIRECTION('',(0.,0.,-1.));
#4213=DIRECTION('',(0.,-1.,0.));
#4214=DIRECTION('',(0.,0.,-1.));
#4215=DIRECTION('',(0.,1.,0.));
#4216=DIRECTION('',(0.,0.,1.));
#4217=DIRECTION('',(0.,1.,0.));
#4218=DIRECTION('',(0.,0.,1.));
#4219=DIRECTION('',(1.,0.,0.));
#4220=DIRECTION('',(0.,1.,0.));
#4221=DIRECTION('',(0.,0.,1.));
#4222=DIRECTION('',(0.,0.,-1.));
#4223=DIRECTION('',(1.,0.,0.));
#4224=DIRECTION('',(1.,0.,0.));
#4225=DIRECTION('',(0.,0.,-1.));
#4226=DIRECTION('',(1.,0.,0.));
#4227=DIRECTION('',(0.,0.,-1.));
#4228=DIRECTION('',(0.,0.,-1.));
#4229=DIRECTION('',(0.,-1.,0.));
#4230=DIRECTION('',(0.,1.,0.));
#4231=DIRECTION('',(0.,0.,1.));
#4232=DIRECTION('',(0.,0.,-1.));
#4233=DIRECTION('',(1.,0.,0.));
#4234=DIRECTION('',(1.,0.,0.));
#4235=DIRECTION('',(0.,0.,-1.));
#4236=DIRECTION('',(1.,0.,0.));
#4237=DIRECTION('',(0.,0.,-1.));
#4238=DIRECTION('',(0.,0.,-1.));
#4239=DIRECTION('',(0.,-1.,0.));
#4240=DIRECTION('',(0.,1.,0.));
#4241=DIRECTION('',(0.,0.,1.));
#4242=DIRECTION('',(1.,0.,0.));
#4243=DIRECTION('',(0.,0.,1.));
#4244=DIRECTION('',(1.,0.,0.));
#4245=DIRECTION('',(1.,0.,0.));
#4246=DIRECTION('',(0.,0.,-1.));
#4247=DIRECTION('',(1.,0.,0.));
#4248=DIRECTION('',(0.,0.,-1.));
#4249=DIRECTION('',(0.,0.,-1.));
#4250=DIRECTION('',(0.,-1.,0.));
#4251=DIRECTION('',(0.,0.,-1.));
#4252=DIRECTION('',(0.,0.,-1.));
#4253=DIRECTION('',(0.,-1.,0.));
#4254=DIRECTION('',(0.,0.,-1.));
#4255=DIRECTION('',(0.,0.,-1.));
#4256=DIRECTION('',(0.,-1.,0.));
#4257=DIRECTION('',(0.,0.,-1.));
#4258=DIRECTION('',(0.,0.,-1.));
#4259=DIRECTION('',(0.,-1.,0.));
#4260=DIRECTION('',(0.,0.,-1.));
#4261=DIRECTION('',(1.,0.,0.));
#4262=DIRECTION('',(0.,0.,-1.));
#4263=DIRECTION('',(1.,0.,0.));
#4264=DIRECTION('',(0.,0.,-1.));
#4265=DIRECTION('',(0.,0.,-1.));
#4266=DIRECTION('',(0.,-1.,0.));
#4267=DIRECTION('',(0.,0.,-1.));
#4268=DIRECTION('',(0.,0.,-1.));
#4269=DIRECTION('',(0.,-1.,0.));
#4270=DIRECTION('',(0.,0.,-1.));
#4271=DIRECTION('',(0.,0.,-1.));
#4272=DIRECTION('',(0.,-1.,0.));
#4273=DIRECTION('',(0.,0.,-1.));
#4274=DIRECTION('',(0.,0.,-1.));
#4275=DIRECTION('',(0.,-1.,0.));
#4276=DIRECTION('',(0.,0.,-1.));
#4277=DIRECTION('',(0.,1.,0.));
#4278=DIRECTION('',(0.,0.,1.));
#4279=DIRECTION('',(0.,1.,0.));
#4280=DIRECTION('',(0.,0.,1.));
#4281=DIRECTION('',(1.,0.,0.));
#4282=DIRECTION('',(0.,1.,0.));
#4283=DIRECTION('',(0.,0.,1.));
#4284=DIRECTION('',(0.,0.,-1.));
#4285=DIRECTION('',(1.,0.,0.));
#4286=DIRECTION('',(1.,0.,0.));
#4287=DIRECTION('',(0.,0.,-1.));
#4288=DIRECTION('',(1.,0.,0.));
#4289=DIRECTION('',(0.,0.,-1.));
#4290=DIRECTION('',(0.,0.,-1.));
#4291=DIRECTION('',(0.,-1.,0.));
#4292=DIRECTION('',(0.,1.,0.));
#4293=DIRECTION('',(0.,0.,1.));
#4294=DIRECTION('',(0.,0.,-1.));
#4295=DIRECTION('',(1.,0.,0.));
#4296=DIRECTION('',(1.,0.,0.));
#4297=DIRECTION('',(0.,0.,-1.));
#4298=DIRECTION('',(1.,0.,0.));
#4299=DIRECTION('',(0.,0.,-1.));
#4300=DIRECTION('',(0.,0.,-1.));
#4301=DIRECTION('',(0.,-1.,0.));
#4302=DIRECTION('',(0.,1.,0.));
#4303=DIRECTION('',(0.,0.,1.));
#4304=DIRECTION('',(1.,0.,0.));
#4305=DIRECTION('',(0.,0.,1.));
#4306=DIRECTION('',(1.,0.,0.));
#4307=DIRECTION('',(1.,0.,0.));
#4308=DIRECTION('',(0.,0.,-1.));
#4309=DIRECTION('',(1.,0.,0.));
#4310=DIRECTION('',(0.,0.,-1.));
#4311=DIRECTION('',(0.,0.,-1.));
#4312=DIRECTION('',(0.,-1.,0.));
#4313=DIRECTION('',(0.,0.,-1.));
#4314=DIRECTION('',(0.,0.,-1.));
#4315=DIRECTION('',(0.,-1.,0.));
#4316=DIRECTION('',(0.,0.,-1.));
#4317=DIRECTION('',(0.,0.,-1.));
#4318=DIRECTION('',(0.,-1.,0.));
#4319=DIRECTION('',(0.,0.,-1.));
#4320=DIRECTION('',(0.,0.,-1.));
#4321=DIRECTION('',(0.,-1.,0.));
#4322=DIRECTION('',(0.,0.,-1.));
#4323=DIRECTION('',(1.,0.,0.));
#4324=DIRECTION('',(0.,0.,-1.));
#4325=DIRECTION('',(1.,0.,0.));
#4326=DIRECTION('',(0.,0.,-1.));
#4327=DIRECTION('',(0.,0.,-1.));
#4328=DIRECTION('',(0.,-1.,0.));
#4329=DIRECTION('',(0.,0.,-1.));
#4330=DIRECTION('',(0.,1.,0.));
#4331=DIRECTION('',(0.,0.,1.));
#4332=DIRECTION('',(0.,1.,0.));
#4333=DIRECTION('',(0.,0.,1.));
#4334=DIRECTION('',(1.,0.,0.));
#4335=DIRECTION('',(0.,1.,0.));
#4336=DIRECTION('',(0.,0.,1.));
#4337=DIRECTION('',(0.,0.,-1.));
#4338=DIRECTION('',(1.,0.,0.));
#4339=DIRECTION('',(1.,0.,0.));
#4340=DIRECTION('',(0.,0.,-1.));
#4341=DIRECTION('',(1.,0.,0.));
#4342=DIRECTION('',(0.,0.,-1.));
#4343=DIRECTION('',(0.,0.,-1.));
#4344=DIRECTION('',(0.,-1.,0.));
#4345=DIRECTION('',(0.,1.,0.));
#4346=DIRECTION('',(0.,0.,1.));
#4347=DIRECTION('',(0.,0.,-1.));
#4348=DIRECTION('',(1.,0.,0.));
#4349=DIRECTION('',(1.,0.,0.));
#4350=DIRECTION('',(0.,0.,-1.));
#4351=DIRECTION('',(1.,0.,0.));
#4352=DIRECTION('',(0.,0.,-1.));
#4353=DIRECTION('',(0.,0.,-1.));
#4354=DIRECTION('',(0.,-1.,0.));
#4355=DIRECTION('',(0.,1.,0.));
#4356=DIRECTION('',(0.,0.,1.));
#4357=DIRECTION('',(1.,0.,0.));
#4358=DIRECTION('',(0.,0.,1.));
#4359=DIRECTION('',(1.,0.,0.));
#4360=DIRECTION('',(0.,1.,0.));
#4361=DIRECTION('',(0.,0.,1.));
#4362=DIRECTION('',(1.,0.,0.));
#4363=DIRECTION('',(0.,1.,0.));
#4364=DIRECTION('',(0.,0.,1.));
#4365=DIRECTION('',(1.,0.,0.));
#4366=DIRECTION('',(0.,0.,1.));
#4367=DIRECTION('',(1.,0.,0.));
#4368=DIRECTION('',(0.,1.,0.));
#4369=DIRECTION('',(0.,0.,1.));
#4370=DIRECTION('',(1.,0.,0.));
#4371=DIRECTION('',(0.,1.,0.));
#4372=DIRECTION('',(0.,0.,1.));
#4373=DIRECTION('',(1.,0.,0.));
#4374=DIRECTION('',(0.,0.,1.));
#4375=DIRECTION('',(1.,0.,0.));
#4376=DIRECTION('',(0.,1.,0.));
#4377=DIRECTION('',(0.,0.,1.));
#4378=DIRECTION('',(1.,0.,0.));
#4379=DIRECTION('',(0.,1.,0.));
#4380=DIRECTION('',(0.,0.,1.));
#4381=DIRECTION('',(1.,0.,0.));
#4382=DIRECTION('',(0.,0.,1.));
#4383=DIRECTION('',(1.,0.,0.));
#4384=DIRECTION('',(0.,1.,0.));
#4385=DIRECTION('',(0.,0.,1.));
#4386=DIRECTION('',(1.,0.,0.));
#4387=DIRECTION('',(0.,1.,0.));
#4388=DIRECTION('',(0.,0.,1.));
#4389=DIRECTION('',(1.,0.,0.));
#4390=DIRECTION('',(0.,0.,1.));
#4391=DIRECTION('',(1.,0.,0.));
#4392=DIRECTION('',(0.,1.,0.));
#4393=DIRECTION('',(0.,0.,1.));
#4394=DIRECTION('',(1.,0.,0.));
#4395=DIRECTION('',(0.,1.,0.));
#4396=DIRECTION('',(0.,0.,1.));
#4397=DIRECTION('',(1.,0.,0.));
#4398=DIRECTION('',(0.,0.,1.));
#4399=DIRECTION('',(1.,0.,0.));
#4400=DIRECTION('',(0.,1.,0.));
#4401=DIRECTION('',(0.,0.,1.));
#4402=DIRECTION('',(1.,0.,0.));
#4403=DIRECTION('',(0.,1.,0.));
#4404=DIRECTION('',(0.,0.,1.));
#4405=DIRECTION('',(1.,0.,0.));
#4406=DIRECTION('',(0.,0.,1.));
#4407=DIRECTION('',(1.,0.,0.));
#4408=DIRECTION('',(0.,1.,0.));
#4409=DIRECTION('',(0.,0.,1.));
#4410=DIRECTION('',(1.,0.,0.));
#4411=DIRECTION('',(0.,1.,0.));
#4412=DIRECTION('',(0.,0.,1.));
#4413=DIRECTION('',(1.,0.,0.));
#4414=DIRECTION('',(0.,0.,1.));
#4415=DIRECTION('',(1.,0.,0.));
#4416=DIRECTION('',(0.,1.,0.));
#4417=DIRECTION('',(0.,0.,1.));
#4418=DIRECTION('',(1.,0.,0.));
#4419=DIRECTION('',(0.,1.,0.));
#4420=DIRECTION('',(0.,0.,1.));
#4421=DIRECTION('',(1.,0.,0.));
#4422=DIRECTION('',(0.,0.,1.));
#4423=DIRECTION('',(1.,0.,0.));
#4424=DIRECTION('',(0.,1.,0.));
#4425=DIRECTION('',(0.,0.,1.));
#4426=DIRECTION('',(1.,0.,0.));
#4427=DIRECTION('',(0.,1.,0.));
#4428=DIRECTION('',(0.,0.,1.));
#4429=DIRECTION('',(1.,0.,0.));
#4430=DIRECTION('',(0.,0.,1.));
#4431=DIRECTION('',(1.,0.,0.));
#4432=DIRECTION('',(0.,1.,0.));
#4433=DIRECTION('',(0.,0.,1.));
#4434=DIRECTION('',(1.,0.,0.));
#4435=DIRECTION('',(0.,1.,0.));
#4436=DIRECTION('',(0.,0.,1.));
#4437=DIRECTION('',(1.,0.,0.));
#4438=DIRECTION('',(0.,0.,1.));
#4439=DIRECTION('',(1.,0.,0.));
#4440=DIRECTION('',(0.,1.,0.));
#4441=DIRECTION('',(0.,0.,1.));
#4442=DIRECTION('',(1.,0.,0.));
#4443=DIRECTION('',(0.,1.,0.));
#4444=DIRECTION('',(0.,0.,1.));
#4445=DIRECTION('',(1.,0.,0.));
#4446=DIRECTION('',(0.,0.,1.));
#4447=DIRECTION('',(1.,0.,0.));
#4448=DIRECTION('',(0.,1.,0.));
#4449=DIRECTION('',(0.,0.,1.));
#4450=DIRECTION('',(1.,0.,0.));
#4451=DIRECTION('',(0.,1.,0.));
#4452=DIRECTION('',(0.,0.,1.));
#4453=DIRECTION('',(1.,0.,0.));
#4454=DIRECTION('',(0.,0.,1.));
#4455=DIRECTION('',(1.,0.,0.));
#4456=DIRECTION('',(0.,1.,0.));
#4457=DIRECTION('',(0.,0.,1.));
#4458=DIRECTION('',(1.,0.,0.));
#4459=DIRECTION('',(0.,1.,0.));
#4460=DIRECTION('',(0.,0.,1.));
#4461=DIRECTION('',(1.,0.,0.));
#4462=DIRECTION('',(0.,0.,1.));
#4463=DIRECTION('',(1.,0.,0.));
#4464=DIRECTION('',(0.,1.,0.));
#4465=DIRECTION('',(0.,0.,1.));
#4466=DIRECTION('',(1.,0.,0.));
#4467=DIRECTION('',(0.,1.,0.));
#4468=DIRECTION('',(0.,0.,1.));
#4469=DIRECTION('',(1.,0.,0.));
#4470=DIRECTION('',(0.,0.,1.));
#4471=DIRECTION('',(1.,0.,0.));
#4472=DIRECTION('',(0.,1.,0.));
#4473=DIRECTION('',(0.,0.,1.));
#4474=DIRECTION('',(1.,0.,0.));
#4475=DIRECTION('',(0.,1.,0.));
#4476=DIRECTION('',(0.,0.,1.));
#4477=DIRECTION('',(1.,0.,0.));
#4478=DIRECTION('',(0.,0.,1.));
#4479=DIRECTION('',(1.,0.,0.));
#4480=DIRECTION('',(0.,1.,0.));
#4481=DIRECTION('',(0.,0.,1.));
#4482=DIRECTION('',(1.,0.,0.));
#4483=DIRECTION('',(0.,1.,0.));
#4484=DIRECTION('',(0.,0.,1.));
#4485=DIRECTION('',(1.,0.,0.));
#4486=DIRECTION('',(0.,0.,1.));
#4487=DIRECTION('',(1.,0.,0.));
#4488=DIRECTION('',(0.,1.,0.));
#4489=DIRECTION('',(0.,0.,1.));
#4490=DIRECTION('',(1.,0.,0.));
#4491=DIRECTION('',(0.,1.,0.));
#4492=DIRECTION('',(0.,0.,1.));
#4493=DIRECTION('',(1.,0.,0.));
#4494=DIRECTION('',(0.,0.,1.));
#4495=DIRECTION('',(1.,0.,0.));
#4496=DIRECTION('',(0.,1.,0.));
#4497=DIRECTION('',(0.,0.,1.));
#4498=DIRECTION('',(1.,0.,0.));
#4499=DIRECTION('',(0.,1.,0.));
#4500=DIRECTION('',(0.,0.,1.));
#4501=DIRECTION('',(1.,0.,0.));
#4502=DIRECTION('',(0.,0.,1.));
#4503=DIRECTION('',(1.,0.,0.));
#4504=DIRECTION('',(0.,1.,0.));
#4505=DIRECTION('',(0.,0.,1.));
#4506=DIRECTION('',(1.,0.,0.));
#4507=DIRECTION('',(0.,1.,0.));
#4508=DIRECTION('',(0.,0.,1.));
#4509=DIRECTION('',(1.,0.,0.));
#4510=DIRECTION('',(0.,0.,1.));
#4511=DIRECTION('',(1.,0.,0.));
#4512=DIRECTION('',(0.,1.,0.));
#4513=DIRECTION('',(0.,0.,1.));
#4514=DIRECTION('',(1.,0.,0.));
#4515=DIRECTION('',(0.,1.,0.));
#4516=DIRECTION('',(0.,0.,1.));
#4517=DIRECTION('',(1.,0.,0.));
#4518=DIRECTION('',(0.,0.,1.));
#4519=DIRECTION('',(1.,0.,0.));
#4520=DIRECTION('',(0.,1.,0.));
#4521=DIRECTION('',(0.,0.,1.));
#4522=DIRECTION('',(0.,1.,0.));
#4523=DIRECTION('',(0.,0.,1.));
#4524=DIRECTION('',(0.,1.,0.));
#4525=DIRECTION('',(-1.,0.,0.));
#4526=DIRECTION('',(0.,1.,0.));
#4527=DIRECTION('',(0.,0.,1.));
#4528=DIRECTION('',(0.,1.,0.));
#4529=DIRECTION('',(0.,0.,1.));
#4530=DIRECTION('',(0.,1.,0.));
#4531=DIRECTION('',(-1.,0.,0.));
#4532=DIRECTION('',(0.,1.,0.));
#4533=DIRECTION('',(0.,0.,1.));
#4534=DIRECTION('',(0.,1.,0.));
#4535=DIRECTION('',(0.,0.,1.));
#4536=DIRECTION('',(0.,1.,0.));
#4537=DIRECTION('',(-1.,0.,0.));
#4538=DIRECTION('',(0.,1.,0.));
#4539=DIRECTION('',(0.,0.,1.));
#4540=DIRECTION('',(0.,1.,0.));
#4541=DIRECTION('',(0.,0.,1.));
#4542=DIRECTION('',(0.,1.,0.));
#4543=DIRECTION('',(-1.,0.,0.));
#4544=DIRECTION('',(0.,1.,0.));
#4545=DIRECTION('',(0.,0.,1.));
#4546=DIRECTION('',(0.,1.,0.));
#4547=DIRECTION('',(0.,0.,1.));
#4548=DIRECTION('',(0.,1.,0.));
#4549=DIRECTION('',(-1.,0.,0.));
#4550=DIRECTION('',(0.,1.,0.));
#4551=DIRECTION('',(0.,0.,1.));
#4552=DIRECTION('',(0.,1.,0.));
#4553=DIRECTION('',(0.,0.,1.));
#4554=DIRECTION('',(0.,1.,0.));
#4555=DIRECTION('',(-1.,0.,0.));
#4556=DIRECTION('',(0.,1.,0.));
#4557=DIRECTION('',(0.,0.,1.));
#4558=DIRECTION('',(0.,1.,0.));
#4559=DIRECTION('',(0.,0.,1.));
#4560=DIRECTION('',(0.,1.,0.));
#4561=DIRECTION('',(-1.,0.,0.));
#4562=DIRECTION('',(0.,1.,0.));
#4563=DIRECTION('',(0.,0.,1.));
#4564=DIRECTION('',(0.,1.,0.));
#4565=DIRECTION('',(0.,0.,1.));
#4566=DIRECTION('',(0.,1.,0.));
#4567=DIRECTION('',(-1.,0.,0.));
#4568=DIRECTION('',(1.,0.,0.));
#4569=DIRECTION('',(0.,0.,-1.));
#4570=DIRECTION('',(1.,0.,0.));
#4571=DIRECTION('',(0.,0.,-1.));
#4572=DIRECTION('',(1.,0.,0.));
#4573=DIRECTION('',(0.,0.,-1.));
#4574=DIRECTION('',(1.,0.,0.));
#4575=DIRECTION('',(0.,0.,-1.));
#4576=DIRECTION('',(1.,0.,0.));
#4577=DIRECTION('',(0.,0.,-1.));
#4578=DIRECTION('',(1.,0.,0.));
#4579=DIRECTION('',(0.,0.,-1.));
#4580=DIRECTION('',(1.,0.,0.));
#4581=DIRECTION('',(0.,0.,-1.));
#4582=DIRECTION('',(1.,0.,0.));
#4583=DIRECTION('',(0.,0.,-1.));
#4584=DIRECTION('',(1.,0.,0.));
#4585=DIRECTION('',(0.,0.,-1.));
#4586=DIRECTION('',(1.,0.,0.));
#4587=DIRECTION('',(0.,0.,-1.));
#4588=DIRECTION('',(1.,0.,0.));
#4589=DIRECTION('',(0.,0.,-1.));
#4590=DIRECTION('',(1.,0.,0.));
#4591=DIRECTION('',(0.,0.,-1.));
#4592=DIRECTION('',(1.,0.,0.));
#4593=DIRECTION('',(0.,0.,-1.));
#4594=DIRECTION('',(1.,0.,0.));
#4595=DIRECTION('',(0.,0.,-1.));
#4596=DIRECTION('',(1.,0.,0.));
#4597=DIRECTION('',(0.,0.,-1.));
#4598=DIRECTION('',(1.,0.,0.));
#4599=DIRECTION('',(0.,0.,-1.));
#4600=CARTESIAN_POINT('',(0.,0.,0.));
#4601=CARTESIAN_POINT('',(-0.0622856738575432,0.132420932799578,0.005));
#4602=CARTESIAN_POINT('',(-0.0622856738575432,-0.152134862542152,0.0025));
#4603=CARTESIAN_POINT('',(-0.0622856738575432,-0.152134862542152,0.0015));
#4604=CARTESIAN_POINT('',(-0.0622856738575432,0.112981550395489,0.0005));
#4605=CARTESIAN_POINT('',(-0.0622856738575432,0.112981550395489,0.0005));
#4606=CARTESIAN_POINT('',(-0.0622856738575432,0.112981550395489,0.));
#4607=CARTESIAN_POINT('',(-0.0622856738575432,0.117981550395489,0.0005));
#4608=CARTESIAN_POINT('',(-0.0622856738575432,0.122981550395489,0.0005));
#4609=CARTESIAN_POINT('',(-0.0622856738575432,0.122981550395489,0.0005));
#4610=CARTESIAN_POINT('',(-0.0622856738575432,0.122981550395489,0.));
#4611=CARTESIAN_POINT('',(-0.0622856738575432,0.132420932799578,0.));
#4612=CARTESIAN_POINT('',(-0.0622856738575432,0.141860315203667,0.));
#4613=CARTESIAN_POINT('',(-0.0622856738575432,0.141860315203667,0.005));
#4614=CARTESIAN_POINT('',(-0.0622856738575432,0.141860315203667,0.005));
#4615=CARTESIAN_POINT('',(-0.0622856738575432,0.132420932799578,0.005));
#4616=CARTESIAN_POINT('',(-0.0622856738575431,-0.158139684796334,0.005));
#4617=CARTESIAN_POINT('',(-0.0622856738575431,-0.158139684796334,0.005));
#4618=CARTESIAN_POINT('',(-0.0622856738575431,-0.158139684796334,0.));
#4619=CARTESIAN_POINT('',(-0.0622856738575432,0.132420932799578,0.));
#4620=CARTESIAN_POINT('',(-0.0622856738575432,-0.139114521443844,0.));
#4621=CARTESIAN_POINT('',(-0.0622856738575431,-0.139114521443844,0.0005));
#4622=CARTESIAN_POINT('',(-0.0622856738575431,-0.139114521443844,0.0005));
#4623=CARTESIAN_POINT('',(-0.0622856738575431,-0.134114521443844,0.0005));
#4624=CARTESIAN_POINT('',(-0.0622856738575432,-0.129114521443844,0.0005));
#4625=CARTESIAN_POINT('',(-0.0622856738575431,-0.129114521443844,0.0005));
#4626=CARTESIAN_POINT('',(-0.0622856738575432,-0.129114521443844,0.));
#4627=CARTESIAN_POINT('',(-0.0622856738575432,0.132420932799578,0.));
#4628=CARTESIAN_POINT('',(-0.0622856738575432,-0.00813968479633331,0.));
#4629=CARTESIAN_POINT('',(-0.0622856738575431,-0.00813968479633331,0.0005));
#4630=CARTESIAN_POINT('',(-0.0622856738575431,-0.00813968479633331,0.0005));
#4631=CARTESIAN_POINT('',(-0.0622856738575431,-0.00313968479633331,0.0005));
#4632=CARTESIAN_POINT('',(-0.0622856738575432,0.0018603152036667,0.0005));
#4633=CARTESIAN_POINT('',(-0.0622856738575431,0.0018603152036667,0.0005));
#4634=CARTESIAN_POINT('',(-0.0622856738575432,0.0018603152036667,0.));
#4635=CARTESIAN_POINT('',(-0.0622856738575432,0.132420932799578,0.));
#4636=CARTESIAN_POINT('',(-0.0647856738575431,0.141860315203667,0.005));
#4637=CARTESIAN_POINT('',(-0.0647856738575431,0.141860315203667,0.0025));
#4638=CARTESIAN_POINT('',(-0.0647856738575431,0.141860315203667,0.0035));
#4639=CARTESIAN_POINT('',(-0.0647856738575431,0.141860315203667,0.));
#4640=CARTESIAN_POINT('',(-0.0672856738575431,0.141860315203667,0.));
#4641=CARTESIAN_POINT('',(-0.0672856738575431,0.141860315203667,0.005));
#4642=CARTESIAN_POINT('',(-0.0672856738575431,0.141860315203667,0.005));
#4643=CARTESIAN_POINT('',(-0.0647856738575431,0.141860315203667,0.005));
#4644=CARTESIAN_POINT('',(-0.0672856738575431,0.132420932799578,0.005));
#4645=CARTESIAN_POINT('',(-0.0672856738575431,-0.152134862542152,0.0025));
#4646=CARTESIAN_POINT('',(-0.0672856738575431,-0.152134862542152,0.0015));
#4647=CARTESIAN_POINT('',(-0.0672856738575431,0.132420932799578,0.));
#4648=CARTESIAN_POINT('',(-0.0672856738575431,-0.158139684796334,0.));
#4649=CARTESIAN_POINT('',(-0.0672856738575431,-0.158139684796334,0.005));
#4650=CARTESIAN_POINT('',(-0.0672856738575431,-0.158139684796334,0.005));
#4651=CARTESIAN_POINT('',(-0.0672856738575431,0.132420932799578,0.005));
#4652=CARTESIAN_POINT('',(-0.0664856738575431,-0.158139684796334,0.005));
#4653=CARTESIAN_POINT('',(-0.0664856738575431,-0.158139684796334,0.));
#4654=CARTESIAN_POINT('',(-0.0656856738575431,-0.158139684796334,0.));
#4655=CARTESIAN_POINT('',(-0.0656856738575431,-0.158139684796334,0.005));
#4656=CARTESIAN_POINT('',(-0.0656856738575431,-0.158139684796334,0.005));
#4657=CARTESIAN_POINT('',(-0.0664856738575431,-0.158139684796334,0.005));
#4658=CARTESIAN_POINT('',(-0.0656856738575431,-0.152139684796333,0.005));
#4659=CARTESIAN_POINT('',(-0.0656856738575431,-0.152134862542152,0.0025));
#4660=CARTESIAN_POINT('',(-0.0656856738575431,-0.152134862542152,0.0015));
#4661=CARTESIAN_POINT('',(-0.0656856738575431,-0.152139684796333,0.));
#4662=CARTESIAN_POINT('',(-0.0656856738575431,-0.146139684796333,0.));
#4663=CARTESIAN_POINT('',(-0.0656856738575431,-0.146139684796333,0.005));
#4664=CARTESIAN_POINT('',(-0.0656856738575431,-0.146139684796333,0.005));
#4665=CARTESIAN_POINT('',(-0.0656856738575431,-0.152139684796333,0.005));
#4666=CARTESIAN_POINT('',(-0.0647856738575431,-0.146139684796333,0.005));
#4667=CARTESIAN_POINT('',(-0.0647856738575431,-0.146139684796333,0.));
#4668=CARTESIAN_POINT('',(-0.0638856738575431,-0.146139684796333,0.));
#4669=CARTESIAN_POINT('',(-0.0638856738575431,-0.146139684796333,0.005));
#4670=CARTESIAN_POINT('',(-0.0638856738575431,-0.146139684796333,0.005));
#4671=CARTESIAN_POINT('',(-0.0647856738575431,-0.146139684796333,0.005));
#4672=CARTESIAN_POINT('',(-0.0638856738575431,-0.152139684796333,0.005));
#4673=CARTESIAN_POINT('',(-0.0638856738575431,-0.152134862542152,0.0025));
#4674=CARTESIAN_POINT('',(-0.0638856738575431,-0.152134862542152,0.0015));
#4675=CARTESIAN_POINT('',(-0.0638856738575431,-0.152139684796333,0.));
#4676=CARTESIAN_POINT('',(-0.0638856738575431,-0.158139684796334,0.));
#4677=CARTESIAN_POINT('',(-0.0638856738575431,-0.158139684796334,0.005));
#4678=CARTESIAN_POINT('',(-0.0638856738575431,-0.158139684796334,0.005));
#4679=CARTESIAN_POINT('',(-0.0638856738575431,-0.152139684796333,0.005));
#4680=CARTESIAN_POINT('',(-0.0630856738575431,-0.158139684796334,0.005));
#4681=CARTESIAN_POINT('',(-0.0630856738575431,-0.158139684796334,0.));
#4682=CARTESIAN_POINT('',(-0.0630856738575431,-0.158139684796334,0.005));
#4683=CARTESIAN_POINT('',(0.00567632313032285,-0.00813968479633329,0.005));
#4684=CARTESIAN_POINT('',(0.00567632313032285,-0.00813968479633329,0.));
#4685=CARTESIAN_POINT('',(-0.0547856738575432,0.112981550395489,0.));
#4686=CARTESIAN_POINT('',(-0.0472856738575432,0.112981550395489,0.));
#4687=CARTESIAN_POINT('',(-0.0547856738575431,0.0018603152036667,0.));
#4688=CARTESIAN_POINT('',(-0.0472856738575431,0.0018603152036667,0.));
#4689=CARTESIAN_POINT('',(-0.0472856738575432,0.132420932799578,0.));
#4690=CARTESIAN_POINT('',(-0.0547856738575431,-0.00813968479633331,0.));
#4691=CARTESIAN_POINT('',(-0.0472856738575431,-0.00813968479633331,0.));
#4692=CARTESIAN_POINT('',(-0.0547856738575431,-0.129114521443844,0.));
#4693=CARTESIAN_POINT('',(-0.0472856738575431,-0.129114521443844,0.));
#4694=CARTESIAN_POINT('',(-0.0472856738575432,0.132420932799578,0.));
#4695=CARTESIAN_POINT('',(-0.0547856738575432,0.122981550395489,0.));
#4696=CARTESIAN_POINT('',(-0.0472856738575432,0.122981550395489,0.));
#4697=CARTESIAN_POINT('',(-0.0472856738575432,0.132420932799578,0.));
#4698=CARTESIAN_POINT('',(-0.0472856738575432,0.141860315203667,0.));
#4699=CARTESIAN_POINT('',(-0.0447856738575432,0.141860315203667,0.));
#4700=CARTESIAN_POINT('',(-0.0422856738575432,0.141860315203667,0.));
#4701=CARTESIAN_POINT('',(-0.0422856738575432,0.132420932799578,0.));
#4702=CARTESIAN_POINT('',(-0.0422856738575432,0.122981550395489,0.));
#4703=CARTESIAN_POINT('',(-0.0347856738575432,0.122981550395489,0.));
#4704=CARTESIAN_POINT('',(-0.0272856738575432,0.122981550395489,0.));
#4705=CARTESIAN_POINT('',(-0.0272856738575432,0.132420932799578,0.));
#4706=CARTESIAN_POINT('',(-0.0272856738575432,0.141860315203667,0.));
#4707=CARTESIAN_POINT('',(-0.0247856738575432,0.141860315203667,0.));
#4708=CARTESIAN_POINT('',(-0.0222856738575432,0.141860315203667,0.));
#4709=CARTESIAN_POINT('',(-0.0222856738575432,0.132420932799578,0.));
#4710=CARTESIAN_POINT('',(-0.0222856738575432,0.122981550395489,0.));
#4711=CARTESIAN_POINT('',(-0.0147856738575432,0.122981550395489,0.));
#4712=CARTESIAN_POINT('',(-0.00728567385754323,0.122981550395489,0.));
#4713=CARTESIAN_POINT('',(-0.00728567385754323,0.132420932799578,0.));
#4714=CARTESIAN_POINT('',(-0.00728567385754323,0.141860315203667,0.));
#4715=CARTESIAN_POINT('',(-0.00478567385754323,0.141860315203667,0.));
#4716=CARTESIAN_POINT('',(-0.00228567385754323,0.141860315203667,0.));
#4717=CARTESIAN_POINT('',(-0.00228567385754323,0.132420932799578,0.));
#4718=CARTESIAN_POINT('',(-0.00228567385754323,0.0682867674529552,0.));
#4719=CARTESIAN_POINT('',(0.00567632313032284,0.0682867674529552,0.));
#4720=CARTESIAN_POINT('',(0.0136383201181889,0.0682867674529552,0.));
#4721=CARTESIAN_POINT('',(0.0136383201181889,0.0632867674529553,0.));
#4722=CARTESIAN_POINT('',(0.0136383201181889,0.141860315203667,0.));
#4723=CARTESIAN_POINT('',(0.0161383201181889,0.141860315203667,0.));
#4724=CARTESIAN_POINT('',(0.0186383201181889,0.141860315203667,0.));
#4725=CARTESIAN_POINT('',(0.0186383201181889,0.0632867674529553,0.));
#4726=CARTESIAN_POINT('',(0.0186383201181889,0.122981550395489,0.));
#4727=CARTESIAN_POINT('',(0.0261383201181889,0.122981550395489,0.));
#4728=CARTESIAN_POINT('',(0.0336383201181889,0.122981550395489,0.));
#4729=CARTESIAN_POINT('',(0.0336383201181889,0.132420932799578,0.));
#4730=CARTESIAN_POINT('',(0.0336383201181889,0.141860315203667,0.));
#4731=CARTESIAN_POINT('',(0.0361383201181889,0.141860315203667,0.));
#4732=CARTESIAN_POINT('',(0.0386383201181889,0.141860315203667,0.));
#4733=CARTESIAN_POINT('',(0.0386383201181889,0.132420932799578,0.));
#4734=CARTESIAN_POINT('',(0.0386383201181889,0.122981550395489,0.));
#4735=CARTESIAN_POINT('',(0.0461383201181889,0.122981550395489,0.));
#4736=CARTESIAN_POINT('',(0.0536383201181888,0.122981550395489,0.));
#4737=CARTESIAN_POINT('',(0.0536383201181888,0.117981550395489,0.));
#4738=CARTESIAN_POINT('',(0.0536383201181888,0.141860315203667,0.));
#4739=CARTESIAN_POINT('',(0.0561383201181888,0.141860315203667,0.));
#4740=CARTESIAN_POINT('',(0.0586383201181888,0.141860315203667,0.));
#4741=CARTESIAN_POINT('',(0.0586383201181888,0.117981550395489,0.));
#4742=CARTESIAN_POINT('',(0.0586383201181888,0.122981550395489,0.));
#4743=CARTESIAN_POINT('',(0.0661383201181888,0.122981550395489,0.));
#4744=CARTESIAN_POINT('',(0.0736383201181888,0.122981550395489,0.));
#4745=CARTESIAN_POINT('',(0.0736383201181888,0.117981550395489,0.));
#4746=CARTESIAN_POINT('',(0.0736383201181888,0.141860315203667,0.));
#4747=CARTESIAN_POINT('',(0.0761383201181888,0.141860315203667,0.));
#4748=CARTESIAN_POINT('',(0.0786383201181888,0.141860315203667,0.));
#4749=CARTESIAN_POINT('',(0.0786383201181888,0.117981550395489,0.));
#4750=CARTESIAN_POINT('',(0.0786383201181888,-0.158139684796334,0.));
#4751=CARTESIAN_POINT('',(0.0778383201181888,-0.158139684796334,0.));
#4752=CARTESIAN_POINT('',(0.0770383201181888,-0.158139684796334,0.));
#4753=CARTESIAN_POINT('',(0.0770383201181888,-0.152139684796333,0.));
#4754=CARTESIAN_POINT('',(0.0770383201181888,-0.146139684796333,0.));
#4755=CARTESIAN_POINT('',(0.0761383201181888,-0.146139684796333,0.));
#4756=CARTESIAN_POINT('',(0.0752383201181888,-0.146139684796333,0.));
#4757=CARTESIAN_POINT('',(0.0752383201181888,-0.152139684796333,0.));
#4758=CARTESIAN_POINT('',(0.0752383201181888,-0.158139684796334,0.));
#4759=CARTESIAN_POINT('',(0.0744383201181888,-0.158139684796334,0.));
#4760=CARTESIAN_POINT('',(0.0736383201181888,-0.158139684796334,0.));
#4761=CARTESIAN_POINT('',(0.0736383201181888,0.117981550395489,0.));
#4762=CARTESIAN_POINT('',(0.0736383201181888,-0.139114521443844,0.));
#4763=CARTESIAN_POINT('',(0.0661383201181888,-0.139114521443844,0.));
#4764=CARTESIAN_POINT('',(0.0586383201181888,-0.139114521443844,0.));
#4765=CARTESIAN_POINT('',(0.0586383201181888,0.117981550395489,0.));
#4766=CARTESIAN_POINT('',(0.0586383201181889,-0.158139684796334,0.));
#4767=CARTESIAN_POINT('',(0.0578383201181889,-0.158139684796334,0.));
#4768=CARTESIAN_POINT('',(0.0570383201181889,-0.158139684796334,0.));
#4769=CARTESIAN_POINT('',(0.0570383201181889,-0.152139684796333,0.));
#4770=CARTESIAN_POINT('',(0.0570383201181889,-0.146139684796333,0.));
#4771=CARTESIAN_POINT('',(0.0561383201181889,-0.146139684796333,0.));
#4772=CARTESIAN_POINT('',(0.0552383201181888,-0.146139684796333,0.));
#4773=CARTESIAN_POINT('',(0.0552383201181888,-0.152139684796333,0.));
#4774=CARTESIAN_POINT('',(0.0552383201181888,-0.158139684796334,0.));
#4775=CARTESIAN_POINT('',(0.0544383201181889,-0.158139684796334,0.));
#4776=CARTESIAN_POINT('',(0.0536383201181889,-0.158139684796334,0.));
#4777=CARTESIAN_POINT('',(0.0536383201181888,0.117981550395489,0.));
#4778=CARTESIAN_POINT('',(0.0536383201181888,-0.139114521443844,0.));
#4779=CARTESIAN_POINT('',(0.0461383201181889,-0.139114521443844,0.));
#4780=CARTESIAN_POINT('',(0.0386383201181889,-0.139114521443844,0.));
#4781=CARTESIAN_POINT('',(0.0386383201181889,0.132420932799578,0.));
#4782=CARTESIAN_POINT('',(0.0386383201181889,-0.158139684796334,0.));
#4783=CARTESIAN_POINT('',(0.0378383201181889,-0.158139684796334,0.));
#4784=CARTESIAN_POINT('',(0.0370383201181889,-0.158139684796334,0.));
#4785=CARTESIAN_POINT('',(0.0370383201181889,-0.152139684796333,0.));
#4786=CARTESIAN_POINT('',(0.0370383201181889,-0.146139684796333,0.));
#4787=CARTESIAN_POINT('',(0.0361383201181889,-0.146139684796333,0.));
#4788=CARTESIAN_POINT('',(0.0352383201181889,-0.146139684796333,0.));
#4789=CARTESIAN_POINT('',(0.0352383201181889,-0.152139684796333,0.));
#4790=CARTESIAN_POINT('',(0.0352383201181889,-0.158139684796334,0.));
#4791=CARTESIAN_POINT('',(0.0344383201181889,-0.158139684796334,0.));
#4792=CARTESIAN_POINT('',(0.0336383201181889,-0.158139684796334,0.));
#4793=CARTESIAN_POINT('',(0.0336383201181889,0.132420932799578,0.));
#4794=CARTESIAN_POINT('',(0.0336383201181889,-0.139114521443844,0.));
#4795=CARTESIAN_POINT('',(0.0261383201181889,-0.139114521443844,0.));
#4796=CARTESIAN_POINT('',(0.0186383201181889,-0.139114521443844,0.));
#4797=CARTESIAN_POINT('',(0.0186383201181889,0.0632867674529553,0.));
#4798=CARTESIAN_POINT('',(0.0186383201181889,-0.158139684796334,0.));
#4799=CARTESIAN_POINT('',(0.0178383201181889,-0.158139684796334,0.));
#4800=CARTESIAN_POINT('',(0.0170383201181889,-0.158139684796334,0.));
#4801=CARTESIAN_POINT('',(0.0170383201181889,-0.152139684796333,0.));
#4802=CARTESIAN_POINT('',(0.0170383201181889,-0.146139684796333,0.));
#4803=CARTESIAN_POINT('',(0.0161383201181889,-0.146139684796333,0.));
#4804=CARTESIAN_POINT('',(0.0152383201181889,-0.146139684796333,0.));
#4805=CARTESIAN_POINT('',(0.0152383201181889,-0.152139684796333,0.));
#4806=CARTESIAN_POINT('',(0.0152383201181889,-0.158139684796334,0.));
#4807=CARTESIAN_POINT('',(0.0144383201181889,-0.158139684796334,0.));
#4808=CARTESIAN_POINT('',(0.0136383201181889,-0.158139684796334,0.));
#4809=CARTESIAN_POINT('',(0.0136383201181889,0.0632867674529553,0.));
#4810=CARTESIAN_POINT('',(0.0136383201181889,-0.0737094506621361,0.));
#4811=CARTESIAN_POINT('',(0.00567632313032284,-0.0737094506621361,0.));
#4812=CARTESIAN_POINT('',(-0.00228567385754322,-0.0737094506621361,0.));
#4813=CARTESIAN_POINT('',(-0.00228567385754323,0.132420932799578,0.));
#4814=CARTESIAN_POINT('',(-0.00228567385754321,-0.158139684796334,0.));
#4815=CARTESIAN_POINT('',(-0.00308567385754321,-0.158139684796334,0.));
#4816=CARTESIAN_POINT('',(-0.00388567385754321,-0.158139684796334,0.));
#4817=CARTESIAN_POINT('',(-0.00388567385754321,-0.152139684796333,0.));
#4818=CARTESIAN_POINT('',(-0.00388567385754321,-0.146139684796333,0.));
#4819=CARTESIAN_POINT('',(-0.00478567385754321,-0.146139684796333,0.));
#4820=CARTESIAN_POINT('',(-0.00568567385754321,-0.146139684796333,0.));
#4821=CARTESIAN_POINT('',(-0.00568567385754321,-0.152139684796333,0.));
#4822=CARTESIAN_POINT('',(-0.00568567385754321,-0.158139684796334,0.));
#4823=CARTESIAN_POINT('',(-0.00648567385754321,-0.158139684796334,0.));
#4824=CARTESIAN_POINT('',(-0.00728567385754321,-0.158139684796334,0.));
#4825=CARTESIAN_POINT('',(-0.00728567385754323,0.132420932799578,0.));
#4826=CARTESIAN_POINT('',(-0.00728567385754321,-0.139114521443844,0.));
#4827=CARTESIAN_POINT('',(-0.0147856738575432,-0.139114521443844,0.));
#4828=CARTESIAN_POINT('',(-0.0222856738575431,-0.139114521443844,0.));
#4829=CARTESIAN_POINT('',(-0.0222856738575432,0.132420932799578,0.));
#4830=CARTESIAN_POINT('',(-0.0222856738575431,-0.158139684796334,0.));
#4831=CARTESIAN_POINT('',(-0.0230856738575432,-0.158139684796334,0.));
#4832=CARTESIAN_POINT('',(-0.0238856738575432,-0.158139684796334,0.));
#4833=CARTESIAN_POINT('',(-0.0238856738575432,-0.152139684796333,0.));
#4834=CARTESIAN_POINT('',(-0.0238856738575432,-0.146139684796333,0.));
#4835=CARTESIAN_POINT('',(-0.0247856738575432,-0.146139684796333,0.));
#4836=CARTESIAN_POINT('',(-0.0256856738575432,-0.146139684796333,0.));
#4837=CARTESIAN_POINT('',(-0.0256856738575432,-0.152139684796333,0.));
#4838=CARTESIAN_POINT('',(-0.0256856738575432,-0.158139684796334,0.));
#4839=CARTESIAN_POINT('',(-0.0264856738575432,-0.158139684796334,0.));
#4840=CARTESIAN_POINT('',(-0.0272856738575432,-0.158139684796334,0.));
#4841=CARTESIAN_POINT('',(-0.0272856738575432,0.132420932799578,0.));
#4842=CARTESIAN_POINT('',(-0.0272856738575432,-0.139114521443844,0.));
#4843=CARTESIAN_POINT('',(-0.0347856738575432,-0.139114521443844,0.));
#4844=CARTESIAN_POINT('',(-0.0422856738575432,-0.139114521443844,0.));
#4845=CARTESIAN_POINT('',(-0.0422856738575432,0.132420932799578,0.));
#4846=CARTESIAN_POINT('',(-0.0422856738575432,-0.158139684796334,0.));
#4847=CARTESIAN_POINT('',(-0.0430856738575432,-0.158139684796334,0.));
#4848=CARTESIAN_POINT('',(-0.0438856738575431,-0.158139684796334,0.));
#4849=CARTESIAN_POINT('',(-0.0438856738575431,-0.152139684796333,0.));
#4850=CARTESIAN_POINT('',(-0.0438856738575431,-0.146139684796333,0.));
#4851=CARTESIAN_POINT('',(-0.0447856738575432,-0.146139684796333,0.));
#4852=CARTESIAN_POINT('',(-0.0456856738575431,-0.146139684796333,0.));
#4853=CARTESIAN_POINT('',(-0.0456856738575431,-0.152139684796333,0.));
#4854=CARTESIAN_POINT('',(-0.0456856738575431,-0.158139684796334,0.));
#4855=CARTESIAN_POINT('',(-0.0464856738575431,-0.158139684796334,0.));
#4856=CARTESIAN_POINT('',(-0.0472856738575431,-0.158139684796334,0.));
#4857=CARTESIAN_POINT('',(-0.0472856738575432,0.132420932799578,0.));
#4858=CARTESIAN_POINT('',(-0.0472856738575431,-0.139114521443844,0.));
#4859=CARTESIAN_POINT('',(-0.0547856738575431,-0.139114521443844,0.));
#4860=CARTESIAN_POINT('',(-0.0347856738575432,0.112981550395489,0.));
#4861=CARTESIAN_POINT('',(-0.0422856738575432,0.112981550395489,0.));
#4862=CARTESIAN_POINT('',(-0.0272856738575432,0.112981550395489,0.));
#4863=CARTESIAN_POINT('',(-0.0422856738575432,0.132420932799578,0.));
#4864=CARTESIAN_POINT('',(-0.0422856738575432,0.0018603152036667,0.));
#4865=CARTESIAN_POINT('',(-0.0347856738575432,0.0018603152036667,0.));
#4866=CARTESIAN_POINT('',(-0.0272856738575432,0.0018603152036667,0.));
#4867=CARTESIAN_POINT('',(-0.0272856738575432,0.132420932799578,0.));
#4868=CARTESIAN_POINT('',(-0.0347856738575432,-0.00813968479633331,0.));
#4869=CARTESIAN_POINT('',(-0.0422856738575432,-0.00813968479633331,0.));
#4870=CARTESIAN_POINT('',(-0.0272856738575432,-0.00813968479633331,0.));
#4871=CARTESIAN_POINT('',(-0.0422856738575432,0.132420932799578,0.));
#4872=CARTESIAN_POINT('',(-0.0422856738575432,-0.129114521443844,0.));
#4873=CARTESIAN_POINT('',(-0.0347856738575432,-0.129114521443844,0.));
#4874=CARTESIAN_POINT('',(-0.0272856738575432,-0.129114521443844,0.));
#4875=CARTESIAN_POINT('',(-0.0272856738575432,0.132420932799578,0.));
#4876=CARTESIAN_POINT('',(-0.0147856738575432,0.112981550395489,0.));
#4877=CARTESIAN_POINT('',(-0.0222856738575432,0.112981550395489,0.));
#4878=CARTESIAN_POINT('',(-0.00728567385754323,0.112981550395489,0.));
#4879=CARTESIAN_POINT('',(-0.0222856738575432,0.132420932799578,0.));
#4880=CARTESIAN_POINT('',(-0.0222856738575431,0.0018603152036667,0.));
#4881=CARTESIAN_POINT('',(-0.0147856738575432,0.0018603152036667,0.));
#4882=CARTESIAN_POINT('',(-0.00728567385754322,0.0018603152036667,0.));
#4883=CARTESIAN_POINT('',(-0.00728567385754323,0.132420932799578,0.));
#4884=CARTESIAN_POINT('',(-0.0147856738575432,-0.00813968479633331,0.));
#4885=CARTESIAN_POINT('',(-0.0222856738575431,-0.00813968479633331,0.));
#4886=CARTESIAN_POINT('',(-0.00728567385754322,-0.00813968479633331,0.));
#4887=CARTESIAN_POINT('',(-0.0222856738575432,0.132420932799578,0.));
#4888=CARTESIAN_POINT('',(-0.0222856738575431,-0.129114521443844,0.));
#4889=CARTESIAN_POINT('',(-0.0147856738575432,-0.129114521443844,0.));
#4890=CARTESIAN_POINT('',(-0.00728567385754321,-0.129114521443844,0.));
#4891=CARTESIAN_POINT('',(-0.00728567385754323,0.132420932799578,0.));
#4892=CARTESIAN_POINT('',(0.00567632313032284,0.0582867674529553,0.));
#4893=CARTESIAN_POINT('',(-0.00228567385754323,0.0582867674529553,0.));
#4894=CARTESIAN_POINT('',(0.0136383201181889,0.0582867674529553,0.));
#4895=CARTESIAN_POINT('',(-0.00228567385754323,0.132420932799578,0.));
#4896=CARTESIAN_POINT('',(-0.00228567385754322,-0.0637094506621361,0.));
#4897=CARTESIAN_POINT('',(0.00567632313032284,-0.0637094506621361,0.));
#4898=CARTESIAN_POINT('',(0.0136383201181889,-0.0637094506621361,0.));
#4899=CARTESIAN_POINT('',(0.0136383201181889,0.0632867674529553,0.));
#4900=CARTESIAN_POINT('',(0.0261383201181889,0.112981550395489,0.));
#4901=CARTESIAN_POINT('',(0.0186383201181889,0.112981550395489,0.));
#4902=CARTESIAN_POINT('',(0.0336383201181889,0.112981550395489,0.));
#4903=CARTESIAN_POINT('',(0.0186383201181889,0.0632867674529553,0.));
#4904=CARTESIAN_POINT('',(0.0186383201181889,0.00186031520366672,0.));
#4905=CARTESIAN_POINT('',(0.0261383201181889,0.00186031520366672,0.));
#4906=CARTESIAN_POINT('',(0.0336383201181889,0.00186031520366672,0.));
#4907=CARTESIAN_POINT('',(0.0336383201181889,0.132420932799578,0.));
#4908=CARTESIAN_POINT('',(0.0261383201181889,-0.00813968479633329,0.));
#4909=CARTESIAN_POINT('',(0.0186383201181889,-0.00813968479633329,0.));
#4910=CARTESIAN_POINT('',(0.0336383201181889,-0.00813968479633329,0.));
#4911=CARTESIAN_POINT('',(0.0186383201181889,0.0632867674529553,0.));
#4912=CARTESIAN_POINT('',(0.0186383201181889,-0.129114521443844,0.));
#4913=CARTESIAN_POINT('',(0.0261383201181889,-0.129114521443844,0.));
#4914=CARTESIAN_POINT('',(0.0336383201181889,-0.129114521443844,0.));
#4915=CARTESIAN_POINT('',(0.0336383201181889,0.132420932799578,0.));
#4916=CARTESIAN_POINT('',(0.0461383201181889,0.112981550395489,0.));
#4917=CARTESIAN_POINT('',(0.0386383201181889,0.112981550395489,0.));
#4918=CARTESIAN_POINT('',(0.0536383201181888,0.112981550395489,0.));
#4919=CARTESIAN_POINT('',(0.0386383201181889,0.132420932799578,0.));
#4920=CARTESIAN_POINT('',(0.0386383201181889,0.00186031520366672,0.));
#4921=CARTESIAN_POINT('',(0.0461383201181889,0.00186031520366672,0.));
#4922=CARTESIAN_POINT('',(0.0536383201181888,0.00186031520366672,0.));
#4923=CARTESIAN_POINT('',(0.0536383201181888,0.117981550395489,0.));
#4924=CARTESIAN_POINT('',(0.0461383201181889,-0.00813968479633329,0.));
#4925=CARTESIAN_POINT('',(0.0386383201181889,-0.00813968479633329,0.));
#4926=CARTESIAN_POINT('',(0.0536383201181888,-0.00813968479633329,0.));
#4927=CARTESIAN_POINT('',(0.0386383201181889,0.132420932799578,0.));
#4928=CARTESIAN_POINT('',(0.0386383201181889,-0.129114521443844,0.));
#4929=CARTESIAN_POINT('',(0.0461383201181889,-0.129114521443844,0.));
#4930=CARTESIAN_POINT('',(0.0536383201181888,-0.129114521443844,0.));
#4931=CARTESIAN_POINT('',(0.0536383201181888,0.117981550395489,0.));
#4932=CARTESIAN_POINT('',(0.0661383201181888,0.112981550395489,0.));
#4933=CARTESIAN_POINT('',(0.0586383201181888,0.112981550395489,0.));
#4934=CARTESIAN_POINT('',(0.0736383201181888,0.112981550395489,0.));
#4935=CARTESIAN_POINT('',(0.0586383201181888,0.117981550395489,0.));
#4936=CARTESIAN_POINT('',(0.0586383201181888,0.00186031520366672,0.));
#4937=CARTESIAN_POINT('',(0.0661383201181888,0.00186031520366672,0.));
#4938=CARTESIAN_POINT('',(0.0736383201181888,0.00186031520366672,0.));
#4939=CARTESIAN_POINT('',(0.0736383201181888,0.117981550395489,0.));
#4940=CARTESIAN_POINT('',(0.0661383201181888,-0.00813968479633329,0.));
#4941=CARTESIAN_POINT('',(0.0586383201181888,-0.00813968479633329,0.));
#4942=CARTESIAN_POINT('',(0.0736383201181888,-0.00813968479633329,0.));
#4943=CARTESIAN_POINT('',(0.0586383201181888,0.117981550395489,0.));
#4944=CARTESIAN_POINT('',(0.0586383201181888,-0.129114521443844,0.));
#4945=CARTESIAN_POINT('',(0.0661383201181888,-0.129114521443844,0.));
#4946=CARTESIAN_POINT('',(0.0736383201181888,-0.129114521443844,0.));
#4947=CARTESIAN_POINT('',(0.0736383201181888,0.117981550395489,0.));
#4948=CARTESIAN_POINT('',(-0.0472856738575432,0.132420932799578,0.005));
#4949=CARTESIAN_POINT('',(-0.0472856738575432,-0.152134862542152,0.0025));
#4950=CARTESIAN_POINT('',(-0.0472856738575432,-0.152134862542152,0.0015));
#4951=CARTESIAN_POINT('',(-0.0472856738575431,-0.129114521443844,0.0005));
#4952=CARTESIAN_POINT('',(-0.0472856738575431,-0.129114521443844,0.0005));
#4953=CARTESIAN_POINT('',(-0.0472856738575431,-0.134114521443844,0.0005));
#4954=CARTESIAN_POINT('',(-0.0472856738575432,-0.139114521443844,0.0005));
#4955=CARTESIAN_POINT('',(-0.0472856738575431,-0.139114521443844,0.0005));
#4956=CARTESIAN_POINT('',(-0.0472856738575431,-0.158139684796334,0.005));
#4957=CARTESIAN_POINT('',(-0.0472856738575431,-0.158139684796334,0.005));
#4958=CARTESIAN_POINT('',(-0.0472856738575432,0.132420932799578,0.005));
#4959=CARTESIAN_POINT('',(-0.0472856738575432,0.141860315203667,0.005));
#4960=CARTESIAN_POINT('',(-0.0472856738575432,0.141860315203667,0.005));
#4961=CARTESIAN_POINT('',(-0.0472856738575432,0.122981550395489,0.0005));
#4962=CARTESIAN_POINT('',(-0.0472856738575432,0.122981550395489,0.0005));
#4963=CARTESIAN_POINT('',(-0.0472856738575432,0.117981550395489,0.0005));
#4964=CARTESIAN_POINT('',(-0.0472856738575432,0.112981550395489,0.0005));
#4965=CARTESIAN_POINT('',(-0.0472856738575432,0.112981550395489,0.0005));
#4966=CARTESIAN_POINT('',(-0.0472856738575431,0.0018603152036667,0.0005));
#4967=CARTESIAN_POINT('',(-0.0472856738575431,0.0018603152036667,0.0005));
#4968=CARTESIAN_POINT('',(-0.0472856738575431,-0.00313968479633331,0.0005));
#4969=CARTESIAN_POINT('',(-0.0472856738575432,-0.00813968479633331,0.0005));
#4970=CARTESIAN_POINT('',(-0.0472856738575431,-0.00813968479633331,0.0005));
#4971=CARTESIAN_POINT('',(-0.0422856738575432,0.132420932799578,0.005));
#4972=CARTESIAN_POINT('',(-0.0422856738575432,-0.152134862542152,0.0025));
#4973=CARTESIAN_POINT('',(-0.0422856738575432,-0.152134862542152,0.0015));
#4974=CARTESIAN_POINT('',(-0.0422856738575432,0.112981550395489,0.0005));
#4975=CARTESIAN_POINT('',(-0.0422856738575432,0.112981550395489,0.0005));
#4976=CARTESIAN_POINT('',(-0.0422856738575432,0.117981550395489,0.0005));
#4977=CARTESIAN_POINT('',(-0.0422856738575432,0.122981550395489,0.0005));
#4978=CARTESIAN_POINT('',(-0.0422856738575432,0.122981550395489,0.0005));
#4979=CARTESIAN_POINT('',(-0.0422856738575432,0.141860315203667,0.005));
#4980=CARTESIAN_POINT('',(-0.0422856738575432,0.141860315203667,0.005));
#4981=CARTESIAN_POINT('',(-0.0422856738575432,0.132420932799578,0.005));
#4982=CARTESIAN_POINT('',(-0.0422856738575432,-0.158139684796334,0.005));
#4983=CARTESIAN_POINT('',(-0.0422856738575432,-0.158139684796334,0.005));
#4984=CARTESIAN_POINT('',(-0.0422856738575432,-0.139114521443844,0.0005));
#4985=CARTESIAN_POINT('',(-0.0422856738575432,-0.139114521443844,0.0005));
#4986=CARTESIAN_POINT('',(-0.0422856738575432,-0.134114521443844,0.0005));
#4987=CARTESIAN_POINT('',(-0.0422856738575432,-0.129114521443844,0.0005));
#4988=CARTESIAN_POINT('',(-0.0422856738575432,-0.129114521443844,0.0005));
#4989=CARTESIAN_POINT('',(-0.0422856738575432,-0.00813968479633331,0.0005));
#4990=CARTESIAN_POINT('',(-0.0422856738575432,-0.00813968479633331,0.0005));
#4991=CARTESIAN_POINT('',(-0.0422856738575432,-0.00313968479633331,0.0005));
#4992=CARTESIAN_POINT('',(-0.0422856738575432,0.0018603152036667,0.0005));
#4993=CARTESIAN_POINT('',(-0.0422856738575432,0.0018603152036667,0.0005));
#4994=CARTESIAN_POINT('',(-0.0447856738575432,0.141860315203667,0.005));
#4995=CARTESIAN_POINT('',(-0.0447856738575432,0.141860315203667,0.0025));
#4996=CARTESIAN_POINT('',(-0.0447856738575432,0.141860315203667,0.0035));
#4997=CARTESIAN_POINT('',(-0.0447856738575432,0.141860315203667,0.005));
#4998=CARTESIAN_POINT('',(-0.0464856738575431,-0.158139684796334,0.005));
#4999=CARTESIAN_POINT('',(-0.0456856738575431,-0.158139684796334,0.005));
#5000=CARTESIAN_POINT('',(-0.0456856738575431,-0.158139684796334,0.005));
#5001=CARTESIAN_POINT('',(-0.0464856738575431,-0.158139684796334,0.005));
#5002=CARTESIAN_POINT('',(-0.0456856738575431,-0.152139684796333,0.005));
#5003=CARTESIAN_POINT('',(-0.0456856738575431,-0.152134862542152,0.0025));
#5004=CARTESIAN_POINT('',(-0.0456856738575431,-0.152134862542152,0.0015));
#5005=CARTESIAN_POINT('',(-0.0456856738575431,-0.146139684796333,0.005));
#5006=CARTESIAN_POINT('',(-0.0456856738575431,-0.146139684796333,0.005));
#5007=CARTESIAN_POINT('',(-0.0456856738575431,-0.152139684796333,0.005));
#5008=CARTESIAN_POINT('',(-0.0447856738575432,-0.146139684796333,0.005));
#5009=CARTESIAN_POINT('',(-0.0438856738575431,-0.146139684796333,0.005));
#5010=CARTESIAN_POINT('',(-0.0438856738575431,-0.146139684796333,0.005));
#5011=CARTESIAN_POINT('',(-0.0447856738575432,-0.146139684796333,0.005));
#5012=CARTESIAN_POINT('',(-0.0438856738575431,-0.152139684796333,0.005));
#5013=CARTESIAN_POINT('',(-0.0438856738575431,-0.152134862542152,0.0025));
#5014=CARTESIAN_POINT('',(-0.0438856738575431,-0.152134862542152,0.0015));
#5015=CARTESIAN_POINT('',(-0.0438856738575431,-0.158139684796334,0.005));
#5016=CARTESIAN_POINT('',(-0.0438856738575431,-0.158139684796334,0.005));
#5017=CARTESIAN_POINT('',(-0.0438856738575431,-0.152139684796333,0.005));
#5018=CARTESIAN_POINT('',(-0.0430856738575432,-0.158139684796334,0.005));
#5019=CARTESIAN_POINT('',(-0.0430856738575432,-0.158139684796334,0.005));
#5020=CARTESIAN_POINT('',(0.00567632313032285,-0.00813968479633329,0.005));
#5021=CARTESIAN_POINT('',(-0.0272856738575432,0.132420932799578,0.005));
#5022=CARTESIAN_POINT('',(-0.0272856738575432,-0.152134862542152,0.0025));
#5023=CARTESIAN_POINT('',(-0.0272856738575432,-0.151134862542152,0.0025));
#5024=CARTESIAN_POINT('',(-0.0272856738575432,-0.129114521443844,0.0005));
#5025=CARTESIAN_POINT('',(-0.0272856738575432,-0.129114521443844,0.0005));
#5026=CARTESIAN_POINT('',(-0.0272856738575432,-0.134114521443844,0.0005));
#5027=CARTESIAN_POINT('',(-0.0272856738575432,-0.139114521443844,0.0005));
#5028=CARTESIAN_POINT('',(-0.0272856738575432,-0.139114521443844,0.0005));
#5029=CARTESIAN_POINT('',(-0.0272856738575432,-0.158139684796334,0.005));
#5030=CARTESIAN_POINT('',(-0.0272856738575432,-0.158139684796334,0.005));
#5031=CARTESIAN_POINT('',(-0.0272856738575432,0.132420932799578,0.005));
#5032=CARTESIAN_POINT('',(-0.0272856738575432,0.141860315203667,0.005));
#5033=CARTESIAN_POINT('',(-0.0272856738575432,0.141860315203667,0.005));
#5034=CARTESIAN_POINT('',(-0.0272856738575432,0.122981550395489,0.0005));
#5035=CARTESIAN_POINT('',(-0.0272856738575432,0.122981550395489,0.0005));
#5036=CARTESIAN_POINT('',(-0.0272856738575432,0.117981550395489,0.0005));
#5037=CARTESIAN_POINT('',(-0.0272856738575432,0.112981550395489,0.0005));
#5038=CARTESIAN_POINT('',(-0.0272856738575432,0.112981550395489,0.0005));
#5039=CARTESIAN_POINT('',(-0.0272856738575432,0.0018603152036667,0.0005));
#5040=CARTESIAN_POINT('',(-0.0272856738575432,0.0018603152036667,0.0005));
#5041=CARTESIAN_POINT('',(-0.0272856738575432,-0.00313968479633331,0.0005));
#5042=CARTESIAN_POINT('',(-0.0272856738575432,-0.00813968479633331,0.0005));
#5043=CARTESIAN_POINT('',(-0.0272856738575432,-0.00813968479633331,0.0005));
#5044=CARTESIAN_POINT('',(-0.0222856738575432,0.132420932799578,0.005));
#5045=CARTESIAN_POINT('',(-0.0222856738575431,-0.152134862542152,0.0025));
#5046=CARTESIAN_POINT('',(-0.0222856738575431,-0.151134862542152,0.0025));
#5047=CARTESIAN_POINT('',(-0.0222856738575432,0.112981550395489,0.0005));
#5048=CARTESIAN_POINT('',(-0.0222856738575432,0.112981550395489,0.0005));
#5049=CARTESIAN_POINT('',(-0.0222856738575432,0.117981550395489,0.0005));
#5050=CARTESIAN_POINT('',(-0.0222856738575432,0.122981550395489,0.0005));
#5051=CARTESIAN_POINT('',(-0.0222856738575432,0.122981550395489,0.0005));
#5052=CARTESIAN_POINT('',(-0.0222856738575432,0.141860315203667,0.005));
#5053=CARTESIAN_POINT('',(-0.0222856738575432,0.141860315203667,0.005));
#5054=CARTESIAN_POINT('',(-0.0222856738575432,0.132420932799578,0.005));
#5055=CARTESIAN_POINT('',(-0.0222856738575431,-0.158139684796334,0.005));
#5056=CARTESIAN_POINT('',(-0.0222856738575431,-0.158139684796334,0.005));
#5057=CARTESIAN_POINT('',(-0.0222856738575432,-0.139114521443844,0.0005));
#5058=CARTESIAN_POINT('',(-0.0222856738575432,-0.139114521443844,0.0005));
#5059=CARTESIAN_POINT('',(-0.0222856738575432,-0.134114521443844,0.0005));
#5060=CARTESIAN_POINT('',(-0.0222856738575431,-0.129114521443844,0.0005));
#5061=CARTESIAN_POINT('',(-0.0222856738575432,-0.129114521443844,0.0005));
#5062=CARTESIAN_POINT('',(-0.0222856738575432,-0.00813968479633331,0.0005));
#5063=CARTESIAN_POINT('',(-0.0222856738575432,-0.00813968479633331,0.0005));
#5064=CARTESIAN_POINT('',(-0.0222856738575432,-0.00313968479633331,0.0005));
#5065=CARTESIAN_POINT('',(-0.0222856738575431,0.0018603152036667,0.0005));
#5066=CARTESIAN_POINT('',(-0.0222856738575432,0.0018603152036667,0.0005));
#5067=CARTESIAN_POINT('',(-0.0247856738575432,0.141860315203667,0.005));
#5068=CARTESIAN_POINT('',(-0.0247856738575432,0.141860315203667,0.0025));
#5069=CARTESIAN_POINT('',(-0.0247856738575432,0.141860315203667,0.0035));
#5070=CARTESIAN_POINT('',(-0.0247856738575432,0.141860315203667,0.005));
#5071=CARTESIAN_POINT('',(-0.0264856738575432,-0.158139684796334,0.005));
#5072=CARTESIAN_POINT('',(-0.0256856738575432,-0.158139684796334,0.005));
#5073=CARTESIAN_POINT('',(-0.0256856738575432,-0.158139684796334,0.005));
#5074=CARTESIAN_POINT('',(-0.0264856738575432,-0.158139684796334,0.005));
#5075=CARTESIAN_POINT('',(-0.0256856738575432,-0.152139684796333,0.005));
#5076=CARTESIAN_POINT('',(-0.0256856738575432,-0.152134862542152,0.0025));
#5077=CARTESIAN_POINT('',(-0.0256856738575432,-0.152134862542152,0.0015));
#5078=CARTESIAN_POINT('',(-0.0256856738575432,-0.146139684796333,0.005));
#5079=CARTESIAN_POINT('',(-0.0256856738575432,-0.146139684796333,0.005));
#5080=CARTESIAN_POINT('',(-0.0256856738575432,-0.152139684796333,0.005));
#5081=CARTESIAN_POINT('',(-0.0247856738575432,-0.146139684796333,0.005));
#5082=CARTESIAN_POINT('',(-0.0238856738575432,-0.146139684796333,0.005));
#5083=CARTESIAN_POINT('',(-0.0238856738575432,-0.146139684796333,0.005));
#5084=CARTESIAN_POINT('',(-0.0247856738575432,-0.146139684796333,0.005));
#5085=CARTESIAN_POINT('',(-0.0238856738575432,-0.152139684796333,0.005));
#5086=CARTESIAN_POINT('',(-0.0238856738575432,-0.152134862542152,0.0025));
#5087=CARTESIAN_POINT('',(-0.0238856738575432,-0.152134862542152,0.0015));
#5088=CARTESIAN_POINT('',(-0.0238856738575432,-0.158139684796334,0.005));
#5089=CARTESIAN_POINT('',(-0.0238856738575432,-0.158139684796334,0.005));
#5090=CARTESIAN_POINT('',(-0.0238856738575432,-0.152139684796333,0.005));
#5091=CARTESIAN_POINT('',(-0.0230856738575432,-0.158139684796334,0.005));
#5092=CARTESIAN_POINT('',(-0.0230856738575432,-0.158139684796334,0.005));
#5093=CARTESIAN_POINT('',(0.00567632313032285,-0.00813968479633329,0.005));
#5094=CARTESIAN_POINT('',(-0.00728567385754323,0.132420932799578,0.005));
#5095=CARTESIAN_POINT('',(-0.0072856738575432,-0.152134862542152,0.0025));
#5096=CARTESIAN_POINT('',(-0.0072856738575432,-0.151134862542152,0.0025));
#5097=CARTESIAN_POINT('',(-0.00728567385754321,-0.129114521443844,0.0005));
#5098=CARTESIAN_POINT('',(-0.00728567385754321,-0.129114521443844,0.0005));
#5099=CARTESIAN_POINT('',(-0.00728567385754321,-0.134114521443844,0.0005));
#5100=CARTESIAN_POINT('',(-0.0072856738575432,-0.139114521443844,0.0005));
#5101=CARTESIAN_POINT('',(-0.00728567385754321,-0.139114521443844,0.0005));
#5102=CARTESIAN_POINT('',(-0.00728567385754321,-0.158139684796334,0.005));
#5103=CARTESIAN_POINT('',(-0.00728567385754321,-0.158139684796334,0.005));
#5104=CARTESIAN_POINT('',(-0.00728567385754323,0.132420932799578,0.005));
#5105=CARTESIAN_POINT('',(-0.00728567385754323,0.141860315203667,0.005));
#5106=CARTESIAN_POINT('',(-0.00728567385754323,0.141860315203667,0.005));
#5107=CARTESIAN_POINT('',(-0.00728567385754323,0.122981550395489,0.0005));
#5108=CARTESIAN_POINT('',(-0.00728567385754323,0.122981550395489,0.0005));
#5109=CARTESIAN_POINT('',(-0.00728567385754323,0.117981550395489,0.0005));
#5110=CARTESIAN_POINT('',(-0.00728567385754323,0.112981550395489,0.0005));
#5111=CARTESIAN_POINT('',(-0.00728567385754323,0.112981550395489,0.0005));
#5112=CARTESIAN_POINT('',(-0.00728567385754322,0.0018603152036667,0.0005));
#5113=CARTESIAN_POINT('',(-0.00728567385754322,0.0018603152036667,0.0005));
#5114=CARTESIAN_POINT('',(-0.00728567385754322,-0.00313968479633331,0.0005));
#5115=CARTESIAN_POINT('',(-0.00728567385754322,-0.00813968479633331,0.0005));
#5116=CARTESIAN_POINT('',(-0.00728567385754322,-0.00813968479633331,0.0005));
#5117=CARTESIAN_POINT('',(-0.00478567385754323,0.141860315203667,0.005));
#5118=CARTESIAN_POINT('',(-0.00478567385754323,0.141860315203667,0.0025));
#5119=CARTESIAN_POINT('',(-0.00478567385754323,0.141860315203667,0.0035));
#5120=CARTESIAN_POINT('',(-0.00478567385754323,0.141860315203667,0.005));
#5121=CARTESIAN_POINT('',(-0.00228567385754323,0.141860315203667,0.005));
#5122=CARTESIAN_POINT('',(-0.00228567385754323,0.141860315203667,0.005));
#5123=CARTESIAN_POINT('',(-0.00648567385754321,-0.158139684796334,0.005));
#5124=CARTESIAN_POINT('',(-0.00568567385754321,-0.158139684796334,0.005));
#5125=CARTESIAN_POINT('',(-0.00568567385754321,-0.158139684796334,0.005));
#5126=CARTESIAN_POINT('',(-0.00648567385754321,-0.158139684796334,0.005));
#5127=CARTESIAN_POINT('',(-0.00568567385754321,-0.152139684796333,0.005));
#5128=CARTESIAN_POINT('',(-0.00568567385754321,-0.152134862542152,0.0025));
#5129=CARTESIAN_POINT('',(-0.00568567385754321,-0.151134862542152,0.0025));
#5130=CARTESIAN_POINT('',(-0.00568567385754321,-0.146139684796333,0.005));
#5131=CARTESIAN_POINT('',(-0.00568567385754321,-0.146139684796333,0.005));
#5132=CARTESIAN_POINT('',(-0.00568567385754321,-0.152139684796333,0.005));
#5133=CARTESIAN_POINT('',(-0.00478567385754321,-0.146139684796333,0.005));
#5134=CARTESIAN_POINT('',(-0.00388567385754321,-0.146139684796333,0.005));
#5135=CARTESIAN_POINT('',(-0.00388567385754321,-0.146139684796333,0.005));
#5136=CARTESIAN_POINT('',(-0.00478567385754321,-0.146139684796333,0.005));
#5137=CARTESIAN_POINT('',(-0.00388567385754321,-0.152139684796333,0.005));
#5138=CARTESIAN_POINT('',(-0.00388567385754321,-0.152134862542152,0.0025));
#5139=CARTESIAN_POINT('',(-0.00388567385754321,-0.151134862542152,0.0025));
#5140=CARTESIAN_POINT('',(-0.00388567385754321,-0.158139684796334,0.005));
#5141=CARTESIAN_POINT('',(-0.00388567385754321,-0.158139684796334,0.005));
#5142=CARTESIAN_POINT('',(-0.00388567385754321,-0.152139684796333,0.005));
#5143=CARTESIAN_POINT('',(-0.00308567385754321,-0.158139684796334,0.005));
#5144=CARTESIAN_POINT('',(-0.00228567385754321,-0.158139684796334,0.005));
#5145=CARTESIAN_POINT('',(-0.00228567385754321,-0.158139684796334,0.005));
#5146=CARTESIAN_POINT('',(-0.00308567385754321,-0.158139684796334,0.005));
#5147=CARTESIAN_POINT('',(-0.00228567385754323,0.132420932799578,0.005));
#5148=CARTESIAN_POINT('',(-0.00228567385754322,-0.152134862542152,0.0025));
#5149=CARTESIAN_POINT('',(-0.00228567385754322,-0.151134862542152,0.0025));
#5150=CARTESIAN_POINT('',(-0.00228567385754322,0.0582867674529553,0.0005));
#5151=CARTESIAN_POINT('',(-0.00228567385754322,0.0582867674529553,0.0005));
#5152=CARTESIAN_POINT('',(-0.00228567385754323,0.0632867674529553,0.0005));
#5153=CARTESIAN_POINT('',(-0.00228567385754323,0.0682867674529552,0.0005));
#5154=CARTESIAN_POINT('',(-0.00228567385754323,0.0682867674529552,0.0005));
#5155=CARTESIAN_POINT('',(-0.00228567385754323,0.132420932799578,0.005));
#5156=CARTESIAN_POINT('',(-0.00228567385754322,-0.0737094506621361,0.0005));
#5157=CARTESIAN_POINT('',(-0.00228567385754322,-0.0737094506621361,0.0005));
#5158=CARTESIAN_POINT('',(-0.00228567385754322,-0.0687094506621361,0.0005));
#5159=CARTESIAN_POINT('',(-0.00228567385754322,-0.0637094506621361,0.0005));
#5160=CARTESIAN_POINT('',(-0.00228567385754322,-0.0637094506621361,0.0005));
#5161=CARTESIAN_POINT('',(0.00567632313032285,-0.00813968479633329,0.005));
#5162=CARTESIAN_POINT('',(0.0136383201181889,0.0632867674529553,0.005));
#5163=CARTESIAN_POINT('',(0.0136383201181889,-0.152134862542152,0.0025));
#5164=CARTESIAN_POINT('',(0.0136383201181889,-0.152134862542152,0.0015));
#5165=CARTESIAN_POINT('',(0.0136383201181889,-0.0637094506621361,0.0005));
#5166=CARTESIAN_POINT('',(0.0136383201181889,-0.0637094506621361,0.0005));
#5167=CARTESIAN_POINT('',(0.0136383201181889,-0.0687094506621361,0.0005));
#5168=CARTESIAN_POINT('',(0.0136383201181889,-0.0737094506621361,0.0005));
#5169=CARTESIAN_POINT('',(0.0136383201181889,-0.0737094506621361,0.0005));
#5170=CARTESIAN_POINT('',(0.0136383201181889,-0.158139684796334,0.005));
#5171=CARTESIAN_POINT('',(0.0136383201181889,-0.158139684796334,0.005));
#5172=CARTESIAN_POINT('',(0.0136383201181889,0.0632867674529553,0.005));
#5173=CARTESIAN_POINT('',(0.0136383201181889,0.141860315203667,0.005));
#5174=CARTESIAN_POINT('',(0.0136383201181889,0.141860315203667,0.005));
#5175=CARTESIAN_POINT('',(0.0136383201181889,0.0682867674529552,0.0005));
#5176=CARTESIAN_POINT('',(0.0136383201181889,0.0682867674529552,0.0005));
#5177=CARTESIAN_POINT('',(0.0136383201181889,0.0632867674529553,0.0005));
#5178=CARTESIAN_POINT('',(0.0136383201181889,0.0582867674529553,0.0005));
#5179=CARTESIAN_POINT('',(0.0136383201181889,0.0582867674529553,0.0005));
#5180=CARTESIAN_POINT('',(0.0170383201181889,-0.152139684796333,0.005));
#5181=CARTESIAN_POINT('',(0.0170383201181889,-0.152134862542152,0.0025));
#5182=CARTESIAN_POINT('',(0.0170383201181889,-0.152134862542152,0.0015));
#5183=CARTESIAN_POINT('',(0.0170383201181889,-0.158139684796334,0.005));
#5184=CARTESIAN_POINT('',(0.0170383201181889,-0.158139684796334,0.005));
#5185=CARTESIAN_POINT('',(0.0170383201181889,-0.152139684796333,0.005));
#5186=CARTESIAN_POINT('',(0.0170383201181889,-0.146139684796333,0.005));
#5187=CARTESIAN_POINT('',(0.0170383201181889,-0.146139684796333,0.005));
#5188=CARTESIAN_POINT('',(0.0178383201181889,-0.158139684796334,0.005));
#5189=CARTESIAN_POINT('',(0.0186383201181889,-0.158139684796334,0.005));
#5190=CARTESIAN_POINT('',(0.0186383201181889,-0.158139684796334,0.005));
#5191=CARTESIAN_POINT('',(0.0178383201181889,-0.158139684796334,0.005));
#5192=CARTESIAN_POINT('',(0.0186383201181889,0.0632867674529553,0.005));
#5193=CARTESIAN_POINT('',(0.0186383201181889,-0.152134862542152,0.0025));
#5194=CARTESIAN_POINT('',(0.0186383201181889,-0.152134862542152,0.0015));
#5195=CARTESIAN_POINT('',(0.0186383201181889,0.112981550395489,0.0005));
#5196=CARTESIAN_POINT('',(0.0186383201181889,0.112981550395489,0.0005));
#5197=CARTESIAN_POINT('',(0.0186383201181889,0.117981550395489,0.0005));
#5198=CARTESIAN_POINT('',(0.0186383201181889,0.122981550395489,0.0005));
#5199=CARTESIAN_POINT('',(0.0186383201181889,0.122981550395489,0.0005));
#5200=CARTESIAN_POINT('',(0.0186383201181889,0.141860315203667,0.005));
#5201=CARTESIAN_POINT('',(0.0186383201181889,0.141860315203667,0.005));
#5202=CARTESIAN_POINT('',(0.0186383201181889,0.0632867674529553,0.005));
#5203=CARTESIAN_POINT('',(0.0186383201181889,-0.139114521443844,0.0005));
#5204=CARTESIAN_POINT('',(0.0186383201181889,-0.139114521443844,0.0005));
#5205=CARTESIAN_POINT('',(0.0186383201181889,-0.134114521443844,0.0005));
#5206=CARTESIAN_POINT('',(0.0186383201181889,-0.129114521443844,0.0005));
#5207=CARTESIAN_POINT('',(0.0186383201181889,-0.129114521443844,0.0005));
#5208=CARTESIAN_POINT('',(0.0186383201181889,-0.00813968479633329,0.0005));
#5209=CARTESIAN_POINT('',(0.0186383201181889,-0.00813968479633329,0.0005));
#5210=CARTESIAN_POINT('',(0.0186383201181889,-0.00313968479633328,0.0005));
#5211=CARTESIAN_POINT('',(0.0186383201181889,0.00186031520366672,0.0005));
#5212=CARTESIAN_POINT('',(0.0186383201181889,0.00186031520366672,0.0005));
#5213=CARTESIAN_POINT('',(0.0161383201181889,0.141860315203667,0.005));
#5214=CARTESIAN_POINT('',(0.0161383201181889,0.141860315203667,0.0025));
#5215=CARTESIAN_POINT('',(0.0161383201181889,0.141860315203667,0.0035));
#5216=CARTESIAN_POINT('',(0.0161383201181889,0.141860315203667,0.005));
#5217=CARTESIAN_POINT('',(0.0144383201181889,-0.158139684796334,0.005));
#5218=CARTESIAN_POINT('',(0.0152383201181889,-0.158139684796334,0.005));
#5219=CARTESIAN_POINT('',(0.0152383201181889,-0.158139684796334,0.005));
#5220=CARTESIAN_POINT('',(0.0144383201181889,-0.158139684796334,0.005));
#5221=CARTESIAN_POINT('',(0.0152383201181889,-0.152139684796333,0.005));
#5222=CARTESIAN_POINT('',(0.0152383201181889,-0.152134862542152,0.0025));
#5223=CARTESIAN_POINT('',(0.0152383201181889,-0.152134862542152,0.0015));
#5224=CARTESIAN_POINT('',(0.0152383201181889,-0.146139684796333,0.005));
#5225=CARTESIAN_POINT('',(0.0152383201181889,-0.146139684796333,0.005));
#5226=CARTESIAN_POINT('',(0.0152383201181889,-0.152139684796333,0.005));
#5227=CARTESIAN_POINT('',(0.0161383201181889,-0.146139684796333,0.005));
#5228=CARTESIAN_POINT('',(0.0161383201181889,-0.146139684796333,0.005));
#5229=CARTESIAN_POINT('',(0.00567632313032285,-0.00813968479633329,0.005));
#5230=CARTESIAN_POINT('',(0.0336383201181889,0.132420932799578,0.005));
#5231=CARTESIAN_POINT('',(0.0336383201181889,-0.152134862542152,0.0025));
#5232=CARTESIAN_POINT('',(0.0336383201181889,-0.152134862542152,0.0015));
#5233=CARTESIAN_POINT('',(0.0336383201181889,-0.129114521443844,0.0005));
#5234=CARTESIAN_POINT('',(0.0336383201181889,-0.129114521443844,0.0005));
#5235=CARTESIAN_POINT('',(0.0336383201181889,-0.134114521443844,0.0005));
#5236=CARTESIAN_POINT('',(0.0336383201181889,-0.139114521443844,0.0005));
#5237=CARTESIAN_POINT('',(0.0336383201181889,-0.139114521443844,0.0005));
#5238=CARTESIAN_POINT('',(0.0336383201181889,-0.158139684796334,0.005));
#5239=CARTESIAN_POINT('',(0.0336383201181889,-0.158139684796334,0.005));
#5240=CARTESIAN_POINT('',(0.0336383201181889,0.132420932799578,0.005));
#5241=CARTESIAN_POINT('',(0.0336383201181889,0.141860315203667,0.005));
#5242=CARTESIAN_POINT('',(0.0336383201181889,0.141860315203667,0.005));
#5243=CARTESIAN_POINT('',(0.0336383201181889,0.122981550395489,0.0005));
#5244=CARTESIAN_POINT('',(0.0336383201181889,0.122981550395489,0.0005));
#5245=CARTESIAN_POINT('',(0.0336383201181889,0.117981550395489,0.0005));
#5246=CARTESIAN_POINT('',(0.0336383201181889,0.112981550395489,0.0005));
#5247=CARTESIAN_POINT('',(0.0336383201181889,0.112981550395489,0.0005));
#5248=CARTESIAN_POINT('',(0.0336383201181889,0.00186031520366672,0.0005));
#5249=CARTESIAN_POINT('',(0.0336383201181889,0.00186031520366672,0.0005));
#5250=CARTESIAN_POINT('',(0.0336383201181889,-0.00313968479633328,0.0005));
#5251=CARTESIAN_POINT('',(0.0336383201181889,-0.00813968479633329,0.0005));
#5252=CARTESIAN_POINT('',(0.0336383201181889,-0.00813968479633329,0.0005));
#5253=CARTESIAN_POINT('',(0.0386383201181889,0.132420932799578,0.005));
#5254=CARTESIAN_POINT('',(0.0386383201181889,-0.152134862542152,0.0025));
#5255=CARTESIAN_POINT('',(0.0386383201181889,-0.152134862542152,0.0015));
#5256=CARTESIAN_POINT('',(0.0386383201181889,0.112981550395489,0.0005));
#5257=CARTESIAN_POINT('',(0.0386383201181889,0.112981550395489,0.0005));
#5258=CARTESIAN_POINT('',(0.0386383201181889,0.117981550395489,0.0005));
#5259=CARTESIAN_POINT('',(0.0386383201181889,0.122981550395489,0.0005));
#5260=CARTESIAN_POINT('',(0.0386383201181889,0.122981550395489,0.0005));
#5261=CARTESIAN_POINT('',(0.0386383201181889,0.141860315203667,0.005));
#5262=CARTESIAN_POINT('',(0.0386383201181889,0.141860315203667,0.005));
#5263=CARTESIAN_POINT('',(0.0386383201181889,0.132420932799578,0.005));
#5264=CARTESIAN_POINT('',(0.0386383201181889,-0.158139684796334,0.005));
#5265=CARTESIAN_POINT('',(0.0386383201181889,-0.158139684796334,0.005));
#5266=CARTESIAN_POINT('',(0.0386383201181889,-0.139114521443844,0.0005));
#5267=CARTESIAN_POINT('',(0.0386383201181889,-0.139114521443844,0.0005));
#5268=CARTESIAN_POINT('',(0.0386383201181889,-0.134114521443844,0.0005));
#5269=CARTESIAN_POINT('',(0.0386383201181889,-0.129114521443844,0.0005));
#5270=CARTESIAN_POINT('',(0.0386383201181889,-0.129114521443844,0.0005));
#5271=CARTESIAN_POINT('',(0.0386383201181889,-0.00813968479633329,0.0005));
#5272=CARTESIAN_POINT('',(0.0386383201181889,-0.00813968479633329,0.0005));
#5273=CARTESIAN_POINT('',(0.0386383201181889,-0.00313968479633328,0.0005));
#5274=CARTESIAN_POINT('',(0.0386383201181889,0.00186031520366672,0.0005));
#5275=CARTESIAN_POINT('',(0.0386383201181889,0.00186031520366672,0.0005));
#5276=CARTESIAN_POINT('',(0.0361383201181889,0.141860315203667,0.005));
#5277=CARTESIAN_POINT('',(0.0361383201181889,0.141860315203667,0.0025));
#5278=CARTESIAN_POINT('',(0.0361383201181889,0.141860315203667,0.0035));
#5279=CARTESIAN_POINT('',(0.0361383201181889,0.141860315203667,0.005));
#5280=CARTESIAN_POINT('',(0.0344383201181889,-0.158139684796334,0.005));
#5281=CARTESIAN_POINT('',(0.0352383201181889,-0.158139684796334,0.005));
#5282=CARTESIAN_POINT('',(0.0352383201181889,-0.158139684796334,0.005));
#5283=CARTESIAN_POINT('',(0.0344383201181889,-0.158139684796334,0.005));
#5284=CARTESIAN_POINT('',(0.0352383201181889,-0.152139684796333,0.005));
#5285=CARTESIAN_POINT('',(0.0352383201181889,-0.152134862542152,0.0025));
#5286=CARTESIAN_POINT('',(0.0352383201181889,-0.152134862542152,0.0015));
#5287=CARTESIAN_POINT('',(0.0352383201181889,-0.146139684796333,0.005));
#5288=CARTESIAN_POINT('',(0.0352383201181889,-0.146139684796333,0.005));
#5289=CARTESIAN_POINT('',(0.0352383201181889,-0.152139684796333,0.005));
#5290=CARTESIAN_POINT('',(0.0361383201181889,-0.146139684796333,0.005));
#5291=CARTESIAN_POINT('',(0.0370383201181889,-0.146139684796333,0.005));
#5292=CARTESIAN_POINT('',(0.0370383201181889,-0.146139684796333,0.005));
#5293=CARTESIAN_POINT('',(0.0361383201181889,-0.146139684796333,0.005));
#5294=CARTESIAN_POINT('',(0.0370383201181889,-0.152139684796333,0.005));
#5295=CARTESIAN_POINT('',(0.0370383201181889,-0.152134862542152,0.0025));
#5296=CARTESIAN_POINT('',(0.0370383201181889,-0.152134862542152,0.0015));
#5297=CARTESIAN_POINT('',(0.0370383201181889,-0.158139684796334,0.005));
#5298=CARTESIAN_POINT('',(0.0370383201181889,-0.158139684796334,0.005));
#5299=CARTESIAN_POINT('',(0.0370383201181889,-0.152139684796333,0.005));
#5300=CARTESIAN_POINT('',(0.0378383201181889,-0.158139684796334,0.005));
#5301=CARTESIAN_POINT('',(0.0378383201181889,-0.158139684796334,0.005));
#5302=CARTESIAN_POINT('',(0.00567632313032285,-0.00813968479633329,0.005));
#5303=CARTESIAN_POINT('',(0.0536383201181888,0.117981550395489,0.005));
#5304=CARTESIAN_POINT('',(0.0536383201181888,-0.152134862542152,0.0025));
#5305=CARTESIAN_POINT('',(0.0536383201181888,-0.152134862542152,0.0015));
#5306=CARTESIAN_POINT('',(0.0536383201181888,-0.129114521443844,0.0005));
#5307=CARTESIAN_POINT('',(0.0536383201181888,-0.129114521443844,0.0005));
#5308=CARTESIAN_POINT('',(0.0536383201181888,-0.134114521443844,0.0005));
#5309=CARTESIAN_POINT('',(0.0536383201181888,-0.139114521443844,0.0005));
#5310=CARTESIAN_POINT('',(0.0536383201181888,-0.139114521443844,0.0005));
#5311=CARTESIAN_POINT('',(0.0536383201181889,-0.158139684796334,0.005));
#5312=CARTESIAN_POINT('',(0.0536383201181889,-0.158139684796334,0.005));
#5313=CARTESIAN_POINT('',(0.0536383201181888,0.117981550395489,0.005));
#5314=CARTESIAN_POINT('',(0.0536383201181888,0.141860315203667,0.005));
#5315=CARTESIAN_POINT('',(0.0536383201181888,0.141860315203667,0.005));
#5316=CARTESIAN_POINT('',(0.0536383201181888,0.122981550395489,0.0005));
#5317=CARTESIAN_POINT('',(0.0536383201181888,0.122981550395489,0.0005));
#5318=CARTESIAN_POINT('',(0.0536383201181888,0.117981550395489,0.0005));
#5319=CARTESIAN_POINT('',(0.0536383201181888,0.112981550395489,0.0005));
#5320=CARTESIAN_POINT('',(0.0536383201181888,0.112981550395489,0.0005));
#5321=CARTESIAN_POINT('',(0.0536383201181888,0.00186031520366672,0.0005));
#5322=CARTESIAN_POINT('',(0.0536383201181888,0.00186031520366672,0.0005));
#5323=CARTESIAN_POINT('',(0.0536383201181888,-0.00313968479633328,0.0005));
#5324=CARTESIAN_POINT('',(0.0536383201181888,-0.00813968479633329,0.0005));
#5325=CARTESIAN_POINT('',(0.0536383201181888,-0.00813968479633329,0.0005));
#5326=CARTESIAN_POINT('',(0.0586383201181888,0.117981550395489,0.005));
#5327=CARTESIAN_POINT('',(0.0586383201181888,-0.152134862542152,0.0025));
#5328=CARTESIAN_POINT('',(0.0586383201181888,-0.152134862542152,0.0015));
#5329=CARTESIAN_POINT('',(0.0586383201181888,0.112981550395489,0.0005));
#5330=CARTESIAN_POINT('',(0.0586383201181888,0.112981550395489,0.0005));
#5331=CARTESIAN_POINT('',(0.0586383201181888,0.117981550395489,0.0005));
#5332=CARTESIAN_POINT('',(0.0586383201181888,0.122981550395489,0.0005));
#5333=CARTESIAN_POINT('',(0.0586383201181888,0.122981550395489,0.0005));
#5334=CARTESIAN_POINT('',(0.0586383201181888,0.141860315203667,0.005));
#5335=CARTESIAN_POINT('',(0.0586383201181888,0.141860315203667,0.005));
#5336=CARTESIAN_POINT('',(0.0586383201181888,0.117981550395489,0.005));
#5337=CARTESIAN_POINT('',(0.0586383201181889,-0.158139684796334,0.005));
#5338=CARTESIAN_POINT('',(0.0586383201181889,-0.158139684796334,0.005));
#5339=CARTESIAN_POINT('',(0.0586383201181889,-0.139114521443844,0.0005));
#5340=CARTESIAN_POINT('',(0.0586383201181889,-0.139114521443844,0.0005));
#5341=CARTESIAN_POINT('',(0.0586383201181889,-0.134114521443844,0.0005));
#5342=CARTESIAN_POINT('',(0.0586383201181888,-0.129114521443844,0.0005));
#5343=CARTESIAN_POINT('',(0.0586383201181889,-0.129114521443844,0.0005));
#5344=CARTESIAN_POINT('',(0.0586383201181888,-0.00813968479633329,0.0005));
#5345=CARTESIAN_POINT('',(0.0586383201181888,-0.00813968479633329,0.0005));
#5346=CARTESIAN_POINT('',(0.0586383201181888,-0.00313968479633328,0.0005));
#5347=CARTESIAN_POINT('',(0.0586383201181888,0.00186031520366672,0.0005));
#5348=CARTESIAN_POINT('',(0.0586383201181888,0.00186031520366672,0.0005));
#5349=CARTESIAN_POINT('',(0.0561383201181888,0.141860315203667,0.005));
#5350=CARTESIAN_POINT('',(0.0561383201181888,0.141860315203667,0.0025));
#5351=CARTESIAN_POINT('',(0.0561383201181888,0.141860315203667,0.0035));
#5352=CARTESIAN_POINT('',(0.0561383201181888,0.141860315203667,0.005));
#5353=CARTESIAN_POINT('',(0.0544383201181889,-0.158139684796334,0.005));
#5354=CARTESIAN_POINT('',(0.0552383201181888,-0.158139684796334,0.005));
#5355=CARTESIAN_POINT('',(0.0552383201181888,-0.158139684796334,0.005));
#5356=CARTESIAN_POINT('',(0.0544383201181889,-0.158139684796334,0.005));
#5357=CARTESIAN_POINT('',(0.0552383201181888,-0.152139684796333,0.005));
#5358=CARTESIAN_POINT('',(0.0552383201181888,-0.152134862542152,0.0025));
#5359=CARTESIAN_POINT('',(0.0552383201181888,-0.152134862542152,0.0015));
#5360=CARTESIAN_POINT('',(0.0552383201181888,-0.146139684796333,0.005));
#5361=CARTESIAN_POINT('',(0.0552383201181888,-0.146139684796333,0.005));
#5362=CARTESIAN_POINT('',(0.0552383201181888,-0.152139684796333,0.005));
#5363=CARTESIAN_POINT('',(0.0561383201181889,-0.146139684796333,0.005));
#5364=CARTESIAN_POINT('',(0.0570383201181889,-0.146139684796333,0.005));
#5365=CARTESIAN_POINT('',(0.0570383201181889,-0.146139684796333,0.005));
#5366=CARTESIAN_POINT('',(0.0561383201181889,-0.146139684796333,0.005));
#5367=CARTESIAN_POINT('',(0.0570383201181889,-0.152139684796333,0.005));
#5368=CARTESIAN_POINT('',(0.0570383201181888,-0.152134862542152,0.0025));
#5369=CARTESIAN_POINT('',(0.0570383201181888,-0.152134862542152,0.0015));
#5370=CARTESIAN_POINT('',(0.0570383201181889,-0.158139684796334,0.005));
#5371=CARTESIAN_POINT('',(0.0570383201181889,-0.158139684796334,0.005));
#5372=CARTESIAN_POINT('',(0.0570383201181889,-0.152139684796333,0.005));
#5373=CARTESIAN_POINT('',(0.0578383201181889,-0.158139684796334,0.005));
#5374=CARTESIAN_POINT('',(0.0578383201181889,-0.158139684796334,0.005));
#5375=CARTESIAN_POINT('',(0.00567632313032285,-0.00813968479633329,0.005));
#5376=CARTESIAN_POINT('',(0.0736383201181888,0.117981550395489,0.005));
#5377=CARTESIAN_POINT('',(0.0736383201181888,-0.152134862542152,0.0025));
#5378=CARTESIAN_POINT('',(0.0736383201181888,-0.152134862542152,0.0015));
#5379=CARTESIAN_POINT('',(0.0736383201181888,-0.129114521443844,0.0005));
#5380=CARTESIAN_POINT('',(0.0736383201181888,-0.129114521443844,0.0005));
#5381=CARTESIAN_POINT('',(0.0736383201181888,-0.134114521443844,0.0005));
#5382=CARTESIAN_POINT('',(0.0736383201181888,-0.139114521443844,0.0005));
#5383=CARTESIAN_POINT('',(0.0736383201181888,-0.139114521443844,0.0005));
#5384=CARTESIAN_POINT('',(0.0736383201181888,-0.158139684796334,0.005));
#5385=CARTESIAN_POINT('',(0.0736383201181888,-0.158139684796334,0.005));
#5386=CARTESIAN_POINT('',(0.0736383201181888,0.117981550395489,0.005));
#5387=CARTESIAN_POINT('',(0.0736383201181888,0.141860315203667,0.005));
#5388=CARTESIAN_POINT('',(0.0736383201181888,0.141860315203667,0.005));
#5389=CARTESIAN_POINT('',(0.0736383201181888,0.122981550395489,0.0005));
#5390=CARTESIAN_POINT('',(0.0736383201181888,0.122981550395489,0.0005));
#5391=CARTESIAN_POINT('',(0.0736383201181888,0.117981550395489,0.0005));
#5392=CARTESIAN_POINT('',(0.0736383201181888,0.112981550395489,0.0005));
#5393=CARTESIAN_POINT('',(0.0736383201181888,0.112981550395489,0.0005));
#5394=CARTESIAN_POINT('',(0.0736383201181888,0.00186031520366672,0.0005));
#5395=CARTESIAN_POINT('',(0.0736383201181888,0.00186031520366672,0.0005));
#5396=CARTESIAN_POINT('',(0.0736383201181888,-0.00313968479633328,0.0005));
#5397=CARTESIAN_POINT('',(0.0736383201181888,-0.00813968479633329,0.0005));
#5398=CARTESIAN_POINT('',(0.0736383201181888,-0.00813968479633329,0.0005));
#5399=CARTESIAN_POINT('',(0.0786383201181888,0.117981550395489,0.005));
#5400=CARTESIAN_POINT('',(0.0786383201181888,-0.152134862542152,0.0025));
#5401=CARTESIAN_POINT('',(0.0786383201181888,-0.152134862542152,0.0015));
#5402=CARTESIAN_POINT('',(0.0786383201181888,0.141860315203667,0.005));
#5403=CARTESIAN_POINT('',(0.0786383201181888,0.141860315203667,0.005));
#5404=CARTESIAN_POINT('',(0.0786383201181888,0.117981550395489,0.005));
#5405=CARTESIAN_POINT('',(0.0786383201181888,-0.158139684796334,0.005));
#5406=CARTESIAN_POINT('',(0.0786383201181888,-0.158139684796334,0.005));
#5407=CARTESIAN_POINT('',(0.0761383201181888,0.141860315203667,0.005));
#5408=CARTESIAN_POINT('',(0.0761383201181888,0.141860315203667,0.00249999999999997));
#5409=CARTESIAN_POINT('',(0.0761383201181888,0.141860315203667,0.00349999999999999));
#5410=CARTESIAN_POINT('',(0.0761383201181888,0.141860315203667,0.005));
#5411=CARTESIAN_POINT('',(0.0744383201181888,-0.158139684796334,0.005));
#5412=CARTESIAN_POINT('',(0.0752383201181888,-0.158139684796334,0.005));
#5413=CARTESIAN_POINT('',(0.0752383201181888,-0.158139684796334,0.005));
#5414=CARTESIAN_POINT('',(0.0744383201181888,-0.158139684796334,0.005));
#5415=CARTESIAN_POINT('',(0.0752383201181888,-0.152139684796333,0.005));
#5416=CARTESIAN_POINT('',(0.0752383201181888,-0.152134862542152,0.0025));
#5417=CARTESIAN_POINT('',(0.0752383201181888,-0.152134862542152,0.0015));
#5418=CARTESIAN_POINT('',(0.0752383201181888,-0.146139684796333,0.005));
#5419=CARTESIAN_POINT('',(0.0752383201181888,-0.146139684796333,0.005));
#5420=CARTESIAN_POINT('',(0.0752383201181888,-0.152139684796333,0.005));
#5421=CARTESIAN_POINT('',(0.0761383201181888,-0.146139684796333,0.005));
#5422=CARTESIAN_POINT('',(0.0770383201181888,-0.146139684796333,0.005));
#5423=CARTESIAN_POINT('',(0.0770383201181888,-0.146139684796333,0.005));
#5424=CARTESIAN_POINT('',(0.0761383201181888,-0.146139684796333,0.005));
#5425=CARTESIAN_POINT('',(0.0770383201181888,-0.152139684796333,0.005));
#5426=CARTESIAN_POINT('',(0.0770383201181888,-0.152134862542152,0.0025));
#5427=CARTESIAN_POINT('',(0.0770383201181888,-0.152134862542152,0.0015));
#5428=CARTESIAN_POINT('',(0.0770383201181888,-0.158139684796334,0.005));
#5429=CARTESIAN_POINT('',(0.0770383201181888,-0.158139684796334,0.005));
#5430=CARTESIAN_POINT('',(0.0770383201181888,-0.152139684796333,0.005));
#5431=CARTESIAN_POINT('',(0.0778383201181888,-0.158139684796334,0.005));
#5432=CARTESIAN_POINT('',(0.0778383201181888,-0.158139684796334,0.005));
#5433=CARTESIAN_POINT('',(0.00567632313032285,-0.00813968479633329,0.005));
#5434=CARTESIAN_POINT('',(0.0661383201181888,0.122981550395489,0.0005));
#5435=CARTESIAN_POINT('',(0.0661383201181888,0.122981550395489,0.0005));
#5436=CARTESIAN_POINT('',(0.0661383201181888,0.112981550395489,0.0005));
#5437=CARTESIAN_POINT('',(0.0661383201181888,0.112981550395489,0.0005));
#5438=CARTESIAN_POINT('',(0.00567632313032285,-0.00813968479633329,0.0005));
#5439=CARTESIAN_POINT('',(0.0661383201181888,0.00186031520366672,0.0005));
#5440=CARTESIAN_POINT('',(0.0661383201181888,0.00186031520366672,0.0005));
#5441=CARTESIAN_POINT('',(0.0661383201181888,-0.00813968479633329,0.0005));
#5442=CARTESIAN_POINT('',(0.0661383201181888,-0.00813968479633329,0.0005));
#5443=CARTESIAN_POINT('',(0.00567632313032285,-0.00813968479633329,0.0005));
#5444=CARTESIAN_POINT('',(0.0661383201181888,-0.129114521443844,0.0005));
#5445=CARTESIAN_POINT('',(0.0661383201181888,-0.129114521443844,0.0005));
#5446=CARTESIAN_POINT('',(0.0661383201181888,-0.139114521443844,0.0005));
#5447=CARTESIAN_POINT('',(0.0661383201181888,-0.139114521443844,0.0005));
#5448=CARTESIAN_POINT('',(0.00567632313032285,-0.00813968479633329,0.0005));
#5449=CARTESIAN_POINT('',(0.0461383201181889,0.122981550395489,0.0005));
#5450=CARTESIAN_POINT('',(0.0461383201181889,0.122981550395489,0.0005));
#5451=CARTESIAN_POINT('',(0.0461383201181889,0.112981550395489,0.0005));
#5452=CARTESIAN_POINT('',(0.0461383201181889,0.112981550395489,0.0005));
#5453=CARTESIAN_POINT('',(0.00567632313032285,-0.00813968479633329,0.0005));
#5454=CARTESIAN_POINT('',(0.0461383201181889,0.00186031520366672,0.0005));
#5455=CARTESIAN_POINT('',(0.0461383201181889,0.00186031520366672,0.0005));
#5456=CARTESIAN_POINT('',(0.0461383201181889,-0.00813968479633329,0.0005));
#5457=CARTESIAN_POINT('',(0.0461383201181889,-0.00813968479633329,0.0005));
#5458=CARTESIAN_POINT('',(0.00567632313032285,-0.00813968479633329,0.0005));
#5459=CARTESIAN_POINT('',(0.0461383201181889,-0.129114521443844,0.0005));
#5460=CARTESIAN_POINT('',(0.0461383201181889,-0.129114521443844,0.0005));
#5461=CARTESIAN_POINT('',(0.0461383201181889,-0.139114521443844,0.0005));
#5462=CARTESIAN_POINT('',(0.0461383201181889,-0.139114521443844,0.0005));
#5463=CARTESIAN_POINT('',(0.00567632313032285,-0.00813968479633329,0.0005));
#5464=CARTESIAN_POINT('',(0.0261383201181889,0.122981550395489,0.0005));
#5465=CARTESIAN_POINT('',(0.0261383201181889,0.122981550395489,0.0005));
#5466=CARTESIAN_POINT('',(0.0261383201181889,0.112981550395489,0.0005));
#5467=CARTESIAN_POINT('',(0.0261383201181889,0.112981550395489,0.0005));
#5468=CARTESIAN_POINT('',(0.00567632313032285,-0.00813968479633329,0.0005));
#5469=CARTESIAN_POINT('',(0.0261383201181889,0.00186031520366672,0.0005));
#5470=CARTESIAN_POINT('',(0.0261383201181889,0.00186031520366672,0.0005));
#5471=CARTESIAN_POINT('',(0.0261383201181889,-0.00813968479633329,0.0005));
#5472=CARTESIAN_POINT('',(0.0261383201181889,-0.00813968479633329,0.0005));
#5473=CARTESIAN_POINT('',(0.00567632313032285,-0.00813968479633329,0.0005));
#5474=CARTESIAN_POINT('',(0.0261383201181889,-0.129114521443844,0.0005));
#5475=CARTESIAN_POINT('',(0.0261383201181889,-0.129114521443844,0.0005));
#5476=CARTESIAN_POINT('',(0.0261383201181889,-0.139114521443844,0.0005));
#5477=CARTESIAN_POINT('',(0.0261383201181889,-0.139114521443844,0.0005));
#5478=CARTESIAN_POINT('',(0.00567632313032285,-0.00813968479633329,0.0005));
#5479=CARTESIAN_POINT('',(0.00567632313032284,0.0682867674529552,0.0005));
#5480=CARTESIAN_POINT('',(0.00567632313032284,0.0682867674529552,0.0005));
#5481=CARTESIAN_POINT('',(0.00567632313032284,0.0582867674529553,0.0005));
#5482=CARTESIAN_POINT('',(0.00567632313032284,0.0582867674529553,0.0005));
#5483=CARTESIAN_POINT('',(0.00567632313032285,-0.00813968479633329,0.0005));
#5484=CARTESIAN_POINT('',(0.00567632313032284,-0.0637094506621361,0.0005));
#5485=CARTESIAN_POINT('',(0.00567632313032284,-0.0637094506621361,0.0005));
#5486=CARTESIAN_POINT('',(0.00567632313032284,-0.0737094506621361,0.0005));
#5487=CARTESIAN_POINT('',(0.00567632313032284,-0.0737094506621361,0.0005));
#5488=CARTESIAN_POINT('',(0.00567632313032285,-0.00813968479633329,0.0005));
#5489=CARTESIAN_POINT('',(-0.0147856738575432,0.122981550395489,0.0005));
#5490=CARTESIAN_POINT('',(-0.0147856738575432,0.122981550395489,0.0005));
#5491=CARTESIAN_POINT('',(-0.0147856738575432,0.112981550395489,0.0005));
#5492=CARTESIAN_POINT('',(-0.0147856738575432,0.112981550395489,0.0005));
#5493=CARTESIAN_POINT('',(0.00567632313032285,-0.00813968479633329,0.0005));
#5494=CARTESIAN_POINT('',(-0.0147856738575432,0.0018603152036667,0.0005));
#5495=CARTESIAN_POINT('',(-0.0147856738575432,0.0018603152036667,0.0005));
#5496=CARTESIAN_POINT('',(-0.0147856738575432,-0.00813968479633331,0.0005));
#5497=CARTESIAN_POINT('',(-0.0147856738575432,-0.00813968479633331,0.0005));
#5498=CARTESIAN_POINT('',(0.00567632313032285,-0.00813968479633329,0.0005));
#5499=CARTESIAN_POINT('',(-0.0147856738575432,-0.129114521443844,0.0005));
#5500=CARTESIAN_POINT('',(-0.0147856738575432,-0.129114521443844,0.0005));
#5501=CARTESIAN_POINT('',(-0.0147856738575432,-0.139114521443844,0.0005));
#5502=CARTESIAN_POINT('',(-0.0147856738575432,-0.139114521443844,0.0005));
#5503=CARTESIAN_POINT('',(0.00567632313032285,-0.00813968479633329,0.0005));
#5504=CARTESIAN_POINT('',(-0.0347856738575432,0.122981550395489,0.0005));
#5505=CARTESIAN_POINT('',(-0.0347856738575432,0.122981550395489,0.0005));
#5506=CARTESIAN_POINT('',(-0.0347856738575432,0.112981550395489,0.0005));
#5507=CARTESIAN_POINT('',(-0.0347856738575432,0.112981550395489,0.0005));
#5508=CARTESIAN_POINT('',(0.00567632313032285,-0.00813968479633329,0.0005));
#5509=CARTESIAN_POINT('',(-0.0347856738575432,0.0018603152036667,0.0005));
#5510=CARTESIAN_POINT('',(-0.0347856738575432,0.0018603152036667,0.0005));
#5511=CARTESIAN_POINT('',(-0.0347856738575432,-0.00813968479633331,0.0005));
#5512=CARTESIAN_POINT('',(-0.0347856738575432,-0.00813968479633331,0.0005));
#5513=CARTESIAN_POINT('',(0.00567632313032285,-0.00813968479633329,0.0005));
#5514=CARTESIAN_POINT('',(-0.0347856738575432,-0.129114521443844,0.0005));
#5515=CARTESIAN_POINT('',(-0.0347856738575432,-0.129114521443844,0.0005));
#5516=CARTESIAN_POINT('',(-0.0347856738575432,-0.139114521443844,0.0005));
#5517=CARTESIAN_POINT('',(-0.0347856738575432,-0.139114521443844,0.0005));
#5518=CARTESIAN_POINT('',(0.00567632313032285,-0.00813968479633329,0.0005));
#5519=CARTESIAN_POINT('',(-0.0547856738575432,0.122981550395489,0.0005));
#5520=CARTESIAN_POINT('',(-0.0547856738575432,0.122981550395489,0.0005));
#5521=CARTESIAN_POINT('',(-0.0547856738575432,0.112981550395489,0.0005));
#5522=CARTESIAN_POINT('',(-0.0547856738575432,0.112981550395489,0.0005));
#5523=CARTESIAN_POINT('',(0.00567632313032285,-0.00813968479633329,0.0005));
#5524=CARTESIAN_POINT('',(-0.0547856738575431,0.0018603152036667,0.0005));
#5525=CARTESIAN_POINT('',(-0.0547856738575431,0.0018603152036667,0.0005));
#5526=CARTESIAN_POINT('',(-0.0547856738575431,-0.00813968479633331,0.0005));
#5527=CARTESIAN_POINT('',(-0.0547856738575431,-0.00813968479633331,0.0005));
#5528=CARTESIAN_POINT('',(0.00567632313032285,-0.00813968479633329,0.0005));
#5529=CARTESIAN_POINT('',(-0.0547856738575431,-0.129114521443844,0.0005));
#5530=CARTESIAN_POINT('',(-0.0547856738575431,-0.129114521443844,0.0005));
#5531=CARTESIAN_POINT('',(-0.0547856738575431,-0.139114521443844,0.0005));
#5532=CARTESIAN_POINT('',(-0.0547856738575431,-0.139114521443844,0.0005));
#5533=CARTESIAN_POINT('',(0.00567632313032285,-0.00813968479633329,0.0005));
#5534=CARTESIAN_POINT('',(0.0761383201181888,0.141460315203667,0.00249999999999997));
#5535=CARTESIAN_POINT('',(0.0761383201181888,0.141460315203667,0.00249999999999997));
#5536=CARTESIAN_POINT('',(0.0761383201181888,0.141460315203667,0.00349999999999999));
#5537=CARTESIAN_POINT('',(0.00567632313032283,0.141460315203667,0.0025));
#5538=CARTESIAN_POINT('',(0.0561383201181888,0.141460315203667,0.0025));
#5539=CARTESIAN_POINT('',(0.0561383201181888,0.141460315203667,0.0025));
#5540=CARTESIAN_POINT('',(0.0561383201181888,0.141460315203667,0.0035));
#5541=CARTESIAN_POINT('',(0.00567632313032283,0.141460315203667,0.0025));
#5542=CARTESIAN_POINT('',(0.0361383201181889,0.141460315203667,0.0025));
#5543=CARTESIAN_POINT('',(0.0361383201181889,0.141460315203667,0.0025));
#5544=CARTESIAN_POINT('',(0.0361383201181889,0.141460315203667,0.0035));
#5545=CARTESIAN_POINT('',(0.00567632313032283,0.141460315203667,0.0025));
#5546=CARTESIAN_POINT('',(0.0161383201181889,0.141460315203667,0.0025));
#5547=CARTESIAN_POINT('',(0.0161383201181889,0.141460315203667,0.0025));
#5548=CARTESIAN_POINT('',(0.0161383201181889,0.141460315203667,0.0035));
#5549=CARTESIAN_POINT('',(0.00567632313032283,0.141460315203667,0.0025));
#5550=CARTESIAN_POINT('',(-0.00478567385754323,0.141460315203667,0.0025));
#5551=CARTESIAN_POINT('',(-0.00478567385754323,0.141460315203667,0.0025));
#5552=CARTESIAN_POINT('',(-0.00478567385754323,0.141460315203667,0.0035));
#5553=CARTESIAN_POINT('',(0.00567632313032283,0.141460315203667,0.0025));
#5554=CARTESIAN_POINT('',(-0.0247856738575432,0.141460315203667,0.0025));
#5555=CARTESIAN_POINT('',(-0.0247856738575432,0.141460315203667,0.0025));
#5556=CARTESIAN_POINT('',(-0.0247856738575432,0.141460315203667,0.0035));
#5557=CARTESIAN_POINT('',(0.00567632313032283,0.141460315203667,0.0025));
#5558=CARTESIAN_POINT('',(-0.0447856738575432,0.141460315203667,0.0025));
#5559=CARTESIAN_POINT('',(-0.0447856738575432,0.141460315203667,0.0025));
#5560=CARTESIAN_POINT('',(-0.0447856738575432,0.141460315203667,0.0035));
#5561=CARTESIAN_POINT('',(0.00567632313032283,0.141460315203667,0.0025));
#5562=CARTESIAN_POINT('',(-0.0647856738575431,0.141460315203667,0.0025));
#5563=CARTESIAN_POINT('',(-0.0647856738575431,0.141460315203667,0.0025));
#5564=CARTESIAN_POINT('',(-0.0647856738575431,0.141460315203667,0.0035));
#5565=CARTESIAN_POINT('',(0.00567632313032283,0.141460315203667,0.0025));
#5566=CARTESIAN_POINT('',(-0.121361679881811,-0.152134862542152,0.0025));
#5567=CARTESIAN_POINT('',(-0.121361679881811,-0.152134862542152,0.0025));
#5568=CARTESIAN_POINT('',(-0.121361679881811,-0.152134862542152,0.0025));
#5569=CARTESIAN_POINT('',(-0.121361679881811,-0.152134862542152,0.0025));
#5570=CARTESIAN_POINT('',(-0.121361679881811,-0.152134862542152,0.0025));
#5571=CARTESIAN_POINT('',(-0.121361679881811,-0.152134862542152,0.0025));
#5572=CARTESIAN_POINT('',(-0.121361679881811,-0.152134862542152,0.0025));
#5573=CARTESIAN_POINT('',(-0.121361679881811,-0.152134862542152,0.0025));
#5574=CARTESIAN_POINT('',(-0.121361679881811,-0.152134862542152,0.0025));
#5575=CARTESIAN_POINT('',(-0.121361679881811,-0.152134862542152,0.0025));
#5576=CARTESIAN_POINT('',(-0.121361679881811,-0.152134862542152,0.0025));
#5577=CARTESIAN_POINT('',(-0.121361679881811,-0.152134862542152,0.0025));
#5578=CARTESIAN_POINT('',(-0.121361679881811,-0.152134862542152,0.0025));
#5579=CARTESIAN_POINT('',(-0.121361679881811,-0.152134862542152,0.0025));
#5580=CARTESIAN_POINT('',(-0.121361679881811,-0.152134862542152,0.0025));
#5581=CARTESIAN_POINT('',(-0.121361679881811,-0.152134862542152,0.0025));
#5582=MECHANICAL_DESIGN_GEOMETRIC_PRESENTATION_REPRESENTATION('',(#3515),
#5583);
#5583=(
GEOMETRIC_REPRESENTATION_CONTEXT(3)
GLOBAL_UNCERTAINTY_ASSIGNED_CONTEXT((#5584))
GLOBAL_UNIT_ASSIGNED_CONTEXT((#5587,#5586,#5585))
REPRESENTATION_CONTEXT('Part 1','TOP_LEVEL_ASSEMBLY_PART')
);
#5584=UNCERTAINTY_MEASURE_WITH_UNIT(LENGTH_MEASURE(1.E-8),#5587,
'DISTANCE_ACCURACY_VALUE','Maximum Tolerance applied to model');
#5585=(
NAMED_UNIT(*)
SI_UNIT($,.STERADIAN.)
SOLID_ANGLE_UNIT()
);
#5586=(
NAMED_UNIT(*)
PLANE_ANGLE_UNIT()
SI_UNIT($,.RADIAN.)
);
#5587=(
LENGTH_UNIT()
NAMED_UNIT(*)
SI_UNIT($,.METRE.)
);
#5588=PRODUCT_DEFINITION_SHAPE('','',#5589);
#5589=PRODUCT_DEFINITION('','',#5591,#5590);
#5590=PRODUCT_DEFINITION_CONTEXT('',#5597,'design');
#5591=PRODUCT_DEFINITION_FORMATION_WITH_SPECIFIED_SOURCE('','',#5593,
 .NOT_KNOWN.);
#5592=PRODUCT_RELATED_PRODUCT_CATEGORY('','',(#5593));
#5593=PRODUCT('Part 1','Part 1','Part 1',(#5595));
#5594=PRODUCT_CATEGORY('','');
#5595=PRODUCT_CONTEXT('',#5597,'mechanical');
#5596=APPLICATION_PROTOCOL_DEFINITION('international standard',
'ap242_managed_model_based_3d_engineering',2020,#5597);
#5597=APPLICATION_CONTEXT('managed model based 3d engineering');
ENDSEC;
END-ISO-10303-21;
