ISO-10303-21;
HEADER;
/* Generated by software containing ST-Developer
 * from STEP Tools, Inc. (www.steptools.com) 
 */
/* OPTION: using custom renumber hook */

FILE_DESCRIPTION(
/* description */ ('STEP AP242 Edition 2',
'CAx-IF Rec.Pracs.---Representation and Presentation of Product Manufa
cturing Information (PMI)---4.0---2014-10-13',
'CAx-IF Rec.Pracs.---3D Tessellated Geometry---0.4---2014-09-14','2;1',
'CAx-IF Rec.Pracs.---User Defined Attributes---1.5---2016-08-15'),
/* implementation_level */ '2;1');

FILE_NAME(
/* name */ 'Part Studio 1',
/* time_stamp */ '2026-09-09T15:03:07Z',
/* author */ (''),
/* organization */ (''),
/* preprocessor_version */ 'ST-DEVELOPER v20',
/* originating_system */ 'ONSHAPE BY PTC INC, 1.220',
/* authorisation */ '  ');

FILE_SCHEMA (('AP242_MANAGED_MODEL_BASED_3D_ENGINEERING_MIM_LF { 1 0 10303 442 3 1 4 }'));
ENDSEC;

DATA;
#10=SHAPE_REPRESENTATION_RELATIONSHIP('','',#2202,#11);
#11=ADVANCED_BREP_SHAPE_REPRESENTATION('',(#2200),#4585);
#12=PLANE('',#2258);
#13=PLANE('',#2259);
#14=PLANE('',#2263);
#15=PLANE('',#2267);
#16=PLANE('',#2271);
#17=PLANE('',#2287);
#18=PLANE('',#2288);
#19=PLANE('',#2293);
#20=PLANE('',#2297);
#21=PLANE('',#2301);
#22=PLANE('',#2305);
#23=PLANE('',#2309);
#24=PLANE('',#2313);
#25=PLANE('',#2317);
#26=PLANE('',#2321);
#27=PLANE('',#2322);
#28=PLANE('',#2323);
#29=PLANE('',#2324);
#30=PLANE('',#2325);
#31=PLANE('',#2326);
#32=PLANE('',#2327);
#33=PLANE('',#2328);
#34=PLANE('',#2329);
#35=PLANE('',#2332);
#36=PLANE('',#2333);
#37=PLANE('',#2334);
#38=PLANE('',#2335);
#39=PLANE('',#2336);
#40=PLANE('',#2337);
#41=PLANE('',#2338);
#42=PLANE('',#2339);
#43=PLANE('',#2368);
#44=PLANE('',#2372);
#45=PLANE('',#2397);
#46=PLANE('',#2398);
#47=PLANE('',#2399);
#48=PLANE('',#2400);
#49=PLANE('',#2401);
#50=PLANE('',#2402);
#51=PLANE('',#2403);
#52=PLANE('',#2404);
#53=PLANE('',#2405);
#54=PLANE('',#2406);
#55=PLANE('',#2407);
#56=PLANE('',#2408);
#57=PLANE('',#2409);
#58=PLANE('',#2410);
#59=PLANE('',#2411);
#60=PLANE('',#2412);
#61=ELLIPSE('',#2247,0.0035355339059327,0.00249999999999997);
#62=ELLIPSE('',#2248,0.0035355339059327,0.00249999999999997);
#63=ELLIPSE('',#2250,0.00353553390593274,0.0025);
#64=ELLIPSE('',#2251,0.00353553390593274,0.0025);
#65=ELLIPSE('',#2253,0.00353553390593274,0.0025);
#66=ELLIPSE('',#2254,0.00353553390593274,0.0025);
#67=ELLIPSE('',#2256,0.00353553390593274,0.0025);
#68=ELLIPSE('',#2257,0.00353553390593274,0.0025);
#69=ELLIPSE('',#2357,0.0035355339059327,0.00249999999999997);
#70=ELLIPSE('',#2358,0.0035355339059327,0.00249999999999997);
#71=ELLIPSE('',#2360,0.00353553390593274,0.0025);
#72=ELLIPSE('',#2361,0.00353553390593274,0.0025);
#73=ELLIPSE('',#2363,0.00353553390593274,0.0025);
#74=ELLIPSE('',#2364,0.00353553390593274,0.0025);
#75=ELLIPSE('',#2366,0.00353553390593274,0.0025);
#76=ELLIPSE('',#2367,0.00353553390593274,0.0025);
#77=LINE('',#3511,#175);
#78=LINE('',#3516,#176);
#79=LINE('',#3520,#177);
#80=LINE('',#3524,#178);
#81=LINE('',#3528,#179);
#82=LINE('',#3532,#180);
#83=LINE('',#3536,#181);
#84=LINE('',#3540,#182);
#85=LINE('',#3544,#183);
#86=LINE('',#3548,#184);
#87=LINE('',#3552,#185);
#88=LINE('',#3556,#186);
#89=LINE('',#3560,#187);
#90=LINE('',#3564,#188);
#91=LINE('',#3568,#189);
#92=LINE('',#3572,#190);
#93=LINE('',#3576,#191);
#94=LINE('',#3581,#192);
#95=LINE('',#3585,#193);
#96=LINE('',#3590,#194);
#97=LINE('',#3594,#195);
#98=LINE('',#3599,#196);
#99=LINE('',#3603,#197);
#100=LINE('',#3608,#198);
#101=LINE('',#3612,#199);
#102=LINE('',#3617,#200);
#103=LINE('',#3621,#201);
#104=LINE('',#3626,#202);
#105=LINE('',#3630,#203);
#106=LINE('',#3635,#204);
#107=LINE('',#3639,#205);
#108=LINE('',#3644,#206);
#109=LINE('',#3668,#207);
#110=LINE('',#3671,#208);
#111=LINE('',#3673,#209);
#112=LINE('',#3675,#210);
#113=LINE('',#3677,#211);
#114=LINE('',#3679,#212);
#115=LINE('',#3681,#213);
#116=LINE('',#3684,#214);
#117=LINE('',#3686,#215);
#118=LINE('',#3688,#216);
#119=LINE('',#3692,#217);
#120=LINE('',#3696,#218);
#121=LINE('',#3698,#219);
#122=LINE('',#3700,#220);
#123=LINE('',#3704,#221);
#124=LINE('',#3708,#222);
#125=LINE('',#3710,#223);
#126=LINE('',#3712,#224);
#127=LINE('',#3716,#225);
#128=LINE('',#3720,#226);
#129=LINE('',#3722,#227);
#130=LINE('',#3724,#228);
#131=LINE('',#3749,#229);
#132=LINE('',#3750,#230);
#133=LINE('',#3751,#231);
#134=LINE('',#3752,#232);
#135=LINE('',#3753,#233);
#136=LINE('',#3754,#234);
#137=LINE('',#3755,#235);
#138=LINE('',#3756,#236);
#139=LINE('',#3757,#237);
#140=LINE('',#3758,#238);
#141=LINE('',#3759,#239);
#142=LINE('',#3760,#240);
#143=LINE('',#3761,#241);
#144=LINE('',#3762,#242);
#145=LINE('',#3763,#243);
#146=LINE('',#3764,#244);
#147=LINE('',#3774,#245);
#148=LINE('',#3775,#246);
#149=LINE('',#3782,#247);
#150=LINE('',#3783,#248);
#151=LINE('',#3790,#249);
#152=LINE('',#3791,#250);
#153=LINE('',#3798,#251);
#154=LINE('',#3799,#252);
#155=LINE('',#3806,#253);
#156=LINE('',#3807,#254);
#157=LINE('',#3814,#255);
#158=LINE('',#3815,#256);
#159=LINE('',#3822,#257);
#160=LINE('',#3823,#258);
#161=LINE('',#3830,#259);
#162=LINE('',#3831,#260);
#163=LINE('',#3845,#261);
#164=LINE('',#3847,#262);
#165=LINE('',#3849,#263);
#166=LINE('',#3851,#264);
#167=LINE('',#3853,#265);
#168=LINE('',#3855,#266);
#169=LINE('',#3857,#267);
#170=LINE('',#3859,#268);
#171=LINE('',#3861,#269);
#172=LINE('',#3863,#270);
#173=LINE('',#3865,#271);
#174=LINE('',#3867,#272);
#175=VECTOR('',#2419,1.);
#176=VECTOR('',#2422,1.);
#177=VECTOR('',#2425,1.);
#178=VECTOR('',#2428,1.);
#179=VECTOR('',#2431,1.);
#180=VECTOR('',#2434,1.);
#181=VECTOR('',#2437,1.);
#182=VECTOR('',#2440,1.);
#183=VECTOR('',#2443,1.);
#184=VECTOR('',#2446,1.);
#185=VECTOR('',#2449,1.);
#186=VECTOR('',#2452,1.);
#187=VECTOR('',#2455,1.);
#188=VECTOR('',#2458,1.);
#189=VECTOR('',#2461,1.);
#190=VECTOR('',#2464,1.);
#191=VECTOR('',#2469,1.);
#192=VECTOR('',#2472,1.);
#193=VECTOR('',#2477,1.);
#194=VECTOR('',#2480,1.);
#195=VECTOR('',#2485,1.);
#196=VECTOR('',#2488,1.);
#197=VECTOR('',#2493,1.);
#198=VECTOR('',#2496,1.);
#199=VECTOR('',#2501,1.);
#200=VECTOR('',#2504,1.);
#201=VECTOR('',#2509,1.);
#202=VECTOR('',#2512,1.);
#203=VECTOR('',#2517,1.);
#204=VECTOR('',#2520,1.);
#205=VECTOR('',#2525,1.);
#206=VECTOR('',#2528,1.);
#207=VECTOR('',#2557,1.);
#208=VECTOR('',#2558,1.);
#209=VECTOR('',#2559,1.);
#210=VECTOR('',#2560,1.);
#211=VECTOR('',#2561,1.);
#212=VECTOR('',#2562,1.);
#213=VECTOR('',#2565,1.);
#214=VECTOR('',#2566,1.);
#215=VECTOR('',#2567,1.);
#216=VECTOR('',#2568,1.);
#217=VECTOR('',#2573,1.);
#218=VECTOR('',#2578,1.);
#219=VECTOR('',#2579,1.);
#220=VECTOR('',#2580,1.);
#221=VECTOR('',#2585,1.);
#222=VECTOR('',#2590,1.);
#223=VECTOR('',#2591,1.);
#224=VECTOR('',#2592,1.);
#225=VECTOR('',#2597,1.);
#226=VECTOR('',#2602,1.);
#227=VECTOR('',#2603,1.);
#228=VECTOR('',#2604,1.);
#229=VECTOR('',#2637,1.);
#230=VECTOR('',#2638,1.);
#231=VECTOR('',#2639,1.);
#232=VECTOR('',#2640,1.);
#233=VECTOR('',#2641,1.);
#234=VECTOR('',#2642,1.);
#235=VECTOR('',#2643,1.);
#236=VECTOR('',#2644,1.);
#237=VECTOR('',#2645,1.);
#238=VECTOR('',#2646,1.);
#239=VECTOR('',#2647,1.);
#240=VECTOR('',#2648,1.);
#241=VECTOR('',#2649,1.);
#242=VECTOR('',#2650,1.);
#243=VECTOR('',#2651,1.);
#244=VECTOR('',#2652,1.);
#245=VECTOR('',#2665,1.);
#246=VECTOR('',#2666,1.);
#247=VECTOR('',#2675,1.);
#248=VECTOR('',#2676,1.);
#249=VECTOR('',#2685,1.);
#250=VECTOR('',#2686,1.);
#251=VECTOR('',#2695,1.);
#252=VECTOR('',#2696,1.);
#253=VECTOR('',#2705,1.);
#254=VECTOR('',#2706,1.);
#255=VECTOR('',#2715,1.);
#256=VECTOR('',#2716,1.);
#257=VECTOR('',#2725,1.);
#258=VECTOR('',#2726,1.);
#259=VECTOR('',#2735,1.);
#260=VECTOR('',#2736,1.);
#261=VECTOR('',#2761,1.);
#262=VECTOR('',#2762,1.);
#263=VECTOR('',#2763,1.);
#264=VECTOR('',#2766,1.);
#265=VECTOR('',#2767,1.);
#266=VECTOR('',#2770,1.);
#267=VECTOR('',#2771,1.);
#268=VECTOR('',#2774,1.);
#269=VECTOR('',#2775,1.);
#270=VECTOR('',#2778,1.);
#271=VECTOR('',#2779,1.);
#272=VECTOR('',#2782,1.);
#273=CIRCLE('',#2205,0.01);
#274=CIRCLE('',#2206,0.01);
#275=CIRCLE('',#2207,0.01);
#276=CIRCLE('',#2208,0.01);
#277=CIRCLE('',#2209,0.01);
#278=CIRCLE('',#2210,0.01);
#279=CIRCLE('',#2211,0.01);
#280=CIRCLE('',#2212,0.01);
#281=CIRCLE('',#2213,0.01);
#282=CIRCLE('',#2214,0.01);
#283=CIRCLE('',#2215,0.01);
#284=CIRCLE('',#2216,0.01);
#285=CIRCLE('',#2217,0.01);
#286=CIRCLE('',#2218,0.01);
#287=CIRCLE('',#2219,0.01);
#288=CIRCLE('',#2220,0.01);
#289=CIRCLE('',#2221,0.01);
#290=CIRCLE('',#2223,0.004);
#291=CIRCLE('',#2224,0.004);
#292=CIRCLE('',#2226,0.004);
#293=CIRCLE('',#2227,0.004);
#294=CIRCLE('',#2229,0.004);
#295=CIRCLE('',#2230,0.004);
#296=CIRCLE('',#2232,0.004);
#297=CIRCLE('',#2233,0.004);
#298=CIRCLE('',#2235,0.004);
#299=CIRCLE('',#2236,0.004);
#300=CIRCLE('',#2238,0.004);
#301=CIRCLE('',#2239,0.004);
#302=CIRCLE('',#2241,0.004);
#303=CIRCLE('',#2242,0.004);
#304=CIRCLE('',#2244,0.004);
#305=CIRCLE('',#2245,0.004);
#306=CIRCLE('',#2261,0.008);
#307=CIRCLE('',#2262,0.008);
#308=CIRCLE('',#2265,0.008);
#309=CIRCLE('',#2266,0.008);
#310=CIRCLE('',#2269,0.008);
#311=CIRCLE('',#2270,0.008);
#312=CIRCLE('',#2273,0.002);
#313=CIRCLE('',#2274,0.002);
#314=CIRCLE('',#2276,0.002);
#315=CIRCLE('',#2277,0.002);
#316=CIRCLE('',#2279,0.002);
#317=CIRCLE('',#2280,0.002);
#318=CIRCLE('',#2282,0.002);
#319=CIRCLE('',#2283,0.002);
#320=CIRCLE('',#2285,0.008);
#321=CIRCLE('',#2286,0.008);
#322=CIRCLE('',#2289,0.001);
#323=CIRCLE('',#2291,0.001);
#324=CIRCLE('',#2292,0.001);
#325=CIRCLE('',#2295,0.001);
#326=CIRCLE('',#2296,0.001);
#327=CIRCLE('',#2299,0.001);
#328=CIRCLE('',#2300,0.001);
#329=CIRCLE('',#2303,0.001);
#330=CIRCLE('',#2304,0.001);
#331=CIRCLE('',#2307,0.001);
#332=CIRCLE('',#2308,0.001);
#333=CIRCLE('',#2311,0.001);
#334=CIRCLE('',#2312,0.001);
#335=CIRCLE('',#2315,0.001);
#336=CIRCLE('',#2316,0.001);
#337=CIRCLE('',#2319,0.001);
#338=CIRCLE('',#2320,0.001);
#339=CIRCLE('',#2331,0.001);
#340=CIRCLE('',#2369,0.005);
#341=CIRCLE('',#2371,0.005);
#342=ORIENTED_EDGE('',*,*,#868,.T.);
#343=ORIENTED_EDGE('',*,*,#869,.T.);
#344=ORIENTED_EDGE('',*,*,#870,.T.);
#345=ORIENTED_EDGE('',*,*,#871,.T.);
#346=ORIENTED_EDGE('',*,*,#872,.T.);
#347=ORIENTED_EDGE('',*,*,#873,.T.);
#348=ORIENTED_EDGE('',*,*,#874,.T.);
#349=ORIENTED_EDGE('',*,*,#875,.T.);
#350=ORIENTED_EDGE('',*,*,#876,.T.);
#351=ORIENTED_EDGE('',*,*,#877,.T.);
#352=ORIENTED_EDGE('',*,*,#878,.T.);
#353=ORIENTED_EDGE('',*,*,#879,.T.);
#354=ORIENTED_EDGE('',*,*,#880,.T.);
#355=ORIENTED_EDGE('',*,*,#881,.T.);
#356=ORIENTED_EDGE('',*,*,#882,.T.);
#357=ORIENTED_EDGE('',*,*,#883,.T.);
#358=ORIENTED_EDGE('',*,*,#884,.T.);
#359=ORIENTED_EDGE('',*,*,#885,.T.);
#360=ORIENTED_EDGE('',*,*,#886,.T.);
#361=ORIENTED_EDGE('',*,*,#887,.T.);
#362=ORIENTED_EDGE('',*,*,#888,.T.);
#363=ORIENTED_EDGE('',*,*,#889,.T.);
#364=ORIENTED_EDGE('',*,*,#890,.T.);
#365=ORIENTED_EDGE('',*,*,#891,.T.);
#366=ORIENTED_EDGE('',*,*,#892,.T.);
#367=ORIENTED_EDGE('',*,*,#893,.T.);
#368=ORIENTED_EDGE('',*,*,#894,.T.);
#369=ORIENTED_EDGE('',*,*,#895,.T.);
#370=ORIENTED_EDGE('',*,*,#896,.T.);
#371=ORIENTED_EDGE('',*,*,#897,.T.);
#372=ORIENTED_EDGE('',*,*,#898,.T.);
#373=ORIENTED_EDGE('',*,*,#899,.T.);
#374=ORIENTED_EDGE('',*,*,#900,.T.);
#375=ORIENTED_EDGE('',*,*,#901,.T.);
#376=ORIENTED_EDGE('',*,*,#902,.T.);
#377=ORIENTED_EDGE('',*,*,#903,.T.);
#378=ORIENTED_EDGE('',*,*,#904,.T.);
#379=ORIENTED_EDGE('',*,*,#905,.T.);
#380=ORIENTED_EDGE('',*,*,#906,.T.);
#381=ORIENTED_EDGE('',*,*,#907,.T.);
#382=ORIENTED_EDGE('',*,*,#908,.T.);
#383=ORIENTED_EDGE('',*,*,#909,.T.);
#384=ORIENTED_EDGE('',*,*,#910,.T.);
#385=ORIENTED_EDGE('',*,*,#911,.T.);
#386=ORIENTED_EDGE('',*,*,#912,.T.);
#387=ORIENTED_EDGE('',*,*,#913,.T.);
#388=ORIENTED_EDGE('',*,*,#914,.T.);
#389=ORIENTED_EDGE('',*,*,#915,.T.);
#390=ORIENTED_EDGE('',*,*,#916,.F.);
#391=ORIENTED_EDGE('',*,*,#917,.F.);
#392=ORIENTED_EDGE('',*,*,#918,.T.);
#393=ORIENTED_EDGE('',*,*,#919,.T.);
#394=ORIENTED_EDGE('',*,*,#920,.T.);
#395=ORIENTED_EDGE('',*,*,#921,.F.);
#396=ORIENTED_EDGE('',*,*,#922,.T.);
#397=ORIENTED_EDGE('',*,*,#923,.T.);
#398=ORIENTED_EDGE('',*,*,#924,.T.);
#399=ORIENTED_EDGE('',*,*,#925,.F.);
#400=ORIENTED_EDGE('',*,*,#926,.T.);
#401=ORIENTED_EDGE('',*,*,#927,.T.);
#402=ORIENTED_EDGE('',*,*,#928,.T.);
#403=ORIENTED_EDGE('',*,*,#929,.F.);
#404=ORIENTED_EDGE('',*,*,#930,.T.);
#405=ORIENTED_EDGE('',*,*,#931,.T.);
#406=ORIENTED_EDGE('',*,*,#932,.T.);
#407=ORIENTED_EDGE('',*,*,#933,.F.);
#408=ORIENTED_EDGE('',*,*,#934,.T.);
#409=ORIENTED_EDGE('',*,*,#935,.T.);
#410=ORIENTED_EDGE('',*,*,#936,.T.);
#411=ORIENTED_EDGE('',*,*,#937,.F.);
#412=ORIENTED_EDGE('',*,*,#938,.T.);
#413=ORIENTED_EDGE('',*,*,#939,.T.);
#414=ORIENTED_EDGE('',*,*,#940,.T.);
#415=ORIENTED_EDGE('',*,*,#941,.F.);
#416=ORIENTED_EDGE('',*,*,#942,.T.);
#417=ORIENTED_EDGE('',*,*,#943,.T.);
#418=ORIENTED_EDGE('',*,*,#944,.T.);
#419=ORIENTED_EDGE('',*,*,#945,.F.);
#420=ORIENTED_EDGE('',*,*,#946,.T.);
#421=ORIENTED_EDGE('',*,*,#947,.T.);
#422=ORIENTED_EDGE('',*,*,#948,.T.);
#423=ORIENTED_EDGE('',*,*,#949,.F.);
#424=ORIENTED_EDGE('',*,*,#950,.F.);
#425=ORIENTED_EDGE('',*,*,#951,.T.);
#426=ORIENTED_EDGE('',*,*,#952,.T.);
#427=ORIENTED_EDGE('',*,*,#953,.F.);
#428=ORIENTED_EDGE('',*,*,#954,.F.);
#429=ORIENTED_EDGE('',*,*,#955,.T.);
#430=ORIENTED_EDGE('',*,*,#956,.T.);
#431=ORIENTED_EDGE('',*,*,#957,.F.);
#432=ORIENTED_EDGE('',*,*,#958,.F.);
#433=ORIENTED_EDGE('',*,*,#959,.T.);
#434=ORIENTED_EDGE('',*,*,#960,.T.);
#435=ORIENTED_EDGE('',*,*,#961,.F.);
#436=ORIENTED_EDGE('',*,*,#962,.F.);
#437=ORIENTED_EDGE('',*,*,#963,.T.);
#438=ORIENTED_EDGE('',*,*,#964,.T.);
#439=ORIENTED_EDGE('',*,*,#965,.F.);
#440=ORIENTED_EDGE('',*,*,#966,.F.);
#441=ORIENTED_EDGE('',*,*,#967,.T.);
#442=ORIENTED_EDGE('',*,*,#968,.T.);
#443=ORIENTED_EDGE('',*,*,#969,.F.);
#444=ORIENTED_EDGE('',*,*,#970,.F.);
#445=ORIENTED_EDGE('',*,*,#971,.T.);
#446=ORIENTED_EDGE('',*,*,#972,.T.);
#447=ORIENTED_EDGE('',*,*,#973,.F.);
#448=ORIENTED_EDGE('',*,*,#974,.F.);
#449=ORIENTED_EDGE('',*,*,#975,.T.);
#450=ORIENTED_EDGE('',*,*,#976,.T.);
#451=ORIENTED_EDGE('',*,*,#977,.F.);
#452=ORIENTED_EDGE('',*,*,#978,.F.);
#453=ORIENTED_EDGE('',*,*,#979,.T.);
#454=ORIENTED_EDGE('',*,*,#980,.T.);
#455=ORIENTED_EDGE('',*,*,#915,.F.);
#456=ORIENTED_EDGE('',*,*,#981,.T.);
#457=ORIENTED_EDGE('',*,*,#982,.T.);
#458=ORIENTED_EDGE('',*,*,#897,.F.);
#459=ORIENTED_EDGE('',*,*,#983,.T.);
#460=ORIENTED_EDGE('',*,*,#984,.T.);
#461=ORIENTED_EDGE('',*,*,#895,.F.);
#462=ORIENTED_EDGE('',*,*,#985,.T.);
#463=ORIENTED_EDGE('',*,*,#986,.T.);
#464=ORIENTED_EDGE('',*,*,#893,.F.);
#465=ORIENTED_EDGE('',*,*,#987,.T.);
#466=ORIENTED_EDGE('',*,*,#988,.T.);
#467=ORIENTED_EDGE('',*,*,#916,.T.);
#468=ORIENTED_EDGE('',*,*,#989,.T.);
#469=ORIENTED_EDGE('',*,*,#990,.T.);
#470=ORIENTED_EDGE('',*,*,#991,.F.);
#471=ORIENTED_EDGE('',*,*,#992,.F.);
#472=ORIENTED_EDGE('',*,*,#993,.T.);
#473=ORIENTED_EDGE('',*,*,#994,.T.);
#474=ORIENTED_EDGE('',*,*,#995,.T.);
#475=ORIENTED_EDGE('',*,*,#996,.F.);
#476=ORIENTED_EDGE('',*,*,#997,.F.);
#477=ORIENTED_EDGE('',*,*,#998,.T.);
#478=ORIENTED_EDGE('',*,*,#999,.T.);
#479=ORIENTED_EDGE('',*,*,#1000,.F.);
#480=ORIENTED_EDGE('',*,*,#1001,.F.);
#481=ORIENTED_EDGE('',*,*,#996,.T.);
#482=ORIENTED_EDGE('',*,*,#1002,.F.);
#483=ORIENTED_EDGE('',*,*,#1003,.F.);
#484=ORIENTED_EDGE('',*,*,#1004,.T.);
#485=ORIENTED_EDGE('',*,*,#1000,.T.);
#486=ORIENTED_EDGE('',*,*,#1005,.T.);
#487=ORIENTED_EDGE('',*,*,#1006,.F.);
#488=ORIENTED_EDGE('',*,*,#1007,.F.);
#489=ORIENTED_EDGE('',*,*,#1003,.T.);
#490=ORIENTED_EDGE('',*,*,#1008,.F.);
#491=ORIENTED_EDGE('',*,*,#1009,.F.);
#492=ORIENTED_EDGE('',*,*,#1010,.T.);
#493=ORIENTED_EDGE('',*,*,#1006,.T.);
#494=ORIENTED_EDGE('',*,*,#1011,.T.);
#495=ORIENTED_EDGE('',*,*,#1012,.F.);
#496=ORIENTED_EDGE('',*,*,#1013,.F.);
#497=ORIENTED_EDGE('',*,*,#1009,.T.);
#498=ORIENTED_EDGE('',*,*,#1014,.T.);
#499=ORIENTED_EDGE('',*,*,#1015,.F.);
#500=ORIENTED_EDGE('',*,*,#1016,.F.);
#501=ORIENTED_EDGE('',*,*,#1012,.T.);
#502=ORIENTED_EDGE('',*,*,#1017,.T.);
#503=ORIENTED_EDGE('',*,*,#1018,.F.);
#504=ORIENTED_EDGE('',*,*,#1019,.T.);
#505=ORIENTED_EDGE('',*,*,#1020,.F.);
#506=ORIENTED_EDGE('',*,*,#1021,.T.);
#507=ORIENTED_EDGE('',*,*,#1022,.F.);
#508=ORIENTED_EDGE('',*,*,#1023,.T.);
#509=ORIENTED_EDGE('',*,*,#1024,.F.);
#510=ORIENTED_EDGE('',*,*,#1025,.T.);
#511=ORIENTED_EDGE('',*,*,#998,.F.);
#512=ORIENTED_EDGE('',*,*,#1026,.F.);
#513=ORIENTED_EDGE('',*,*,#1015,.T.);
#514=ORIENTED_EDGE('',*,*,#940,.F.);
#515=ORIENTED_EDGE('',*,*,#1027,.T.);
#516=ORIENTED_EDGE('',*,*,#960,.F.);
#517=ORIENTED_EDGE('',*,*,#1028,.F.);
#518=ORIENTED_EDGE('',*,*,#936,.F.);
#519=ORIENTED_EDGE('',*,*,#1029,.T.);
#520=ORIENTED_EDGE('',*,*,#964,.F.);
#521=ORIENTED_EDGE('',*,*,#1030,.F.);
#522=ORIENTED_EDGE('',*,*,#932,.F.);
#523=ORIENTED_EDGE('',*,*,#1031,.T.);
#524=ORIENTED_EDGE('',*,*,#968,.F.);
#525=ORIENTED_EDGE('',*,*,#1032,.F.);
#526=ORIENTED_EDGE('',*,*,#928,.F.);
#527=ORIENTED_EDGE('',*,*,#1033,.T.);
#528=ORIENTED_EDGE('',*,*,#972,.F.);
#529=ORIENTED_EDGE('',*,*,#1034,.F.);
#530=ORIENTED_EDGE('',*,*,#924,.F.);
#531=ORIENTED_EDGE('',*,*,#1035,.T.);
#532=ORIENTED_EDGE('',*,*,#976,.F.);
#533=ORIENTED_EDGE('',*,*,#1036,.F.);
#534=ORIENTED_EDGE('',*,*,#920,.F.);
#535=ORIENTED_EDGE('',*,*,#1037,.T.);
#536=ORIENTED_EDGE('',*,*,#980,.F.);
#537=ORIENTED_EDGE('',*,*,#1038,.F.);
#538=ORIENTED_EDGE('',*,*,#948,.F.);
#539=ORIENTED_EDGE('',*,*,#1039,.T.);
#540=ORIENTED_EDGE('',*,*,#952,.F.);
#541=ORIENTED_EDGE('',*,*,#1040,.F.);
#542=ORIENTED_EDGE('',*,*,#944,.F.);
#543=ORIENTED_EDGE('',*,*,#1041,.T.);
#544=ORIENTED_EDGE('',*,*,#956,.F.);
#545=ORIENTED_EDGE('',*,*,#1042,.F.);
#546=ORIENTED_EDGE('',*,*,#1023,.F.);
#547=ORIENTED_EDGE('',*,*,#1021,.F.);
#548=ORIENTED_EDGE('',*,*,#1019,.F.);
#549=ORIENTED_EDGE('',*,*,#1017,.F.);
#550=ORIENTED_EDGE('',*,*,#997,.T.);
#551=ORIENTED_EDGE('',*,*,#1001,.T.);
#552=ORIENTED_EDGE('',*,*,#1004,.F.);
#553=ORIENTED_EDGE('',*,*,#1007,.T.);
#554=ORIENTED_EDGE('',*,*,#1010,.F.);
#555=ORIENTED_EDGE('',*,*,#1013,.T.);
#556=ORIENTED_EDGE('',*,*,#1016,.T.);
#557=ORIENTED_EDGE('',*,*,#1026,.T.);
#558=ORIENTED_EDGE('',*,*,#1043,.T.);
#559=ORIENTED_EDGE('',*,*,#1024,.T.);
#560=ORIENTED_EDGE('',*,*,#1022,.T.);
#561=ORIENTED_EDGE('',*,*,#1020,.T.);
#562=ORIENTED_EDGE('',*,*,#1018,.T.);
#563=ORIENTED_EDGE('',*,*,#995,.F.);
#564=ORIENTED_EDGE('',*,*,#1025,.F.);
#565=ORIENTED_EDGE('',*,*,#1014,.F.);
#566=ORIENTED_EDGE('',*,*,#1011,.F.);
#567=ORIENTED_EDGE('',*,*,#1008,.T.);
#568=ORIENTED_EDGE('',*,*,#1005,.F.);
#569=ORIENTED_EDGE('',*,*,#1002,.T.);
#570=ORIENTED_EDGE('',*,*,#999,.F.);
#571=ORIENTED_EDGE('',*,*,#1044,.F.);
#572=ORIENTED_EDGE('',*,*,#1045,.T.);
#573=ORIENTED_EDGE('',*,*,#1045,.F.);
#574=ORIENTED_EDGE('',*,*,#950,.T.);
#575=ORIENTED_EDGE('',*,*,#1046,.F.);
#576=ORIENTED_EDGE('',*,*,#946,.F.);
#577=ORIENTED_EDGE('',*,*,#1047,.T.);
#578=ORIENTED_EDGE('',*,*,#1048,.F.);
#579=ORIENTED_EDGE('',*,*,#1049,.T.);
#580=ORIENTED_EDGE('',*,*,#1049,.F.);
#581=ORIENTED_EDGE('',*,*,#954,.T.);
#582=ORIENTED_EDGE('',*,*,#1050,.F.);
#583=ORIENTED_EDGE('',*,*,#942,.F.);
#584=ORIENTED_EDGE('',*,*,#1051,.T.);
#585=ORIENTED_EDGE('',*,*,#1052,.F.);
#586=ORIENTED_EDGE('',*,*,#1053,.T.);
#587=ORIENTED_EDGE('',*,*,#958,.T.);
#588=ORIENTED_EDGE('',*,*,#1054,.F.);
#589=ORIENTED_EDGE('',*,*,#938,.F.);
#590=ORIENTED_EDGE('',*,*,#1055,.T.);
#591=ORIENTED_EDGE('',*,*,#1053,.F.);
#592=ORIENTED_EDGE('',*,*,#1056,.F.);
#593=ORIENTED_EDGE('',*,*,#1057,.T.);
#594=ORIENTED_EDGE('',*,*,#962,.T.);
#595=ORIENTED_EDGE('',*,*,#1058,.F.);
#596=ORIENTED_EDGE('',*,*,#934,.F.);
#597=ORIENTED_EDGE('',*,*,#1059,.T.);
#598=ORIENTED_EDGE('',*,*,#1057,.F.);
#599=ORIENTED_EDGE('',*,*,#1060,.F.);
#600=ORIENTED_EDGE('',*,*,#1061,.T.);
#601=ORIENTED_EDGE('',*,*,#1061,.F.);
#602=ORIENTED_EDGE('',*,*,#966,.T.);
#603=ORIENTED_EDGE('',*,*,#1062,.F.);
#604=ORIENTED_EDGE('',*,*,#930,.F.);
#605=ORIENTED_EDGE('',*,*,#1063,.T.);
#606=ORIENTED_EDGE('',*,*,#1064,.F.);
#607=ORIENTED_EDGE('',*,*,#1065,.T.);
#608=ORIENTED_EDGE('',*,*,#970,.T.);
#609=ORIENTED_EDGE('',*,*,#1066,.F.);
#610=ORIENTED_EDGE('',*,*,#926,.F.);
#611=ORIENTED_EDGE('',*,*,#1067,.T.);
#612=ORIENTED_EDGE('',*,*,#1065,.F.);
#613=ORIENTED_EDGE('',*,*,#1068,.F.);
#614=ORIENTED_EDGE('',*,*,#1069,.T.);
#615=ORIENTED_EDGE('',*,*,#1069,.F.);
#616=ORIENTED_EDGE('',*,*,#974,.T.);
#617=ORIENTED_EDGE('',*,*,#1070,.F.);
#618=ORIENTED_EDGE('',*,*,#922,.F.);
#619=ORIENTED_EDGE('',*,*,#1071,.T.);
#620=ORIENTED_EDGE('',*,*,#1072,.F.);
#621=ORIENTED_EDGE('',*,*,#1073,.T.);
#622=ORIENTED_EDGE('',*,*,#978,.T.);
#623=ORIENTED_EDGE('',*,*,#1074,.F.);
#624=ORIENTED_EDGE('',*,*,#918,.F.);
#625=ORIENTED_EDGE('',*,*,#1075,.T.);
#626=ORIENTED_EDGE('',*,*,#1073,.F.);
#627=ORIENTED_EDGE('',*,*,#1072,.T.);
#628=ORIENTED_EDGE('',*,*,#1068,.T.);
#629=ORIENTED_EDGE('',*,*,#1064,.T.);
#630=ORIENTED_EDGE('',*,*,#1060,.T.);
#631=ORIENTED_EDGE('',*,*,#1056,.T.);
#632=ORIENTED_EDGE('',*,*,#1052,.T.);
#633=ORIENTED_EDGE('',*,*,#1048,.T.);
#634=ORIENTED_EDGE('',*,*,#1044,.T.);
#635=ORIENTED_EDGE('',*,*,#1076,.T.);
#636=ORIENTED_EDGE('',*,*,#1043,.F.);
#637=ORIENTED_EDGE('',*,*,#1076,.F.);
#638=ORIENTED_EDGE('',*,*,#990,.F.);
#639=ORIENTED_EDGE('',*,*,#1077,.F.);
#640=ORIENTED_EDGE('',*,*,#1078,.T.);
#641=ORIENTED_EDGE('',*,*,#1079,.T.);
#642=ORIENTED_EDGE('',*,*,#989,.F.);
#643=ORIENTED_EDGE('',*,*,#1080,.F.);
#644=ORIENTED_EDGE('',*,*,#1081,.T.);
#645=ORIENTED_EDGE('',*,*,#1077,.T.);
#646=ORIENTED_EDGE('',*,*,#994,.F.);
#647=ORIENTED_EDGE('',*,*,#1082,.F.);
#648=ORIENTED_EDGE('',*,*,#1083,.T.);
#649=ORIENTED_EDGE('',*,*,#1080,.T.);
#650=ORIENTED_EDGE('',*,*,#993,.F.);
#651=ORIENTED_EDGE('',*,*,#1084,.F.);
#652=ORIENTED_EDGE('',*,*,#1085,.T.);
#653=ORIENTED_EDGE('',*,*,#1082,.T.);
#654=ORIENTED_EDGE('',*,*,#992,.T.);
#655=ORIENTED_EDGE('',*,*,#1086,.F.);
#656=ORIENTED_EDGE('',*,*,#1087,.F.);
#657=ORIENTED_EDGE('',*,*,#1084,.T.);
#658=ORIENTED_EDGE('',*,*,#991,.T.);
#659=ORIENTED_EDGE('',*,*,#1079,.F.);
#660=ORIENTED_EDGE('',*,*,#1088,.F.);
#661=ORIENTED_EDGE('',*,*,#1086,.T.);
#662=ORIENTED_EDGE('',*,*,#1078,.F.);
#663=ORIENTED_EDGE('',*,*,#1081,.F.);
#664=ORIENTED_EDGE('',*,*,#1083,.F.);
#665=ORIENTED_EDGE('',*,*,#1085,.F.);
#666=ORIENTED_EDGE('',*,*,#1087,.T.);
#667=ORIENTED_EDGE('',*,*,#1088,.T.);
#668=ORIENTED_EDGE('',*,*,#1089,.T.);
#669=ORIENTED_EDGE('',*,*,#913,.F.);
#670=ORIENTED_EDGE('',*,*,#1090,.T.);
#671=ORIENTED_EDGE('',*,*,#912,.F.);
#672=ORIENTED_EDGE('',*,*,#1091,.T.);
#673=ORIENTED_EDGE('',*,*,#911,.F.);
#674=ORIENTED_EDGE('',*,*,#1092,.T.);
#675=ORIENTED_EDGE('',*,*,#910,.F.);
#676=ORIENTED_EDGE('',*,*,#1093,.T.);
#677=ORIENTED_EDGE('',*,*,#909,.F.);
#678=ORIENTED_EDGE('',*,*,#1094,.T.);
#679=ORIENTED_EDGE('',*,*,#908,.F.);
#680=ORIENTED_EDGE('',*,*,#1095,.T.);
#681=ORIENTED_EDGE('',*,*,#907,.F.);
#682=ORIENTED_EDGE('',*,*,#1096,.T.);
#683=ORIENTED_EDGE('',*,*,#906,.F.);
#684=ORIENTED_EDGE('',*,*,#1097,.T.);
#685=ORIENTED_EDGE('',*,*,#905,.F.);
#686=ORIENTED_EDGE('',*,*,#1098,.T.);
#687=ORIENTED_EDGE('',*,*,#904,.F.);
#688=ORIENTED_EDGE('',*,*,#1099,.T.);
#689=ORIENTED_EDGE('',*,*,#903,.F.);
#690=ORIENTED_EDGE('',*,*,#1100,.T.);
#691=ORIENTED_EDGE('',*,*,#902,.F.);
#692=ORIENTED_EDGE('',*,*,#1101,.T.);
#693=ORIENTED_EDGE('',*,*,#901,.F.);
#694=ORIENTED_EDGE('',*,*,#1102,.T.);
#695=ORIENTED_EDGE('',*,*,#900,.F.);
#696=ORIENTED_EDGE('',*,*,#1103,.T.);
#697=ORIENTED_EDGE('',*,*,#899,.F.);
#698=ORIENTED_EDGE('',*,*,#1104,.T.);
#699=ORIENTED_EDGE('',*,*,#898,.F.);
#700=ORIENTED_EDGE('',*,*,#1105,.T.);
#701=ORIENTED_EDGE('',*,*,#1106,.T.);
#702=ORIENTED_EDGE('',*,*,#914,.F.);
#703=ORIENTED_EDGE('',*,*,#1107,.T.);
#704=ORIENTED_EDGE('',*,*,#1108,.T.);
#705=ORIENTED_EDGE('',*,*,#896,.F.);
#706=ORIENTED_EDGE('',*,*,#1109,.T.);
#707=ORIENTED_EDGE('',*,*,#1110,.T.);
#708=ORIENTED_EDGE('',*,*,#894,.F.);
#709=ORIENTED_EDGE('',*,*,#1111,.T.);
#710=ORIENTED_EDGE('',*,*,#1112,.T.);
#711=ORIENTED_EDGE('',*,*,#892,.F.);
#712=ORIENTED_EDGE('',*,*,#1113,.T.);
#713=ORIENTED_EDGE('',*,*,#1114,.F.);
#714=ORIENTED_EDGE('',*,*,#1115,.F.);
#715=ORIENTED_EDGE('',*,*,#1116,.F.);
#716=ORIENTED_EDGE('',*,*,#1117,.F.);
#717=ORIENTED_EDGE('',*,*,#1118,.F.);
#718=ORIENTED_EDGE('',*,*,#1119,.F.);
#719=ORIENTED_EDGE('',*,*,#1120,.F.);
#720=ORIENTED_EDGE('',*,*,#1121,.F.);
#721=ORIENTED_EDGE('',*,*,#1122,.F.);
#722=ORIENTED_EDGE('',*,*,#1123,.F.);
#723=ORIENTED_EDGE('',*,*,#1124,.F.);
#724=ORIENTED_EDGE('',*,*,#1125,.F.);
#725=ORIENTED_EDGE('',*,*,#1126,.F.);
#726=ORIENTED_EDGE('',*,*,#1127,.F.);
#727=ORIENTED_EDGE('',*,*,#1128,.F.);
#728=ORIENTED_EDGE('',*,*,#1129,.F.);
#729=ORIENTED_EDGE('',*,*,#1104,.F.);
#730=ORIENTED_EDGE('',*,*,#1103,.F.);
#731=ORIENTED_EDGE('',*,*,#1102,.F.);
#732=ORIENTED_EDGE('',*,*,#1101,.F.);
#733=ORIENTED_EDGE('',*,*,#1100,.F.);
#734=ORIENTED_EDGE('',*,*,#1099,.F.);
#735=ORIENTED_EDGE('',*,*,#1098,.F.);
#736=ORIENTED_EDGE('',*,*,#1097,.F.);
#737=ORIENTED_EDGE('',*,*,#1096,.F.);
#738=ORIENTED_EDGE('',*,*,#1095,.F.);
#739=ORIENTED_EDGE('',*,*,#1094,.F.);
#740=ORIENTED_EDGE('',*,*,#1093,.F.);
#741=ORIENTED_EDGE('',*,*,#1092,.F.);
#742=ORIENTED_EDGE('',*,*,#1091,.F.);
#743=ORIENTED_EDGE('',*,*,#1090,.F.);
#744=ORIENTED_EDGE('',*,*,#1089,.F.);
#745=ORIENTED_EDGE('',*,*,#1113,.F.);
#746=ORIENTED_EDGE('',*,*,#1130,.T.);
#747=ORIENTED_EDGE('',*,*,#1130,.F.);
#748=ORIENTED_EDGE('',*,*,#1129,.T.);
#749=ORIENTED_EDGE('',*,*,#889,.F.);
#750=ORIENTED_EDGE('',*,*,#1128,.T.);
#751=ORIENTED_EDGE('',*,*,#888,.F.);
#752=ORIENTED_EDGE('',*,*,#1127,.T.);
#753=ORIENTED_EDGE('',*,*,#887,.F.);
#754=ORIENTED_EDGE('',*,*,#1126,.T.);
#755=ORIENTED_EDGE('',*,*,#886,.F.);
#756=ORIENTED_EDGE('',*,*,#1125,.T.);
#757=ORIENTED_EDGE('',*,*,#885,.F.);
#758=ORIENTED_EDGE('',*,*,#1124,.T.);
#759=ORIENTED_EDGE('',*,*,#884,.F.);
#760=ORIENTED_EDGE('',*,*,#1123,.T.);
#761=ORIENTED_EDGE('',*,*,#883,.F.);
#762=ORIENTED_EDGE('',*,*,#1122,.T.);
#763=ORIENTED_EDGE('',*,*,#882,.F.);
#764=ORIENTED_EDGE('',*,*,#1121,.T.);
#765=ORIENTED_EDGE('',*,*,#881,.F.);
#766=ORIENTED_EDGE('',*,*,#1120,.T.);
#767=ORIENTED_EDGE('',*,*,#880,.F.);
#768=ORIENTED_EDGE('',*,*,#1119,.T.);
#769=ORIENTED_EDGE('',*,*,#879,.F.);
#770=ORIENTED_EDGE('',*,*,#1118,.T.);
#771=ORIENTED_EDGE('',*,*,#878,.F.);
#772=ORIENTED_EDGE('',*,*,#1117,.T.);
#773=ORIENTED_EDGE('',*,*,#877,.F.);
#774=ORIENTED_EDGE('',*,*,#1116,.T.);
#775=ORIENTED_EDGE('',*,*,#876,.F.);
#776=ORIENTED_EDGE('',*,*,#1115,.T.);
#777=ORIENTED_EDGE('',*,*,#875,.F.);
#778=ORIENTED_EDGE('',*,*,#1114,.T.);
#779=ORIENTED_EDGE('',*,*,#874,.F.);
#780=ORIENTED_EDGE('',*,*,#987,.F.);
#781=ORIENTED_EDGE('',*,*,#1112,.F.);
#782=ORIENTED_EDGE('',*,*,#869,.F.);
#783=ORIENTED_EDGE('',*,*,#1111,.F.);
#784=ORIENTED_EDGE('',*,*,#988,.F.);
#785=ORIENTED_EDGE('',*,*,#868,.F.);
#786=ORIENTED_EDGE('',*,*,#985,.F.);
#787=ORIENTED_EDGE('',*,*,#1110,.F.);
#788=ORIENTED_EDGE('',*,*,#871,.F.);
#789=ORIENTED_EDGE('',*,*,#1109,.F.);
#790=ORIENTED_EDGE('',*,*,#986,.F.);
#791=ORIENTED_EDGE('',*,*,#870,.F.);
#792=ORIENTED_EDGE('',*,*,#983,.F.);
#793=ORIENTED_EDGE('',*,*,#1108,.F.);
#794=ORIENTED_EDGE('',*,*,#873,.F.);
#795=ORIENTED_EDGE('',*,*,#1107,.F.);
#796=ORIENTED_EDGE('',*,*,#984,.F.);
#797=ORIENTED_EDGE('',*,*,#872,.F.);
#798=ORIENTED_EDGE('',*,*,#981,.F.);
#799=ORIENTED_EDGE('',*,*,#1106,.F.);
#800=ORIENTED_EDGE('',*,*,#891,.F.);
#801=ORIENTED_EDGE('',*,*,#1105,.F.);
#802=ORIENTED_EDGE('',*,*,#982,.F.);
#803=ORIENTED_EDGE('',*,*,#890,.F.);
#804=ORIENTED_EDGE('',*,*,#973,.T.);
#805=ORIENTED_EDGE('',*,*,#1035,.F.);
#806=ORIENTED_EDGE('',*,*,#923,.F.);
#807=ORIENTED_EDGE('',*,*,#1070,.T.);
#808=ORIENTED_EDGE('',*,*,#1036,.T.);
#809=ORIENTED_EDGE('',*,*,#975,.F.);
#810=ORIENTED_EDGE('',*,*,#1071,.F.);
#811=ORIENTED_EDGE('',*,*,#921,.T.);
#812=ORIENTED_EDGE('',*,*,#1034,.T.);
#813=ORIENTED_EDGE('',*,*,#971,.F.);
#814=ORIENTED_EDGE('',*,*,#1067,.F.);
#815=ORIENTED_EDGE('',*,*,#925,.T.);
#816=ORIENTED_EDGE('',*,*,#969,.T.);
#817=ORIENTED_EDGE('',*,*,#1033,.F.);
#818=ORIENTED_EDGE('',*,*,#927,.F.);
#819=ORIENTED_EDGE('',*,*,#1066,.T.);
#820=ORIENTED_EDGE('',*,*,#1032,.T.);
#821=ORIENTED_EDGE('',*,*,#967,.F.);
#822=ORIENTED_EDGE('',*,*,#1063,.F.);
#823=ORIENTED_EDGE('',*,*,#929,.T.);
#824=ORIENTED_EDGE('',*,*,#965,.T.);
#825=ORIENTED_EDGE('',*,*,#1031,.F.);
#826=ORIENTED_EDGE('',*,*,#931,.F.);
#827=ORIENTED_EDGE('',*,*,#1062,.T.);
#828=ORIENTED_EDGE('',*,*,#961,.T.);
#829=ORIENTED_EDGE('',*,*,#1029,.F.);
#830=ORIENTED_EDGE('',*,*,#935,.F.);
#831=ORIENTED_EDGE('',*,*,#1058,.T.);
#832=ORIENTED_EDGE('',*,*,#1030,.T.);
#833=ORIENTED_EDGE('',*,*,#963,.F.);
#834=ORIENTED_EDGE('',*,*,#1059,.F.);
#835=ORIENTED_EDGE('',*,*,#933,.T.);
#836=ORIENTED_EDGE('',*,*,#1028,.T.);
#837=ORIENTED_EDGE('',*,*,#959,.F.);
#838=ORIENTED_EDGE('',*,*,#1055,.F.);
#839=ORIENTED_EDGE('',*,*,#937,.T.);
#840=ORIENTED_EDGE('',*,*,#957,.T.);
#841=ORIENTED_EDGE('',*,*,#1027,.F.);
#842=ORIENTED_EDGE('',*,*,#939,.F.);
#843=ORIENTED_EDGE('',*,*,#1054,.T.);
#844=ORIENTED_EDGE('',*,*,#1042,.T.);
#845=ORIENTED_EDGE('',*,*,#955,.F.);
#846=ORIENTED_EDGE('',*,*,#1051,.F.);
#847=ORIENTED_EDGE('',*,*,#941,.T.);
#848=ORIENTED_EDGE('',*,*,#953,.T.);
#849=ORIENTED_EDGE('',*,*,#1041,.F.);
#850=ORIENTED_EDGE('',*,*,#943,.F.);
#851=ORIENTED_EDGE('',*,*,#1050,.T.);
#852=ORIENTED_EDGE('',*,*,#949,.T.);
#853=ORIENTED_EDGE('',*,*,#1039,.F.);
#854=ORIENTED_EDGE('',*,*,#947,.F.);
#855=ORIENTED_EDGE('',*,*,#1046,.T.);
#856=ORIENTED_EDGE('',*,*,#1040,.T.);
#857=ORIENTED_EDGE('',*,*,#951,.F.);
#858=ORIENTED_EDGE('',*,*,#1047,.F.);
#859=ORIENTED_EDGE('',*,*,#945,.T.);
#860=ORIENTED_EDGE('',*,*,#977,.T.);
#861=ORIENTED_EDGE('',*,*,#1037,.F.);
#862=ORIENTED_EDGE('',*,*,#919,.F.);
#863=ORIENTED_EDGE('',*,*,#1074,.T.);
#864=ORIENTED_EDGE('',*,*,#1038,.T.);
#865=ORIENTED_EDGE('',*,*,#979,.F.);
#866=ORIENTED_EDGE('',*,*,#1075,.F.);
#867=ORIENTED_EDGE('',*,*,#917,.T.);
#868=EDGE_CURVE('',#1131,#1131,#1340,.T.);
#869=EDGE_CURVE('',#1132,#1132,#1341,.T.);
#870=EDGE_CURVE('',#1133,#1133,#1342,.T.);
#871=EDGE_CURVE('',#1134,#1134,#1343,.T.);
#872=EDGE_CURVE('',#1135,#1135,#1344,.T.);
#873=EDGE_CURVE('',#1136,#1136,#1345,.T.);
#874=EDGE_CURVE('',#1137,#1137,#1346,.T.);
#875=EDGE_CURVE('',#1138,#1138,#1347,.T.);
#876=EDGE_CURVE('',#1139,#1139,#1348,.T.);
#877=EDGE_CURVE('',#1140,#1140,#1349,.T.);
#878=EDGE_CURVE('',#1141,#1141,#1350,.T.);
#879=EDGE_CURVE('',#1142,#1142,#1351,.T.);
#880=EDGE_CURVE('',#1143,#1143,#1352,.T.);
#881=EDGE_CURVE('',#1144,#1144,#1353,.T.);
#882=EDGE_CURVE('',#1145,#1145,#1354,.T.);
#883=EDGE_CURVE('',#1146,#1146,#1355,.T.);
#884=EDGE_CURVE('',#1147,#1147,#1356,.T.);
#885=EDGE_CURVE('',#1148,#1148,#1357,.T.);
#886=EDGE_CURVE('',#1149,#1149,#1358,.T.);
#887=EDGE_CURVE('',#1150,#1150,#1359,.T.);
#888=EDGE_CURVE('',#1151,#1151,#1360,.T.);
#889=EDGE_CURVE('',#1152,#1152,#1361,.T.);
#890=EDGE_CURVE('',#1153,#1153,#1362,.T.);
#891=EDGE_CURVE('',#1154,#1154,#1363,.T.);
#892=EDGE_CURVE('',#1155,#1155,#1364,.T.);
#893=EDGE_CURVE('',#1156,#1156,#1365,.T.);
#894=EDGE_CURVE('',#1157,#1157,#1366,.T.);
#895=EDGE_CURVE('',#1158,#1158,#1367,.T.);
#896=EDGE_CURVE('',#1159,#1159,#1368,.T.);
#897=EDGE_CURVE('',#1160,#1160,#1369,.T.);
#898=EDGE_CURVE('',#1161,#1161,#1370,.T.);
#899=EDGE_CURVE('',#1162,#1162,#1371,.T.);
#900=EDGE_CURVE('',#1163,#1163,#1372,.T.);
#901=EDGE_CURVE('',#1164,#1164,#1373,.T.);
#902=EDGE_CURVE('',#1165,#1165,#1374,.T.);
#903=EDGE_CURVE('',#1166,#1166,#1375,.T.);
#904=EDGE_CURVE('',#1167,#1167,#1376,.T.);
#905=EDGE_CURVE('',#1168,#1168,#1377,.T.);
#906=EDGE_CURVE('',#1169,#1169,#1378,.T.);
#907=EDGE_CURVE('',#1170,#1170,#1379,.T.);
#908=EDGE_CURVE('',#1171,#1171,#1380,.T.);
#909=EDGE_CURVE('',#1172,#1172,#1381,.T.);
#910=EDGE_CURVE('',#1173,#1173,#1382,.T.);
#911=EDGE_CURVE('',#1174,#1174,#1383,.T.);
#912=EDGE_CURVE('',#1175,#1175,#1384,.T.);
#913=EDGE_CURVE('',#1176,#1176,#1385,.T.);
#914=EDGE_CURVE('',#1177,#1177,#1386,.T.);
#915=EDGE_CURVE('',#1178,#1178,#1387,.T.);
#916=EDGE_CURVE('',#1179,#1179,#273,.T.);
#917=EDGE_CURVE('',#1180,#1181,#77,.T.);
#918=EDGE_CURVE('',#1180,#1182,#274,.T.);
#919=EDGE_CURVE('',#1182,#1183,#78,.T.);
#920=EDGE_CURVE('',#1183,#1184,#275,.T.);
#921=EDGE_CURVE('',#1185,#1184,#79,.T.);
#922=EDGE_CURVE('',#1185,#1186,#276,.T.);
#923=EDGE_CURVE('',#1186,#1187,#80,.T.);
#924=EDGE_CURVE('',#1187,#1188,#277,.T.);
#925=EDGE_CURVE('',#1189,#1188,#81,.T.);
#926=EDGE_CURVE('',#1189,#1190,#278,.T.);
#927=EDGE_CURVE('',#1190,#1191,#82,.T.);
#928=EDGE_CURVE('',#1191,#1192,#279,.T.);
#929=EDGE_CURVE('',#1193,#1192,#83,.T.);
#930=EDGE_CURVE('',#1193,#1194,#280,.T.);
#931=EDGE_CURVE('',#1194,#1195,#84,.T.);
#932=EDGE_CURVE('',#1195,#1196,#281,.T.);
#933=EDGE_CURVE('',#1197,#1196,#85,.T.);
#934=EDGE_CURVE('',#1197,#1198,#282,.T.);
#935=EDGE_CURVE('',#1198,#1199,#86,.T.);
#936=EDGE_CURVE('',#1199,#1200,#283,.T.);
#937=EDGE_CURVE('',#1201,#1200,#87,.T.);
#938=EDGE_CURVE('',#1201,#1202,#284,.T.);
#939=EDGE_CURVE('',#1202,#1203,#88,.T.);
#940=EDGE_CURVE('',#1203,#1204,#285,.T.);
#941=EDGE_CURVE('',#1205,#1204,#89,.T.);
#942=EDGE_CURVE('',#1205,#1206,#286,.T.);
#943=EDGE_CURVE('',#1206,#1207,#90,.T.);
#944=EDGE_CURVE('',#1207,#1208,#287,.T.);
#945=EDGE_CURVE('',#1209,#1208,#91,.T.);
#946=EDGE_CURVE('',#1209,#1210,#288,.T.);
#947=EDGE_CURVE('',#1210,#1211,#92,.T.);
#948=EDGE_CURVE('',#1211,#1181,#289,.T.);
#949=EDGE_CURVE('',#1212,#1213,#93,.T.);
#950=EDGE_CURVE('',#1214,#1212,#290,.T.);
#951=EDGE_CURVE('',#1214,#1215,#94,.T.);
#952=EDGE_CURVE('',#1215,#1213,#291,.T.);
#953=EDGE_CURVE('',#1216,#1217,#95,.T.);
#954=EDGE_CURVE('',#1218,#1216,#292,.T.);
#955=EDGE_CURVE('',#1218,#1219,#96,.T.);
#956=EDGE_CURVE('',#1219,#1217,#293,.T.);
#957=EDGE_CURVE('',#1220,#1221,#97,.T.);
#958=EDGE_CURVE('',#1222,#1220,#294,.T.);
#959=EDGE_CURVE('',#1222,#1223,#98,.T.);
#960=EDGE_CURVE('',#1223,#1221,#295,.T.);
#961=EDGE_CURVE('',#1224,#1225,#99,.T.);
#962=EDGE_CURVE('',#1226,#1224,#296,.T.);
#963=EDGE_CURVE('',#1226,#1227,#100,.T.);
#964=EDGE_CURVE('',#1227,#1225,#297,.T.);
#965=EDGE_CURVE('',#1228,#1229,#101,.T.);
#966=EDGE_CURVE('',#1230,#1228,#298,.T.);
#967=EDGE_CURVE('',#1230,#1231,#102,.T.);
#968=EDGE_CURVE('',#1231,#1229,#299,.T.);
#969=EDGE_CURVE('',#1232,#1233,#103,.T.);
#970=EDGE_CURVE('',#1234,#1232,#300,.T.);
#971=EDGE_CURVE('',#1234,#1235,#104,.T.);
#972=EDGE_CURVE('',#1235,#1233,#301,.T.);
#973=EDGE_CURVE('',#1236,#1237,#105,.T.);
#974=EDGE_CURVE('',#1238,#1236,#302,.T.);
#975=EDGE_CURVE('',#1238,#1239,#106,.T.);
#976=EDGE_CURVE('',#1239,#1237,#303,.T.);
#977=EDGE_CURVE('',#1240,#1241,#107,.T.);
#978=EDGE_CURVE('',#1242,#1240,#304,.T.);
#979=EDGE_CURVE('',#1242,#1243,#108,.T.);
#980=EDGE_CURVE('',#1243,#1241,#305,.T.);
#981=EDGE_CURVE('',#1244,#1245,#61,.F.);
#982=EDGE_CURVE('',#1245,#1244,#62,.F.);
#983=EDGE_CURVE('',#1246,#1247,#63,.F.);
#984=EDGE_CURVE('',#1247,#1246,#64,.F.);
#985=EDGE_CURVE('',#1248,#1249,#65,.F.);
#986=EDGE_CURVE('',#1249,#1248,#66,.F.);
#987=EDGE_CURVE('',#1250,#1251,#67,.F.);
#988=EDGE_CURVE('',#1251,#1250,#68,.F.);
#989=EDGE_CURVE('',#1252,#1253,#109,.T.);
#990=EDGE_CURVE('',#1253,#1254,#110,.T.);
#991=EDGE_CURVE('',#1255,#1254,#111,.T.);
#992=EDGE_CURVE('',#1256,#1255,#112,.T.);
#993=EDGE_CURVE('',#1256,#1257,#113,.T.);
#994=EDGE_CURVE('',#1257,#1252,#114,.T.);
#995=EDGE_CURVE('',#1258,#1259,#115,.T.);
#996=EDGE_CURVE('',#1260,#1259,#116,.T.);
#997=EDGE_CURVE('',#1261,#1260,#117,.T.);
#998=EDGE_CURVE('',#1261,#1258,#118,.T.);
#999=EDGE_CURVE('',#1259,#1262,#306,.T.);
#1000=EDGE_CURVE('',#1263,#1262,#119,.T.);
#1001=EDGE_CURVE('',#1260,#1263,#307,.T.);
#1002=EDGE_CURVE('',#1264,#1262,#120,.T.);
#1003=EDGE_CURVE('',#1265,#1264,#121,.T.);
#1004=EDGE_CURVE('',#1265,#1263,#122,.T.);
#1005=EDGE_CURVE('',#1264,#1266,#308,.T.);
#1006=EDGE_CURVE('',#1267,#1266,#123,.T.);
#1007=EDGE_CURVE('',#1265,#1267,#309,.T.);
#1008=EDGE_CURVE('',#1268,#1266,#124,.T.);
#1009=EDGE_CURVE('',#1269,#1268,#125,.T.);
#1010=EDGE_CURVE('',#1269,#1267,#126,.T.);
#1011=EDGE_CURVE('',#1268,#1270,#310,.T.);
#1012=EDGE_CURVE('',#1271,#1270,#127,.T.);
#1013=EDGE_CURVE('',#1269,#1271,#311,.T.);
#1014=EDGE_CURVE('',#1270,#1272,#128,.T.);
#1015=EDGE_CURVE('',#1273,#1272,#129,.T.);
#1016=EDGE_CURVE('',#1271,#1273,#130,.T.);
#1017=EDGE_CURVE('',#1274,#1274,#312,.T.);
#1018=EDGE_CURVE('',#1275,#1275,#313,.T.);
#1019=EDGE_CURVE('',#1276,#1276,#314,.T.);
#1020=EDGE_CURVE('',#1277,#1277,#315,.T.);
#1021=EDGE_CURVE('',#1278,#1278,#316,.T.);
#1022=EDGE_CURVE('',#1279,#1279,#317,.T.);
#1023=EDGE_CURVE('',#1280,#1280,#318,.T.);
#1024=EDGE_CURVE('',#1281,#1281,#319,.T.);
#1025=EDGE_CURVE('',#1272,#1258,#320,.T.);
#1026=EDGE_CURVE('',#1273,#1261,#321,.T.);
#1027=EDGE_CURVE('',#1203,#1221,#131,.T.);
#1028=EDGE_CURVE('',#1200,#1223,#132,.T.);
#1029=EDGE_CURVE('',#1199,#1225,#133,.T.);
#1030=EDGE_CURVE('',#1196,#1227,#134,.T.);
#1031=EDGE_CURVE('',#1195,#1229,#135,.T.);
#1032=EDGE_CURVE('',#1192,#1231,#136,.T.);
#1033=EDGE_CURVE('',#1191,#1233,#137,.T.);
#1034=EDGE_CURVE('',#1188,#1235,#138,.T.);
#1035=EDGE_CURVE('',#1187,#1237,#139,.T.);
#1036=EDGE_CURVE('',#1184,#1239,#140,.T.);
#1037=EDGE_CURVE('',#1183,#1241,#141,.T.);
#1038=EDGE_CURVE('',#1181,#1243,#142,.T.);
#1039=EDGE_CURVE('',#1211,#1213,#143,.T.);
#1040=EDGE_CURVE('',#1208,#1215,#144,.T.);
#1041=EDGE_CURVE('',#1207,#1217,#145,.T.);
#1042=EDGE_CURVE('',#1204,#1219,#146,.T.);
#1043=EDGE_CURVE('',#1282,#1282,#322,.T.);
#1044=EDGE_CURVE('',#1283,#1283,#323,.T.);
#1045=EDGE_CURVE('',#1284,#1284,#324,.T.);
#1046=EDGE_CURVE('',#1210,#1212,#147,.T.);
#1047=EDGE_CURVE('',#1209,#1214,#148,.T.);
#1048=EDGE_CURVE('',#1285,#1285,#325,.T.);
#1049=EDGE_CURVE('',#1286,#1286,#326,.T.);
#1050=EDGE_CURVE('',#1206,#1216,#149,.T.);
#1051=EDGE_CURVE('',#1205,#1218,#150,.T.);
#1052=EDGE_CURVE('',#1287,#1287,#327,.T.);
#1053=EDGE_CURVE('',#1288,#1288,#328,.T.);
#1054=EDGE_CURVE('',#1202,#1220,#151,.T.);
#1055=EDGE_CURVE('',#1201,#1222,#152,.T.);
#1056=EDGE_CURVE('',#1289,#1289,#329,.T.);
#1057=EDGE_CURVE('',#1290,#1290,#330,.T.);
#1058=EDGE_CURVE('',#1198,#1224,#153,.T.);
#1059=EDGE_CURVE('',#1197,#1226,#154,.T.);
#1060=EDGE_CURVE('',#1291,#1291,#331,.T.);
#1061=EDGE_CURVE('',#1292,#1292,#332,.T.);
#1062=EDGE_CURVE('',#1194,#1228,#155,.T.);
#1063=EDGE_CURVE('',#1193,#1230,#156,.T.);
#1064=EDGE_CURVE('',#1293,#1293,#333,.T.);
#1065=EDGE_CURVE('',#1294,#1294,#334,.T.);
#1066=EDGE_CURVE('',#1190,#1232,#157,.T.);
#1067=EDGE_CURVE('',#1189,#1234,#158,.T.);
#1068=EDGE_CURVE('',#1295,#1295,#335,.T.);
#1069=EDGE_CURVE('',#1296,#1296,#336,.T.);
#1070=EDGE_CURVE('',#1186,#1236,#159,.T.);
#1071=EDGE_CURVE('',#1185,#1238,#160,.T.);
#1072=EDGE_CURVE('',#1297,#1297,#337,.T.);
#1073=EDGE_CURVE('',#1298,#1298,#338,.T.);
#1074=EDGE_CURVE('',#1182,#1240,#161,.T.);
#1075=EDGE_CURVE('',#1180,#1242,#162,.T.);
#1076=EDGE_CURVE('',#1299,#1299,#339,.T.);
#1077=EDGE_CURVE('',#1300,#1253,#163,.T.);
#1078=EDGE_CURVE('',#1300,#1301,#164,.T.);
#1079=EDGE_CURVE('',#1301,#1254,#165,.T.);
#1080=EDGE_CURVE('',#1302,#1252,#166,.T.);
#1081=EDGE_CURVE('',#1302,#1300,#167,.T.);
#1082=EDGE_CURVE('',#1303,#1257,#168,.T.);
#1083=EDGE_CURVE('',#1303,#1302,#169,.T.);
#1084=EDGE_CURVE('',#1304,#1256,#170,.T.);
#1085=EDGE_CURVE('',#1304,#1303,#171,.T.);
#1086=EDGE_CURVE('',#1305,#1255,#172,.T.);
#1087=EDGE_CURVE('',#1304,#1305,#173,.T.);
#1088=EDGE_CURVE('',#1305,#1301,#174,.T.);
#1089=EDGE_CURVE('',#1306,#1306,#1388,.T.);
#1090=EDGE_CURVE('',#1307,#1307,#1389,.T.);
#1091=EDGE_CURVE('',#1308,#1308,#1390,.T.);
#1092=EDGE_CURVE('',#1309,#1309,#1391,.T.);
#1093=EDGE_CURVE('',#1310,#1310,#1392,.T.);
#1094=EDGE_CURVE('',#1311,#1311,#1393,.T.);
#1095=EDGE_CURVE('',#1312,#1312,#1394,.T.);
#1096=EDGE_CURVE('',#1313,#1313,#1395,.T.);
#1097=EDGE_CURVE('',#1314,#1314,#1396,.T.);
#1098=EDGE_CURVE('',#1315,#1315,#1397,.T.);
#1099=EDGE_CURVE('',#1316,#1316,#1398,.T.);
#1100=EDGE_CURVE('',#1317,#1317,#1399,.T.);
#1101=EDGE_CURVE('',#1318,#1318,#1400,.T.);
#1102=EDGE_CURVE('',#1319,#1319,#1401,.T.);
#1103=EDGE_CURVE('',#1320,#1320,#1402,.T.);
#1104=EDGE_CURVE('',#1321,#1321,#1403,.T.);
#1105=EDGE_CURVE('',#1244,#1245,#69,.T.);
#1106=EDGE_CURVE('',#1245,#1244,#70,.T.);
#1107=EDGE_CURVE('',#1246,#1247,#71,.T.);
#1108=EDGE_CURVE('',#1247,#1246,#72,.T.);
#1109=EDGE_CURVE('',#1248,#1249,#73,.T.);
#1110=EDGE_CURVE('',#1249,#1248,#74,.T.);
#1111=EDGE_CURVE('',#1250,#1251,#75,.T.);
#1112=EDGE_CURVE('',#1251,#1250,#76,.T.);
#1113=EDGE_CURVE('',#1322,#1322,#340,.T.);
#1114=EDGE_CURVE('',#1323,#1323,#1404,.T.);
#1115=EDGE_CURVE('',#1324,#1324,#1405,.T.);
#1116=EDGE_CURVE('',#1325,#1325,#1406,.T.);
#1117=EDGE_CURVE('',#1326,#1326,#1407,.T.);
#1118=EDGE_CURVE('',#1327,#1327,#1408,.T.);
#1119=EDGE_CURVE('',#1328,#1328,#1409,.T.);
#1120=EDGE_CURVE('',#1329,#1329,#1410,.T.);
#1121=EDGE_CURVE('',#1330,#1330,#1411,.T.);
#1122=EDGE_CURVE('',#1331,#1331,#1412,.T.);
#1123=EDGE_CURVE('',#1332,#1332,#1413,.T.);
#1124=EDGE_CURVE('',#1333,#1333,#1414,.T.);
#1125=EDGE_CURVE('',#1334,#1334,#1415,.T.);
#1126=EDGE_CURVE('',#1335,#1335,#1416,.T.);
#1127=EDGE_CURVE('',#1336,#1336,#1417,.T.);
#1128=EDGE_CURVE('',#1337,#1337,#1418,.T.);
#1129=EDGE_CURVE('',#1338,#1338,#1419,.T.);
#1130=EDGE_CURVE('',#1339,#1339,#341,.T.);
#1131=VERTEX_POINT('',#2944);
#1132=VERTEX_POINT('',#2956);
#1133=VERTEX_POINT('',#2968);
#1134=VERTEX_POINT('',#2980);
#1135=VERTEX_POINT('',#2992);
#1136=VERTEX_POINT('',#3004);
#1137=VERTEX_POINT('',#3016);
#1138=VERTEX_POINT('',#3028);
#1139=VERTEX_POINT('',#3040);
#1140=VERTEX_POINT('',#3052);
#1141=VERTEX_POINT('',#3064);
#1142=VERTEX_POINT('',#3076);
#1143=VERTEX_POINT('',#3088);
#1144=VERTEX_POINT('',#3100);
#1145=VERTEX_POINT('',#3112);
#1146=VERTEX_POINT('',#3124);
#1147=VERTEX_POINT('',#3136);
#1148=VERTEX_POINT('',#3148);
#1149=VERTEX_POINT('',#3160);
#1150=VERTEX_POINT('',#3172);
#1151=VERTEX_POINT('',#3184);
#1152=VERTEX_POINT('',#3196);
#1153=VERTEX_POINT('',#3208);
#1154=VERTEX_POINT('',#3220);
#1155=VERTEX_POINT('',#3232);
#1156=VERTEX_POINT('',#3244);
#1157=VERTEX_POINT('',#3256);
#1158=VERTEX_POINT('',#3268);
#1159=VERTEX_POINT('',#3280);
#1160=VERTEX_POINT('',#3292);
#1161=VERTEX_POINT('',#3304);
#1162=VERTEX_POINT('',#3316);
#1163=VERTEX_POINT('',#3328);
#1164=VERTEX_POINT('',#3340);
#1165=VERTEX_POINT('',#3352);
#1166=VERTEX_POINT('',#3364);
#1167=VERTEX_POINT('',#3376);
#1168=VERTEX_POINT('',#3388);
#1169=VERTEX_POINT('',#3400);
#1170=VERTEX_POINT('',#3412);
#1171=VERTEX_POINT('',#3424);
#1172=VERTEX_POINT('',#3436);
#1173=VERTEX_POINT('',#3448);
#1174=VERTEX_POINT('',#3460);
#1175=VERTEX_POINT('',#3472);
#1176=VERTEX_POINT('',#3484);
#1177=VERTEX_POINT('',#3496);
#1178=VERTEX_POINT('',#3508);
#1179=VERTEX_POINT('',#3510);
#1180=VERTEX_POINT('',#3512);
#1181=VERTEX_POINT('',#3513);
#1182=VERTEX_POINT('',#3515);
#1183=VERTEX_POINT('',#3517);
#1184=VERTEX_POINT('',#3519);
#1185=VERTEX_POINT('',#3521);
#1186=VERTEX_POINT('',#3523);
#1187=VERTEX_POINT('',#3525);
#1188=VERTEX_POINT('',#3527);
#1189=VERTEX_POINT('',#3529);
#1190=VERTEX_POINT('',#3531);
#1191=VERTEX_POINT('',#3533);
#1192=VERTEX_POINT('',#3535);
#1193=VERTEX_POINT('',#3537);
#1194=VERTEX_POINT('',#3539);
#1195=VERTEX_POINT('',#3541);
#1196=VERTEX_POINT('',#3543);
#1197=VERTEX_POINT('',#3545);
#1198=VERTEX_POINT('',#3547);
#1199=VERTEX_POINT('',#3549);
#1200=VERTEX_POINT('',#3551);
#1201=VERTEX_POINT('',#3553);
#1202=VERTEX_POINT('',#3555);
#1203=VERTEX_POINT('',#3557);
#1204=VERTEX_POINT('',#3559);
#1205=VERTEX_POINT('',#3561);
#1206=VERTEX_POINT('',#3563);
#1207=VERTEX_POINT('',#3565);
#1208=VERTEX_POINT('',#3567);
#1209=VERTEX_POINT('',#3569);
#1210=VERTEX_POINT('',#3571);
#1211=VERTEX_POINT('',#3573);
#1212=VERTEX_POINT('',#3577);
#1213=VERTEX_POINT('',#3578);
#1214=VERTEX_POINT('',#3580);
#1215=VERTEX_POINT('',#3582);
#1216=VERTEX_POINT('',#3586);
#1217=VERTEX_POINT('',#3587);
#1218=VERTEX_POINT('',#3589);
#1219=VERTEX_POINT('',#3591);
#1220=VERTEX_POINT('',#3595);
#1221=VERTEX_POINT('',#3596);
#1222=VERTEX_POINT('',#3598);
#1223=VERTEX_POINT('',#3600);
#1224=VERTEX_POINT('',#3604);
#1225=VERTEX_POINT('',#3605);
#1226=VERTEX_POINT('',#3607);
#1227=VERTEX_POINT('',#3609);
#1228=VERTEX_POINT('',#3613);
#1229=VERTEX_POINT('',#3614);
#1230=VERTEX_POINT('',#3616);
#1231=VERTEX_POINT('',#3618);
#1232=VERTEX_POINT('',#3622);
#1233=VERTEX_POINT('',#3623);
#1234=VERTEX_POINT('',#3625);
#1235=VERTEX_POINT('',#3627);
#1236=VERTEX_POINT('',#3631);
#1237=VERTEX_POINT('',#3632);
#1238=VERTEX_POINT('',#3634);
#1239=VERTEX_POINT('',#3636);
#1240=VERTEX_POINT('',#3640);
#1241=VERTEX_POINT('',#3641);
#1242=VERTEX_POINT('',#3643);
#1243=VERTEX_POINT('',#3645);
#1244=VERTEX_POINT('',#3649);
#1245=VERTEX_POINT('',#3650);
#1246=VERTEX_POINT('',#3654);
#1247=VERTEX_POINT('',#3655);
#1248=VERTEX_POINT('',#3659);
#1249=VERTEX_POINT('',#3660);
#1250=VERTEX_POINT('',#3664);
#1251=VERTEX_POINT('',#3665);
#1252=VERTEX_POINT('',#3669);
#1253=VERTEX_POINT('',#3670);
#1254=VERTEX_POINT('',#3672);
#1255=VERTEX_POINT('',#3674);
#1256=VERTEX_POINT('',#3676);
#1257=VERTEX_POINT('',#3678);
#1258=VERTEX_POINT('',#3682);
#1259=VERTEX_POINT('',#3683);
#1260=VERTEX_POINT('',#3685);
#1261=VERTEX_POINT('',#3687);
#1262=VERTEX_POINT('',#3691);
#1263=VERTEX_POINT('',#3693);
#1264=VERTEX_POINT('',#3697);
#1265=VERTEX_POINT('',#3699);
#1266=VERTEX_POINT('',#3703);
#1267=VERTEX_POINT('',#3705);
#1268=VERTEX_POINT('',#3709);
#1269=VERTEX_POINT('',#3711);
#1270=VERTEX_POINT('',#3715);
#1271=VERTEX_POINT('',#3717);
#1272=VERTEX_POINT('',#3721);
#1273=VERTEX_POINT('',#3723);
#1274=VERTEX_POINT('',#3727);
#1275=VERTEX_POINT('',#3729);
#1276=VERTEX_POINT('',#3732);
#1277=VERTEX_POINT('',#3734);
#1278=VERTEX_POINT('',#3737);
#1279=VERTEX_POINT('',#3739);
#1280=VERTEX_POINT('',#3742);
#1281=VERTEX_POINT('',#3744);
#1282=VERTEX_POINT('',#3767);
#1283=VERTEX_POINT('',#3770);
#1284=VERTEX_POINT('',#3772);
#1285=VERTEX_POINT('',#3778);
#1286=VERTEX_POINT('',#3780);
#1287=VERTEX_POINT('',#3786);
#1288=VERTEX_POINT('',#3788);
#1289=VERTEX_POINT('',#3794);
#1290=VERTEX_POINT('',#3796);
#1291=VERTEX_POINT('',#3802);
#1292=VERTEX_POINT('',#3804);
#1293=VERTEX_POINT('',#3810);
#1294=VERTEX_POINT('',#3812);
#1295=VERTEX_POINT('',#3818);
#1296=VERTEX_POINT('',#3820);
#1297=VERTEX_POINT('',#3826);
#1298=VERTEX_POINT('',#3828);
#1299=VERTEX_POINT('',#3842);
#1300=VERTEX_POINT('',#3846);
#1301=VERTEX_POINT('',#3848);
#1302=VERTEX_POINT('',#3852);
#1303=VERTEX_POINT('',#3856);
#1304=VERTEX_POINT('',#3860);
#1305=VERTEX_POINT('',#3864);
#1306=VERTEX_POINT('',#3889);
#1307=VERTEX_POINT('',#3910);
#1308=VERTEX_POINT('',#3931);
#1309=VERTEX_POINT('',#3952);
#1310=VERTEX_POINT('',#3973);
#1311=VERTEX_POINT('',#3994);
#1312=VERTEX_POINT('',#4015);
#1313=VERTEX_POINT('',#4036);
#1314=VERTEX_POINT('',#4057);
#1315=VERTEX_POINT('',#4078);
#1316=VERTEX_POINT('',#4099);
#1317=VERTEX_POINT('',#4120);
#1318=VERTEX_POINT('',#4141);
#1319=VERTEX_POINT('',#4162);
#1320=VERTEX_POINT('',#4183);
#1321=VERTEX_POINT('',#4204);
#1322=VERTEX_POINT('',#4219);
#1323=VERTEX_POINT('',#4240);
#1324=VERTEX_POINT('',#4260);
#1325=VERTEX_POINT('',#4280);
#1326=VERTEX_POINT('',#4300);
#1327=VERTEX_POINT('',#4320);
#1328=VERTEX_POINT('',#4340);
#1329=VERTEX_POINT('',#4360);
#1330=VERTEX_POINT('',#4380);
#1331=VERTEX_POINT('',#4400);
#1332=VERTEX_POINT('',#4420);
#1333=VERTEX_POINT('',#4440);
#1334=VERTEX_POINT('',#4460);
#1335=VERTEX_POINT('',#4480);
#1336=VERTEX_POINT('',#4500);
#1337=VERTEX_POINT('',#4520);
#1338=VERTEX_POINT('',#4540);
#1339=VERTEX_POINT('',#4542);
#1340=B_SPLINE_CURVE_WITH_KNOTS('',3,(#2933,#2934,#2935,#2936,#2937,#2938,
#2939,#2940,#2941,#2942,#2943),.UNSPECIFIED.,.T.,.F.,(1,1,1,1,1,1,1,1,1,
1,1,1,1,1,1),(-0.0058847349649426,-0.00392315664329507,-0.00196157832164753,
6.95181615859256E-18,0.00196157832164754,0.00392315664329508,0.00588473496494262,
0.00784631328659015,0.00980789160823769,0.0117694699298852,0.0137310482515328,
0.0156926265731803,0.0176542048948278,0.0196157832164754,0.0215773615381229),
 .UNSPECIFIED.);
#1341=B_SPLINE_CURVE_WITH_KNOTS('',3,(#2945,#2946,#2947,#2948,#2949,#2950,
#2951,#2952,#2953,#2954,#2955),.UNSPECIFIED.,.T.,.F.,(1,1,1,1,1,1,1,1,1,
1,1,1,1,1,1),(-0.0058846802652276,-0.0039231201768184,-0.0019615600884092,
0.,0.0019615600884092,0.0039231201768184,0.0058846802652276,0.0078462403536368,
0.009807800442046,0.0117693605304552,0.0137309206188644,0.0156924807072736,
0.0176540407956828,0.019615600884092,0.0215771609725012),.UNSPECIFIED.);
#1342=B_SPLINE_CURVE_WITH_KNOTS('',3,(#2957,#2958,#2959,#2960,#2961,#2962,
#2963,#2964,#2965,#2966,#2967),.UNSPECIFIED.,.T.,.F.,(1,1,1,1,1,1,1,1,1,
1,1,1,1,1,1),(-0.00588473496494261,-0.00392315664329507,-0.00196157832164754,
8.2926684837391E-19,0.00196157832164754,0.00392315664329507,0.00588473496494261,
0.00784631328659015,0.00980789160823769,0.0117694699298852,0.0137310482515328,
0.0156926265731803,0.0176542048948278,0.0196157832164754,0.0215773615381229),
 .UNSPECIFIED.);
#1343=B_SPLINE_CURVE_WITH_KNOTS('',3,(#2969,#2970,#2971,#2972,#2973,#2974,
#2975,#2976,#2977,#2978,#2979),.UNSPECIFIED.,.T.,.F.,(1,1,1,1,1,1,1,1,1,
1,1,1,1,1,1),(-0.0058846802652276,-0.0039231201768184,-0.0019615600884092,
0.,0.0019615600884092,0.0039231201768184,0.00588468026522761,0.00784624035363681,
0.00980780044204601,0.0117693605304552,0.0137309206188644,0.0156924807072736,
0.0176540407956828,0.019615600884092,0.0215771609725012),.UNSPECIFIED.);
#1344=B_SPLINE_CURVE_WITH_KNOTS('',3,(#2981,#2982,#2983,#2984,#2985,#2986,
#2987,#2988,#2989,#2990,#2991),.UNSPECIFIED.,.T.,.F.,(1,1,1,1,1,1,1,1,1,
1,1,1,1,1,1),(-0.0058847349649425,-0.003923156643295,-0.0019615783216475,
1.11303893836725E-20,0.0019615783216475,0.003923156643295,0.0058847349649425,
0.00784631328659,0.00980789160823749,0.011769469929885,0.0137310482515325,
0.01569262657318,0.0176542048948275,0.019615783216475,0.0215773615381225),
 .UNSPECIFIED.);
#1345=B_SPLINE_CURVE_WITH_KNOTS('',3,(#2993,#2994,#2995,#2996,#2997,#2998,
#2999,#3000,#3001,#3002,#3003),.UNSPECIFIED.,.T.,.F.,(1,1,1,1,1,1,1,1,1,
1,1,1,1,1,1),(-0.00588468026522763,-0.00392312017681842,-0.00196156008840921,
0.,0.00196156008840921,0.00392312017681842,0.00588468026522763,0.00784624035363684,
0.00980780044204605,0.0117693605304553,0.0137309206188645,0.0156924807072737,
0.0176540407956829,0.0196156008840921,0.0215771609725013),.UNSPECIFIED.);
#1346=B_SPLINE_CURVE_WITH_KNOTS('',3,(#3005,#3006,#3007,#3008,#3009,#3010,
#3011,#3012,#3013,#3014,#3015),.UNSPECIFIED.,.T.,.F.,(1,1,1,1,1,1,1,1,1,
1,1,1,1,1,1),(-0.00588473496494253,-0.00392315664329502,-0.00196157832164751,
2.85495003518885E-18,0.00196157832164751,0.00392315664329502,0.00588473496494253,
0.00784631328659005,0.00980789160823756,0.0117694699298851,0.0137310482515326,
0.0156926265731801,0.0176542048948276,0.0196157832164751,0.0215773615381226),
 .UNSPECIFIED.);
#1347=B_SPLINE_CURVE_WITH_KNOTS('',3,(#3017,#3018,#3019,#3020,#3021,#3022,
#3023,#3024,#3025,#3026,#3027),.UNSPECIFIED.,.T.,.F.,(1,1,1,1,1,1,1,1,1,
1,1,1,1,1,1),(-0.00588468026522762,-0.00392312017681841,-0.0019615600884092,
0.,0.00196156008840921,0.00392312017681841,0.00588468026522762,0.00784624035363682,
0.00980780044204603,0.0117693605304552,0.0137309206188644,0.0156924807072736,
0.0176540407956828,0.0196156008840921,0.0215771609725013),.UNSPECIFIED.);
#1348=B_SPLINE_CURVE_WITH_KNOTS('',3,(#3029,#3030,#3031,#3032,#3033,#3034,
#3035,#3036,#3037,#3038,#3039),.UNSPECIFIED.,.T.,.F.,(1,1,1,1,1,1,1,1,1,
1,1,1,1,1,1),(-0.00588473496494251,-0.00392315664329501,-0.0019615783216475,
3.04579098117046E-18,0.00196157832164751,0.00392315664329501,0.00588473496494252,
0.00784631328659002,0.00980789160823753,0.011769469929885,0.0137310482515325,
0.01569262657318,0.0176542048948275,0.0196157832164751,0.0215773615381226),
 .UNSPECIFIED.);
#1349=B_SPLINE_CURVE_WITH_KNOTS('',3,(#3041,#3042,#3043,#3044,#3045,#3046,
#3047,#3048,#3049,#3050,#3051),.UNSPECIFIED.,.T.,.F.,(1,1,1,1,1,1,1,1,1,
1,1,1,1,1,1),(-0.00588468026522762,-0.00392312017681841,-0.00196156008840921,
0.,0.00196156008840921,0.00392312017681841,0.00588468026522762,0.00784624035363683,
0.00980780044204603,0.0117693605304552,0.0137309206188644,0.0156924807072737,
0.0176540407956829,0.0196156008840921,0.0215771609725013),.UNSPECIFIED.);
#1350=B_SPLINE_CURVE_WITH_KNOTS('',3,(#3053,#3054,#3055,#3056,#3057,#3058,
#3059,#3060,#3061,#3062,#3063),.UNSPECIFIED.,.T.,.F.,(1,1,1,1,1,1,1,1,1,
1,1,1,1,1,1),(-0.00588473496494251,-0.00392315664329501,-0.0019615783216475,
3.57866469390986E-18,0.00196157832164751,0.00392315664329502,0.00588473496494252,
0.00784631328659003,0.00980789160823753,0.011769469929885,0.0137310482515325,
0.01569262657318,0.0176542048948276,0.0196157832164751,0.0215773615381226),
 .UNSPECIFIED.);
#1351=B_SPLINE_CURVE_WITH_KNOTS('',3,(#3065,#3066,#3067,#3068,#3069,#3070,
#3071,#3072,#3073,#3074,#3075),.UNSPECIFIED.,.T.,.F.,(1,1,1,1,1,1,1,1,1,
1,1,1,1,1,1),(-0.00588468026522762,-0.00392312017681842,-0.00196156008840921,
0.,0.00196156008840921,0.00392312017681842,0.00588468026522763,0.00784624035363683,
0.00980780044204604,0.0117693605304553,0.0137309206188645,0.0156924807072737,
0.0176540407956829,0.0196156008840921,0.0215771609725013),.UNSPECIFIED.);
#1352=B_SPLINE_CURVE_WITH_KNOTS('',3,(#3077,#3078,#3079,#3080,#3081,#3082,
#3083,#3084,#3085,#3086,#3087),.UNSPECIFIED.,.T.,.F.,(1,1,1,1,1,1,1,1,1,
1,1,1,1,1,1),(-0.00588473496494249,-0.00392315664329499,-0.00196157832164749,
2.85165934159983E-18,0.0019615783216475,0.003923156643295,0.00588473496494249,
0.00784631328658999,0.00980789160823749,0.011769469929885,0.0137310482515325,
0.01569262657318,0.0176542048948275,0.019615783216475,0.0215773615381225),
 .UNSPECIFIED.);
#1353=B_SPLINE_CURVE_WITH_KNOTS('',3,(#3089,#3090,#3091,#3092,#3093,#3094,
#3095,#3096,#3097,#3098,#3099),.UNSPECIFIED.,.T.,.F.,(1,1,1,1,1,1,1,1,1,
1,1,1,1,1,1),(-0.00588468026522762,-0.00392312017681842,-0.00196156008840921,
0.,0.00196156008840921,0.00392312017681842,0.00588468026522762,0.00784624035363683,
0.00980780044204604,0.0117693605304552,0.0137309206188645,0.0156924807072737,
0.0176540407956829,0.0196156008840921,0.0215771609725013),.UNSPECIFIED.);
#1354=B_SPLINE_CURVE_WITH_KNOTS('',3,(#3101,#3102,#3103,#3104,#3105,#3106,
#3107,#3108,#3109,#3110,#3111),.UNSPECIFIED.,.T.,.F.,(1,1,1,1,1,1,1,1,1,
1,1,1,1,1,1),(-0.00588473496494247,-0.00392315664329498,-0.00196157832164749,
4.43621074021887E-18,0.0019615783216475,0.00392315664329499,0.00588473496494248,
0.00784631328658997,0.00980789160823746,0.011769469929885,0.0137310482515324,
0.0156926265731799,0.0176542048948274,0.0196157832164749,0.0215773615381224),
 .UNSPECIFIED.);
#1355=B_SPLINE_CURVE_WITH_KNOTS('',3,(#3113,#3114,#3115,#3116,#3117,#3118,
#3119,#3120,#3121,#3122,#3123),.UNSPECIFIED.,.T.,.F.,(1,1,1,1,1,1,1,1,1,
1,1,1,1,1,1),(-0.00588468026522768,-0.00392312017681845,-0.00196156008840923,
0.,0.00196156008840923,0.00392312017681845,0.00588468026522768,0.0078462403536369,
0.00980780044204613,0.0117693605304554,0.0137309206188646,0.0156924807072738,
0.017654040795683,0.0196156008840923,0.0215771609725015),.UNSPECIFIED.);
#1356=B_SPLINE_CURVE_WITH_KNOTS('',3,(#3125,#3126,#3127,#3128,#3129,#3130,
#3131,#3132,#3133,#3134,#3135),.UNSPECIFIED.,.T.,.F.,(1,1,1,1,1,1,1,1,1,
1,1,1,1,1,1),(-0.00588473496494248,-0.00392315664329498,-0.00196157832164748,
1.01304676920524E-17,0.00196157832164751,0.003923156643295,0.0058847349649425,
0.00784631328659,0.00980789160823749,0.011769469929885,0.0137310482515325,
0.01569262657318,0.0176542048948275,0.019615783216475,0.0215773615381225),
 .UNSPECIFIED.);
#1357=B_SPLINE_CURVE_WITH_KNOTS('',3,(#3137,#3138,#3139,#3140,#3141,#3142,
#3143,#3144,#3145,#3146,#3147),.UNSPECIFIED.,.T.,.F.,(1,1,1,1,1,1,1,1,1,
1,1,1,1,1,1),(-0.0058846802652276,-0.0039231201768184,-0.0019615600884092,
0.,0.0019615600884092,0.0039231201768184,0.0058846802652276,0.0078462403536368,
0.009807800442046,0.0117693605304552,0.0137309206188644,0.0156924807072736,
0.0176540407956828,0.019615600884092,0.0215771609725012),.UNSPECIFIED.);
#1358=B_SPLINE_CURVE_WITH_KNOTS('',3,(#3149,#3150,#3151,#3152,#3153,#3154,
#3155,#3156,#3157,#3158,#3159),.UNSPECIFIED.,.T.,.F.,(1,1,1,1,1,1,1,1,1,
1,1,1,1,1,1),(-0.00588473496494244,-0.00392315664329496,-0.00196157832164748,
4.85061590198151E-19,0.00196157832164748,0.00392315664329496,0.00588473496494244,
0.00784631328658992,0.0098078916082374,0.0117694699298849,0.0137310482515324,
0.0156926265731798,0.0176542048948273,0.0196157832164748,0.0215773615381223),
 .UNSPECIFIED.);
#1359=B_SPLINE_CURVE_WITH_KNOTS('',3,(#3161,#3162,#3163,#3164,#3165,#3166,
#3167,#3168,#3169,#3170,#3171),.UNSPECIFIED.,.T.,.F.,(1,1,1,1,1,1,1,1,1,
1,1,1,1,1,1),(-0.0058846802652276,-0.0039231201768184,-0.0019615600884092,
0.,0.0019615600884092,0.0039231201768184,0.0058846802652276,0.0078462403536368,
0.009807800442046,0.0117693605304552,0.0137309206188644,0.0156924807072736,
0.0176540407956828,0.019615600884092,0.0215771609725012),.UNSPECIFIED.);
#1360=B_SPLINE_CURVE_WITH_KNOTS('',3,(#3173,#3174,#3175,#3176,#3177,#3178,
#3179,#3180,#3181,#3182,#3183),.UNSPECIFIED.,.T.,.F.,(1,1,1,1,1,1,1,1,1,
1,1,1,1,1,1),(-0.00588473496494249,-0.00392315664329499,-0.0019615783216475,
7.41652136196167E-19,0.0019615783216475,0.003923156643295,0.00588473496494249,
0.00784631328658999,0.00980789160823749,0.011769469929885,0.0137310482515325,
0.01569262657318,0.0176542048948275,0.019615783216475,0.0215773615381225),
 .UNSPECIFIED.);
#1361=B_SPLINE_CURVE_WITH_KNOTS('',3,(#3185,#3186,#3187,#3188,#3189,#3190,
#3191,#3192,#3193,#3194,#3195),.UNSPECIFIED.,.T.,.F.,(1,1,1,1,1,1,1,1,1,
1,1,1,1,1,1),(-0.0058846802652276,-0.0039231201768184,-0.0019615600884092,
0.,0.0019615600884092,0.0039231201768184,0.0058846802652276,0.0078462403536368,
0.009807800442046,0.0117693605304552,0.0137309206188644,0.0156924807072736,
0.0176540407956828,0.019615600884092,0.0215771609725012),.UNSPECIFIED.);
#1362=B_SPLINE_CURVE_WITH_KNOTS('',3,(#3197,#3198,#3199,#3200,#3201,#3202,
#3203,#3204,#3205,#3206,#3207),.UNSPECIFIED.,.T.,.F.,(1,1,1,1,1,1,1,1,1,
1,1,1,1,1,1),(-0.00588473496494249,-0.00392315664329499,-0.0019615783216475,
7.41652136196167E-19,0.0019615783216475,0.00392315664329499,0.00588473496494249,
0.00784631328658999,0.00980789160823749,0.011769469929885,0.0137310482515325,
0.01569262657318,0.0176542048948275,0.019615783216475,0.0215773615381225),
 .UNSPECIFIED.);
#1363=B_SPLINE_CURVE_WITH_KNOTS('',3,(#3209,#3210,#3211,#3212,#3213,#3214,
#3215,#3216,#3217,#3218,#3219),.UNSPECIFIED.,.T.,.F.,(1,1,1,1,1,1,1,1,1,
1,1,1,1,1,1),(-0.0058846802652276,-0.0039231201768184,-0.0019615600884092,
0.,0.0019615600884092,0.0039231201768184,0.0058846802652276,0.0078462403536368,
0.009807800442046,0.0117693605304552,0.0137309206188644,0.0156924807072736,
0.0176540407956828,0.019615600884092,0.0215771609725012),.UNSPECIFIED.);
#1364=B_SPLINE_CURVE_WITH_KNOTS('',3,(#3221,#3222,#3223,#3224,#3225,#3226,
#3227,#3228,#3229,#3230,#3231),.UNSPECIFIED.,.T.,.F.,(1,1,1,1,1,1,1,1,1,
1,1,1,1,1,1),(-0.0058847349649426,-0.00392315664329507,-0.00196157832164753,
6.60771057061457E-19,0.00196157832164753,0.00392315664329507,0.0058847349649426,
0.00784631328659014,0.00980789160823767,0.0117694699298852,0.0137310482515327,
0.0156926265731803,0.0176542048948278,0.0196157832164753,0.0215773615381229),
 .UNSPECIFIED.);
#1365=B_SPLINE_CURVE_WITH_KNOTS('',3,(#3233,#3234,#3235,#3236,#3237,#3238,
#3239,#3240,#3241,#3242,#3243),.UNSPECIFIED.,.T.,.F.,(1,1,1,1,1,1,1,1,1,
1,1,1,1,1,1),(-0.00588473496494261,-0.00392315664329507,-0.00196157832164754,
4.91374045579723E-19,0.00196157832164754,0.00392315664329507,0.00588473496494261,
0.00784631328659014,0.00980789160823768,0.0117694699298852,0.0137310482515328,
0.0156926265731803,0.0176542048948278,0.0196157832164754,0.0215773615381229),
 .UNSPECIFIED.);
#1366=B_SPLINE_CURVE_WITH_KNOTS('',3,(#3245,#3246,#3247,#3248,#3249,#3250,
#3251,#3252,#3253,#3254,#3255),.UNSPECIFIED.,.T.,.F.,(1,1,1,1,1,1,1,1,1,
1,1,1,1,1,1),(-0.0058847349649426,-0.00392315664329507,-0.00196157832164753,
8.54021535384995E-19,0.00196157832164753,0.00392315664329507,0.0058847349649426,
0.00784631328659013,0.00980789160823766,0.0117694699298852,0.0137310482515327,
0.0156926265731803,0.0176542048948278,0.0196157832164753,0.0215773615381229),
 .UNSPECIFIED.);
#1367=B_SPLINE_CURVE_WITH_KNOTS('',3,(#3257,#3258,#3259,#3260,#3261,#3262,
#3263,#3264,#3265,#3266,#3267),.UNSPECIFIED.,.T.,.F.,(1,1,1,1,1,1,1,1,1,
1,1,1,1,1,1),(-0.00588473496494261,-0.00392315664329507,-0.00196157832164754,
8.0357322348209E-19,0.00196157832164754,0.00392315664329507,0.00588473496494261,
0.00784631328659014,0.00980789160823768,0.0117694699298852,0.0137310482515327,
0.0156926265731803,0.0176542048948278,0.0196157832164754,0.0215773615381229),
 .UNSPECIFIED.);
#1368=B_SPLINE_CURVE_WITH_KNOTS('',3,(#3269,#3270,#3271,#3272,#3273,#3274,
#3275,#3276,#3277,#3278,#3279),.UNSPECIFIED.,.T.,.F.,(1,1,1,1,1,1,1,1,1,
1,1,1,1,1,1),(-0.00588473496494262,-0.00392315664329508,-0.00196157832164754,
2.84127734301289E-18,0.00196157832164754,0.00392315664329509,0.00588473496494263,
0.00784631328659017,0.00980789160823771,0.0117694699298853,0.0137310482515328,
0.0156926265731803,0.0176542048948279,0.0196157832164754,0.021577361538123),
 .UNSPECIFIED.);
#1369=B_SPLINE_CURVE_WITH_KNOTS('',3,(#3281,#3282,#3283,#3284,#3285,#3286,
#3287,#3288,#3289,#3290,#3291),.UNSPECIFIED.,.T.,.F.,(1,1,1,1,1,1,1,1,1,
1,1,1,1,1,1),(-0.00588473496494262,-0.00392315664329508,-0.00196157832164754,
6.79913459749177E-19,0.00196157832164754,0.00392315664329508,0.00588473496494262,
0.00784631328659017,0.00980789160823771,0.0117694699298852,0.0137310482515328,
0.0156926265731803,0.0176542048948279,0.0196157832164754,0.021577361538123),
 .UNSPECIFIED.);
#1370=B_SPLINE_CURVE_WITH_KNOTS('',3,(#3293,#3294,#3295,#3296,#3297,#3298,
#3299,#3300,#3301,#3302,#3303),.UNSPECIFIED.,.T.,.F.,(1,1,1,1,1,1,1,1,1,
1,1,1,1,1,1),(-0.0058847349649425,-0.003923156643295,-0.0019615783216475,
1.02509261128904E-18,0.0019615783216475,0.003923156643295,0.0058847349649425,
0.00784631328658999,0.00980789160823749,0.011769469929885,0.0137310482515325,
0.01569262657318,0.0176542048948275,0.019615783216475,0.0215773615381225),
 .UNSPECIFIED.);
#1371=B_SPLINE_CURVE_WITH_KNOTS('',3,(#3305,#3306,#3307,#3308,#3309,#3310,
#3311,#3312,#3313,#3314,#3315),.UNSPECIFIED.,.T.,.F.,(1,1,1,1,1,1,1,1,1,
1,1,1,1,1,1),(-0.0058847349649425,-0.003923156643295,-0.0019615783216475,
8.75929919207747E-19,0.0019615783216475,0.003923156643295,0.0058847349649425,
0.00784631328659,0.0098078916082375,0.011769469929885,0.0137310482515325,
0.01569262657318,0.0176542048948275,0.019615783216475,0.0215773615381225),
 .UNSPECIFIED.);
#1372=B_SPLINE_CURVE_WITH_KNOTS('',3,(#3317,#3318,#3319,#3320,#3321,#3322,
#3323,#3324,#3325,#3326,#3327),.UNSPECIFIED.,.T.,.F.,(1,1,1,1,1,1,1,1,1,
1,1,1,1,1,1),(-0.0058847349649425,-0.003923156643295,-0.0019615783216475,
4.15932637550192E-19,0.0019615783216475,0.003923156643295,0.0058847349649425,
0.00784631328659,0.0098078916082375,0.011769469929885,0.0137310482515325,
0.01569262657318,0.0176542048948275,0.019615783216475,0.0215773615381225),
 .UNSPECIFIED.);
#1373=B_SPLINE_CURVE_WITH_KNOTS('',3,(#3329,#3330,#3331,#3332,#3333,#3334,
#3335,#3336,#3337,#3338,#3339),.UNSPECIFIED.,.T.,.F.,(1,1,1,1,1,1,1,1,1,
1,1,1,1,1,1),(-0.0058847349649425,-0.003923156643295,-0.0019615783216475,
1.30629490381688E-18,0.0019615783216475,0.003923156643295,0.0058847349649425,
0.00784631328659,0.00980789160823749,0.011769469929885,0.0137310482515325,
0.01569262657318,0.0176542048948275,0.019615783216475,0.0215773615381225),
 .UNSPECIFIED.);
#1374=B_SPLINE_CURVE_WITH_KNOTS('',3,(#3341,#3342,#3343,#3344,#3345,#3346,
#3347,#3348,#3349,#3350,#3351),.UNSPECIFIED.,.T.,.F.,(1,1,1,1,1,1,1,1,1,
1,1,1,1,1,1),(-0.00588473496494248,-0.00392315664329499,-0.00196157832164749,
7.0688604342349E-18,0.0019615783216475,0.003923156643295,0.0058847349649425,
0.00784631328658999,0.00980789160823749,0.011769469929885,0.0137310482515325,
0.01569262657318,0.0176542048948275,0.019615783216475,0.0215773615381225),
 .UNSPECIFIED.);
#1375=B_SPLINE_CURVE_WITH_KNOTS('',3,(#3353,#3354,#3355,#3356,#3357,#3358,
#3359,#3360,#3361,#3362,#3363),.UNSPECIFIED.,.T.,.F.,(1,1,1,1,1,1,1,1,1,
1,1,1,1,1,1),(-0.0058847349649425,-0.003923156643295,-0.0019615783216475,
4.09041628598634E-19,0.0019615783216475,0.003923156643295,0.0058847349649425,
0.00784631328659,0.00980789160823749,0.011769469929885,0.0137310482515325,
0.01569262657318,0.0176542048948275,0.019615783216475,0.0215773615381225),
 .UNSPECIFIED.);
#1376=B_SPLINE_CURVE_WITH_KNOTS('',3,(#3365,#3366,#3367,#3368,#3369,#3370,
#3371,#3372,#3373,#3374,#3375),.UNSPECIFIED.,.T.,.F.,(1,1,1,1,1,1,1,1,1,
1,1,1,1,1,1),(-0.00588473496494252,-0.00392315664329501,-0.0019615783216475,
7.15507066782256E-18,0.00196157832164751,0.00392315664329502,0.00588473496494253,
0.00784631328659004,0.00980789160823754,0.0117694699298851,0.0137310482515326,
0.0156926265731801,0.0176542048948276,0.0196157832164751,0.0215773615381226),
 .UNSPECIFIED.);
#1377=B_SPLINE_CURVE_WITH_KNOTS('',3,(#3377,#3378,#3379,#3380,#3381,#3382,
#3383,#3384,#3385,#3386,#3387),.UNSPECIFIED.,.T.,.F.,(1,1,1,1,1,1,1,1,1,
1,1,1,1,1,1),(-0.00588473496494252,-0.00392315664329502,-0.00196157832164751,
3.36013450762449E-19,0.00196157832164751,0.00392315664329502,0.00588473496494253,
0.00784631328659003,0.00980789160823754,0.0117694699298851,0.0137310482515326,
0.0156926265731801,0.0176542048948276,0.0196157832164751,0.0215773615381226),
 .UNSPECIFIED.);
#1378=B_SPLINE_CURVE_WITH_KNOTS('',3,(#3389,#3390,#3391,#3392,#3393,#3394,
#3395,#3396,#3397,#3398,#3399),.UNSPECIFIED.,.T.,.F.,(1,1,1,1,1,1,1,1,1,
1,1,1,1,1,1),(-0.00588473496494252,-0.00392315664329502,-0.00196157832164751,
3.47412453245352E-19,0.00196157832164751,0.00392315664329501,0.00588473496494252,
0.00784631328659003,0.00980789160823754,0.011769469929885,0.0137310482515325,
0.0156926265731801,0.0176542048948276,0.0196157832164751,0.0215773615381226),
 .UNSPECIFIED.);
#1379=B_SPLINE_CURVE_WITH_KNOTS('',3,(#3401,#3402,#3403,#3404,#3405,#3406,
#3407,#3408,#3409,#3410,#3411),.UNSPECIFIED.,.T.,.F.,(1,1,1,1,1,1,1,1,1,
1,1,1,1,1,1),(-0.00588473496494253,-0.00392315664329502,-0.00196157832164751,
4.40579469981956E-19,0.00196157832164751,0.00392315664329502,0.00588473496494253,
0.00784631328659004,0.00980789160823754,0.0117694699298851,0.0137310482515326,
0.0156926265731801,0.0176542048948276,0.0196157832164751,0.0215773615381226),
 .UNSPECIFIED.);
#1380=B_SPLINE_CURVE_WITH_KNOTS('',3,(#3413,#3414,#3415,#3416,#3417,#3418,
#3419,#3420,#3421,#3422,#3423),.UNSPECIFIED.,.T.,.F.,(1,1,1,1,1,1,1,1,1,
1,1,1,1,1,1),(-0.00588473496494253,-0.00392315664329502,-0.00196157832164751,
1.49463583673834E-19,0.00196157832164751,0.00392315664329502,0.00588473496494253,
0.00784631328659004,0.00980789160823755,0.0117694699298851,0.0137310482515326,
0.0156926265731801,0.0176542048948276,0.0196157832164751,0.0215773615381226),
 .UNSPECIFIED.);
#1381=B_SPLINE_CURVE_WITH_KNOTS('',3,(#3425,#3426,#3427,#3428,#3429,#3430,
#3431,#3432,#3433,#3434,#3435),.UNSPECIFIED.,.T.,.F.,(1,1,1,1,1,1,1,1,1,
1,1,1,1,1,1),(-0.00588473496494253,-0.00392315664329502,-0.00196157832164751,
1.29970066235487E-18,0.00196157832164751,0.00392315664329502,0.00588473496494253,
0.00784631328659004,0.00980789160823755,0.0117694699298851,0.0137310482515326,
0.0156926265731801,0.0176542048948276,0.0196157832164751,0.0215773615381226),
 .UNSPECIFIED.);
#1382=B_SPLINE_CURVE_WITH_KNOTS('',3,(#3437,#3438,#3439,#3440,#3441,#3442,
#3443,#3444,#3445,#3446,#3447),.UNSPECIFIED.,.T.,.F.,(1,1,1,1,1,1,1,1,1,
1,1,1,1,1,1),(-0.00588473496494256,-0.00392315664329504,-0.00196157832164751,
6.83197402586465E-18,0.00196157832164753,0.00392315664329505,0.00588473496494257,
0.00784631328659009,0.00980789160823761,0.0117694699298851,0.0137310482515327,
0.0156926265731802,0.0176542048948277,0.0196157832164752,0.0215773615381227),
 .UNSPECIFIED.);
#1383=B_SPLINE_CURVE_WITH_KNOTS('',3,(#3449,#3450,#3451,#3452,#3453,#3454,
#3455,#3456,#3457,#3458,#3459),.UNSPECIFIED.,.T.,.F.,(1,1,1,1,1,1,1,1,1,
1,1,1,1,1,1),(-0.00588473496494256,-0.00392315664329504,-0.00196157832164752,
6.36518561130489E-18,0.00196157832164753,0.00392315664329505,0.00588473496494257,
0.0078463132865901,0.00980789160823762,0.0117694699298851,0.0137310482515327,
0.0156926265731802,0.0176542048948277,0.0196157832164752,0.0215773615381228),
 .UNSPECIFIED.);
#1384=B_SPLINE_CURVE_WITH_KNOTS('',3,(#3461,#3462,#3463,#3464,#3465,#3466,
#3467,#3468,#3469,#3470,#3471),.UNSPECIFIED.,.T.,.F.,(1,1,1,1,1,1,1,1,1,
1,1,1,1,1,1),(-0.00588473496494249,-0.00392315664329499,-0.00196157832164749,
5.69187743664959E-18,0.0019615783216475,0.003923156643295,0.0058847349649425,
0.00784631328659,0.0098078916082375,0.011769469929885,0.0137310482515325,
0.01569262657318,0.0176542048948275,0.019615783216475,0.0215773615381225),
 .UNSPECIFIED.);
#1385=B_SPLINE_CURVE_WITH_KNOTS('',3,(#3473,#3474,#3475,#3476,#3477,#3478,
#3479,#3480,#3481,#3482,#3483),.UNSPECIFIED.,.T.,.F.,(1,1,1,1,1,1,1,1,1,
1,1,1,1,1,1),(-0.0058847349649425,-0.003923156643295,-0.0019615783216475,
5.4857287754186E-18,0.00196157832164751,0.00392315664329501,0.00588473496494251,
0.00784631328659001,0.00980789160823752,0.011769469929885,0.0137310482515325,
0.01569262657318,0.0176542048948275,0.019615783216475,0.0215773615381225),
 .UNSPECIFIED.);
#1386=B_SPLINE_CURVE_WITH_KNOTS('',3,(#3485,#3486,#3487,#3488,#3489,#3490,
#3491,#3492,#3493,#3494,#3495),.UNSPECIFIED.,.T.,.F.,(1,1,1,1,1,1,1,1,1,
1,1,1,1,1,1),(-0.00588473496494255,-0.00392315664329503,-0.00196157832164751,
3.0216275416663E-18,0.00196157832164752,0.00392315664329504,0.00588473496494256,
0.00784631328659008,0.00980789160823759,0.0117694699298851,0.0137310482515326,
0.0156926265731802,0.0176542048948277,0.0196157832164752,0.0215773615381227),
 .UNSPECIFIED.);
#1387=B_SPLINE_CURVE_WITH_KNOTS('',3,(#3497,#3498,#3499,#3500,#3501,#3502,
#3503,#3504,#3505,#3506,#3507),.UNSPECIFIED.,.T.,.F.,(1,1,1,1,1,1,1,1,1,
1,1,1,1,1,1),(-0.00588473496494256,-0.00392315664329504,-0.00196157832164752,
1.41853785764709E-18,0.00196157832164752,0.00392315664329504,0.00588473496494256,
0.00784631328659008,0.0098078916082376,0.0117694699298851,0.0137310482515326,
0.0156926265731802,0.0176542048948277,0.0196157832164752,0.0215773615381227),
 .UNSPECIFIED.);
#1388=B_SPLINE_CURVE_WITH_KNOTS('',3,(#3870,#3871,#3872,#3873,#3874,#3875,
#3876,#3877,#3878,#3879,#3880,#3881,#3882,#3883,#3884,#3885,#3886,#3887,
#3888),.UNSPECIFIED.,.T.,.F.,(1,1,1,1,1,1,1,1,1,1,1,1,1,1,1,1,1,1,1,1,1,
1,1),(-0.00297957475550395,-0.00198638317033596,-0.000993191585167977,8.09461941693873E-18,
0.000993191585167992,0.00198638317033598,0.00297957475550396,0.00397276634067194,
0.00496595792583993,0.00595914951100791,0.0069523410961759,0.00794553268134388,
0.00893872426651186,0.00993191585167985,0.0109251074368478,0.0119182990220158,
0.0129114906071838,0.0139046821923518,0.0148978737775198,0.0158910653626878,
0.0168842569478557,0.0178774485330237,0.0188706401181917),.UNSPECIFIED.);
#1389=B_SPLINE_CURVE_WITH_KNOTS('',3,(#3891,#3892,#3893,#3894,#3895,#3896,
#3897,#3898,#3899,#3900,#3901,#3902,#3903,#3904,#3905,#3906,#3907,#3908,
#3909),.UNSPECIFIED.,.T.,.F.,(1,1,1,1,1,1,1,1,1,1,1,1,1,1,1,1,1,1,1,1,1,
1,1),(-0.00297957475550395,-0.00198638317033596,-0.000993191585167977,8.25509897638839E-18,
0.000993191585167992,0.00198638317033598,0.00297957475550396,0.00397276634067194,
0.00496595792583993,0.00595914951100791,0.0069523410961759,0.00794553268134388,
0.00893872426651186,0.00993191585167985,0.0109251074368478,0.0119182990220158,
0.0129114906071838,0.0139046821923518,0.0148978737775198,0.0158910653626878,
0.0168842569478557,0.0178774485330237,0.0188706401181917),.UNSPECIFIED.);
#1390=B_SPLINE_CURVE_WITH_KNOTS('',3,(#3912,#3913,#3914,#3915,#3916,#3917,
#3918,#3919,#3920,#3921,#3922,#3923,#3924,#3925,#3926,#3927,#3928,#3929,
#3930),.UNSPECIFIED.,.T.,.F.,(1,1,1,1,1,1,1,1,1,1,1,1,1,1,1,1,1,1,1,1,1,
1,1),(-0.00297957475550398,-0.00198638317033598,-0.000993191585167988,7.81615891641614E-18,
0.000993191585168003,0.001986383170336,0.00297957475550399,0.00397276634067199,
0.00496595792583998,0.00595914951100798,0.00695234109617597,0.00794553268134397,
0.00893872426651196,0.00993191585167996,0.010925107436848,0.011918299022016,
0.0129114906071839,0.0139046821923519,0.0148978737775199,0.0158910653626879,
0.0168842569478559,0.0178774485330239,0.0188706401181919),.UNSPECIFIED.);
#1391=B_SPLINE_CURVE_WITH_KNOTS('',3,(#3933,#3934,#3935,#3936,#3937,#3938,
#3939,#3940,#3941,#3942,#3943,#3944,#3945,#3946,#3947,#3948,#3949,#3950,
#3951),.UNSPECIFIED.,.T.,.F.,(1,1,1,1,1,1,1,1,1,1,1,1,1,1,1,1,1,1,1,1,1,
1,1),(-0.00297957475550398,-0.00198638317033598,-0.000993191585167988,7.9898213206947E-18,
0.000993191585168004,0.001986383170336,0.002979574755504,0.00397276634067199,
0.00496595792583999,0.00595914951100798,0.00695234109617598,0.00794553268134397,
0.00893872426651197,0.00993191585167997,0.010925107436848,0.011918299022016,
0.012911490607184,0.013904682192352,0.0148978737775199,0.0158910653626879,
0.0168842569478559,0.0178774485330239,0.0188706401181919),.UNSPECIFIED.);
#1392=B_SPLINE_CURVE_WITH_KNOTS('',3,(#3954,#3955,#3956,#3957,#3958,#3959,
#3960,#3961,#3962,#3963,#3964,#3965,#3966,#3967,#3968,#3969,#3970,#3971,
#3972),.UNSPECIFIED.,.T.,.F.,(1,1,1,1,1,1,1,1,1,1,1,1,1,1,1,1,1,1,1,1,1,
1,1),(-0.00297957475550397,-0.00198638317033598,-0.000993191585167984,1.04792109931408E-17,
0.000993191585168005,0.001986383170336,0.00297957475550399,0.00397276634067199,
0.00496595792583998,0.00595914951100798,0.00695234109617597,0.00794553268134397,
0.00893872426651196,0.00993191585167996,0.010925107436848,0.0119182990220159,
0.0129114906071839,0.0139046821923519,0.0148978737775199,0.0158910653626879,
0.0168842569478559,0.0178774485330239,0.0188706401181919),.UNSPECIFIED.);
#1393=B_SPLINE_CURVE_WITH_KNOTS('',3,(#3975,#3976,#3977,#3978,#3979,#3980,
#3981,#3982,#3983,#3984,#3985,#3986,#3987,#3988,#3989,#3990,#3991,#3992,
#3993),.UNSPECIFIED.,.T.,.F.,(1,1,1,1,1,1,1,1,1,1,1,1,1,1,1,1,1,1,1,1,1,
1,1),(-0.00297957475550397,-0.00198638317033598,-0.000993191585167984,1.05696599426557E-17,
0.000993191585168005,0.001986383170336,0.002979574755504,0.00397276634067199,
0.00496595792583999,0.00595914951100798,0.00695234109617598,0.00794553268134397,
0.00893872426651197,0.00993191585167996,0.010925107436848,0.011918299022016,
0.0129114906071839,0.0139046821923519,0.0148978737775199,0.0158910653626879,
0.0168842569478559,0.0178774485330239,0.0188706401181919),.UNSPECIFIED.);
#1394=B_SPLINE_CURVE_WITH_KNOTS('',3,(#3996,#3997,#3998,#3999,#4000,#4001,
#4002,#4003,#4004,#4005,#4006,#4007,#4008,#4009,#4010,#4011,#4012,#4013,
#4014),.UNSPECIFIED.,.T.,.F.,(1,1,1,1,1,1,1,1,1,1,1,1,1,1,1,1,1,1,1,1,1,
1,1),(-0.00297957475550397,-0.00198638317033598,-0.000993191585167984,9.73395332708511E-18,
0.000993191585168004,0.001986383170336,0.00297957475550399,0.00397276634067199,
0.00496595792583998,0.00595914951100797,0.00695234109617597,0.00794553268134396,
0.00893872426651196,0.00993191585167995,0.0109251074368479,0.0119182990220159,
0.0129114906071839,0.0139046821923519,0.0148978737775199,0.0158910653626879,
0.0168842569478559,0.0178774485330239,0.0188706401181919),.UNSPECIFIED.);
#1395=B_SPLINE_CURVE_WITH_KNOTS('',3,(#4017,#4018,#4019,#4020,#4021,#4022,
#4023,#4024,#4025,#4026,#4027,#4028,#4029,#4030,#4031,#4032,#4033,#4034,
#4035),.UNSPECIFIED.,.T.,.F.,(1,1,1,1,1,1,1,1,1,1,1,1,1,1,1,1,1,1,1,1,1,
1,1),(-0.00297957475550397,-0.00198638317033598,-0.000993191585167984,1.05800793860082E-17,
0.000993191585168005,0.001986383170336,0.00297957475550399,0.00397276634067199,
0.00496595792583998,0.00595914951100798,0.00695234109617597,0.00794553268134396,
0.00893872426651196,0.00993191585167995,0.0109251074368479,0.0119182990220159,
0.0129114906071839,0.0139046821923519,0.0148978737775199,0.0158910653626879,
0.0168842569478559,0.0178774485330239,0.0188706401181919),.UNSPECIFIED.);
#1396=B_SPLINE_CURVE_WITH_KNOTS('',3,(#4038,#4039,#4040,#4041,#4042,#4043,
#4044,#4045,#4046,#4047,#4048,#4049,#4050,#4051,#4052,#4053,#4054,#4055,
#4056),.UNSPECIFIED.,.T.,.F.,(1,1,1,1,1,1,1,1,1,1,1,1,1,1,1,1,1,1,1,1,1,
1,1),(-0.00297957475550398,-0.00198638317033599,-0.000993191585167988,9.68163872469111E-18,
0.000993191585168008,0.00198638317033601,0.002979574755504,0.003972766340672,
0.00496595792584,0.005959149511008,0.006952341096176,0.007945532681344,
0.00893872426651199,0.00993191585167999,0.010925107436848,0.011918299022016,
0.012911490607184,0.013904682192352,0.01489787377752,0.015891065362688,
0.016884256947856,0.017877448533024,0.018870640118192),.UNSPECIFIED.);
#1397=B_SPLINE_CURVE_WITH_KNOTS('',3,(#4059,#4060,#4061,#4062,#4063,#4064,
#4065,#4066,#4067,#4068,#4069,#4070,#4071,#4072,#4073,#4074,#4075,#4076,
#4077),.UNSPECIFIED.,.T.,.F.,(1,1,1,1,1,1,1,1,1,1,1,1,1,1,1,1,1,1,1,1,1,
1,1),(-0.00297957475550399,-0.00198638317033599,-0.000993191585167988,1.00988808730803E-17,
0.00099319158516801,0.00198638317033601,0.00297957475550401,0.00397276634067201,
0.00496595792584001,0.00595914951100801,0.00695234109617601,0.00794553268134401,
0.00893872426651201,0.00993191585168,0.010925107436848,0.011918299022016,
0.012911490607184,0.013904682192352,0.01489787377752,0.015891065362688,
0.016884256947856,0.017877448533024,0.018870640118192),.UNSPECIFIED.);
#1398=B_SPLINE_CURVE_WITH_KNOTS('',3,(#4080,#4081,#4082,#4083,#4084,#4085,
#4086,#4087,#4088,#4089,#4090,#4091,#4092,#4093,#4094,#4095,#4096,#4097,
#4098),.UNSPECIFIED.,.T.,.F.,(1,1,1,1,1,1,1,1,1,1,1,1,1,1,1,1,1,1,1,1,1,
1,1),(-0.00297957475550398,-0.00198638317033598,-0.000993191585167986,9.70309612945603E-18,
0.000993191585168007,0.001986383170336,0.002979574755504,0.003972766340672,
0.00496595792583999,0.00595914951100799,0.00695234109617599,0.00794553268134399,
0.00893872426651198,0.00993191585167998,0.010925107436848,0.011918299022016,
0.012911490607184,0.013904682192352,0.01489787377752,0.015891065362688,
0.016884256947856,0.017877448533024,0.018870640118192),.UNSPECIFIED.);
#1399=B_SPLINE_CURVE_WITH_KNOTS('',3,(#4101,#4102,#4103,#4104,#4105,#4106,
#4107,#4108,#4109,#4110,#4111,#4112,#4113,#4114,#4115,#4116,#4117,#4118,
#4119),.UNSPECIFIED.,.T.,.F.,(1,1,1,1,1,1,1,1,1,1,1,1,1,1,1,1,1,1,1,1,1,
1,1),(-0.00297957475550398,-0.00198638317033598,-0.000993191585167988,1.02811867476624E-17,
0.000993191585168008,0.001986383170336,0.002979574755504,0.003972766340672,
0.00496595792584,0.00595914951100799,0.00695234109617599,0.00794553268134399,
0.00893872426651198,0.00993191585167998,0.010925107436848,0.011918299022016,
0.012911490607184,0.013904682192352,0.01489787377752,0.015891065362688,
0.016884256947856,0.017877448533024,0.018870640118192),.UNSPECIFIED.);
#1400=B_SPLINE_CURVE_WITH_KNOTS('',3,(#4122,#4123,#4124,#4125,#4126,#4127,
#4128,#4129,#4130,#4131,#4132,#4133,#4134,#4135,#4136,#4137,#4138,#4139,
#4140),.UNSPECIFIED.,.T.,.F.,(1,1,1,1,1,1,1,1,1,1,1,1,1,1,1,1,1,1,1,1,1,
1,1),(-0.00297957475550396,-0.00198638317033597,-0.000993191585167981,9.72309361888797E-18,
0.000993191585168001,0.00198638317033599,0.00297957475550398,0.00397276634067198,
0.00496595792583997,0.00595914951100796,0.00695234109617595,0.00794553268134394,
0.00893872426651194,0.00993191585167993,0.0109251074368479,0.0119182990220159,
0.0129114906071839,0.0139046821923519,0.0148978737775199,0.0158910653626879,
0.0168842569478559,0.0178774485330239,0.0188706401181918),.UNSPECIFIED.);
#1401=B_SPLINE_CURVE_WITH_KNOTS('',3,(#4143,#4144,#4145,#4146,#4147,#4148,
#4149,#4150,#4151,#4152,#4153,#4154,#4155,#4156,#4157,#4158,#4159,#4160,
#4161),.UNSPECIFIED.,.T.,.F.,(1,1,1,1,1,1,1,1,1,1,1,1,1,1,1,1,1,1,1,1,1,
1,1),(-0.00297957475550397,-0.00198638317033598,-0.000993191585167983,1.04959908667716E-17,
0.000993191585168003,0.001986383170336,0.00297957475550399,0.00397276634067198,
0.00496595792583997,0.00595914951100797,0.00695234109617596,0.00794553268134395,
0.00893872426651194,0.00993191585167994,0.0109251074368479,0.0119182990220159,
0.0129114906071839,0.0139046821923519,0.0148978737775199,0.0158910653626879,
0.0168842569478559,0.0178774485330239,0.0188706401181919),.UNSPECIFIED.);
#1402=B_SPLINE_CURVE_WITH_KNOTS('',3,(#4164,#4165,#4166,#4167,#4168,#4169,
#4170,#4171,#4172,#4173,#4174,#4175,#4176,#4177,#4178,#4179,#4180,#4181,
#4182),.UNSPECIFIED.,.T.,.F.,(1,1,1,1,1,1,1,1,1,1,1,1,1,1,1,1,1,1,1,1,1,
1,1),(-0.00297957475550396,-0.00198638317033597,-0.000993191585167983,6.65921543273852E-18,
0.000993191585167996,0.00198638317033599,0.00297957475550397,0.00397276634067196,
0.00496595792583995,0.00595914951100794,0.00695234109617593,0.00794553268134392,
0.00893872426651191,0.0099319158516799,0.0109251074368479,0.0119182990220159,
0.0129114906071839,0.0139046821923519,0.0148978737775198,0.0158910653626878,
0.0168842569478558,0.0178774485330238,0.0188706401181918),.UNSPECIFIED.);
#1403=B_SPLINE_CURVE_WITH_KNOTS('',3,(#4185,#4186,#4187,#4188,#4189,#4190,
#4191,#4192,#4193,#4194,#4195,#4196,#4197,#4198,#4199,#4200,#4201,#4202,
#4203),.UNSPECIFIED.,.T.,.F.,(1,1,1,1,1,1,1,1,1,1,1,1,1,1,1,1,1,1,1,1,1,
1,1),(-0.00297957475550396,-0.00198638317033597,-0.000993191585167983,6.72396250027932E-18,
0.000993191585167997,0.00198638317033599,0.00297957475550398,0.00397276634067197,
0.00496595792583996,0.00595914951100795,0.00695234109617594,0.00794553268134393,
0.00893872426651192,0.00993191585167991,0.0109251074368479,0.0119182990220159,
0.0129114906071839,0.0139046821923519,0.0148978737775199,0.0158910653626878,
0.0168842569478558,0.0178774485330238,0.0188706401181918),.UNSPECIFIED.);
#1404=B_SPLINE_CURVE_WITH_KNOTS('',3,(#4221,#4222,#4223,#4224,#4225,#4226,
#4227,#4228,#4229,#4230,#4231,#4232,#4233,#4234,#4235,#4236,#4237,#4238,
#4239),.UNSPECIFIED.,.T.,.F.,(1,1,1,1,1,1,1,1,1,1,1,1,1,1,1,1,1,1,1,1,1,
1,1),(-0.00297957475550395,-0.00198638317033596,-0.000993191585167977,7.32429277691339E-18,
0.000993191585167992,0.00198638317033598,0.00297957475550396,0.00397276634067194,
0.00496595792583993,0.00595914951100791,0.0069523410961759,0.00794553268134388,
0.00893872426651187,0.00993191585167985,0.0109251074368478,0.0119182990220158,
0.0129114906071838,0.0139046821923518,0.0148978737775198,0.0158910653626878,
0.0168842569478557,0.0178774485330237,0.0188706401181917),.UNSPECIFIED.);
#1405=B_SPLINE_CURVE_WITH_KNOTS('',3,(#4241,#4242,#4243,#4244,#4245,#4246,
#4247,#4248,#4249,#4250,#4251,#4252,#4253,#4254,#4255,#4256,#4257,#4258,
#4259),.UNSPECIFIED.,.T.,.F.,(1,1,1,1,1,1,1,1,1,1,1,1,1,1,1,1,1,1,1,1,1,
1,1),(-0.00297917416434254,-0.00198611610956169,-0.000993058054780846,0.,
0.000993058054780847,0.00198611610956169,0.00297917416434254,0.00397223221912339,
0.00496529027390423,0.00595834832868508,0.00695140638346593,0.00794446443824677,
0.00893752249302762,0.00993058054780847,0.0109236386025893,0.0119166966573702,
0.012909754712151,0.0139028127669319,0.0148958708217127,0.0158889288764935,
0.0168819869312744,0.0178750449860552,0.0188681030408361),.UNSPECIFIED.);
#1406=B_SPLINE_CURVE_WITH_KNOTS('',3,(#4261,#4262,#4263,#4264,#4265,#4266,
#4267,#4268,#4269,#4270,#4271,#4272,#4273,#4274,#4275,#4276,#4277,#4278,
#4279),.UNSPECIFIED.,.T.,.F.,(1,1,1,1,1,1,1,1,1,1,1,1,1,1,1,1,1,1,1,1,1,
1,1),(-0.00297957475550399,-0.00198638317033599,-0.000993191585167993,7.46295941952476E-18,
0.000993191585168007,0.00198638317033601,0.00297957475550401,0.00397276634067201,
0.00496595792584001,0.005959149511008,0.006952341096176,0.007945532681344,
0.008938724266512,0.00993191585168,0.010925107436848,0.011918299022016,
0.012911490607184,0.013904682192352,0.01489787377752,0.015891065362688,
0.016884256947856,0.017877448533024,0.018870640118192),.UNSPECIFIED.);
#1407=B_SPLINE_CURVE_WITH_KNOTS('',3,(#4281,#4282,#4283,#4284,#4285,#4286,
#4287,#4288,#4289,#4290,#4291,#4292,#4293,#4294,#4295,#4296,#4297,#4298,
#4299),.UNSPECIFIED.,.T.,.F.,(1,1,1,1,1,1,1,1,1,1,1,1,1,1,1,1,1,1,1,1,1,
1,1),(-0.00297917416434256,-0.0019861161095617,-0.000993058054780852,0.,
0.000993058054780853,0.00198611610956171,0.00297917416434256,0.00397223221912341,
0.00496529027390426,0.00595834832868512,0.00695140638346597,0.00794446443824682,
0.00893752249302767,0.00993058054780853,0.0109236386025894,0.0119166966573702,
0.0129097547121511,0.0139028127669319,0.0148958708217128,0.0158889288764936,
0.0168819869312745,0.0178750449860553,0.0188681030408362),.UNSPECIFIED.);
#1408=B_SPLINE_CURVE_WITH_KNOTS('',3,(#4301,#4302,#4303,#4304,#4305,#4306,
#4307,#4308,#4309,#4310,#4311,#4312,#4313,#4314,#4315,#4316,#4317,#4318,
#4319),.UNSPECIFIED.,.T.,.F.,(1,1,1,1,1,1,1,1,1,1,1,1,1,1,1,1,1,1,1,1,1,
1,1),(-0.00297957475550399,-0.00198638317033599,-0.000993191585167993,7.34653986975468E-18,
0.000993191585168008,0.00198638317033601,0.00297957475550401,0.00397276634067201,
0.00496595792584001,0.00595914951100801,0.00695234109617601,0.00794553268134401,
0.00893872426651201,0.00993191585168001,0.010925107436848,0.011918299022016,
0.012911490607184,0.013904682192352,0.01489787377752,0.015891065362688,
0.016884256947856,0.017877448533024,0.018870640118192),.UNSPECIFIED.);
#1409=B_SPLINE_CURVE_WITH_KNOTS('',3,(#4321,#4322,#4323,#4324,#4325,#4326,
#4327,#4328,#4329,#4330,#4331,#4332,#4333,#4334,#4335,#4336,#4337,#4338,
#4339),.UNSPECIFIED.,.T.,.F.,(1,1,1,1,1,1,1,1,1,1,1,1,1,1,1,1,1,1,1,1,1,
1,1),(-0.00297917416434259,-0.00198611610956173,-0.000993058054780864,0.,
0.000993058054780864,0.00198611610956173,0.00297917416434259,0.00397223221912345,
0.00496529027390432,0.00595834832868518,0.00695140638346605,0.00794446443824691,
0.00893752249302777,0.00993058054780864,0.0109236386025895,0.0119166966573704,
0.0129097547121512,0.0139028127669321,0.014895870821713,0.0158889288764938,
0.0168819869312747,0.0178750449860555,0.0188681030408364),.UNSPECIFIED.);
#1410=B_SPLINE_CURVE_WITH_KNOTS('',3,(#4341,#4342,#4343,#4344,#4345,#4346,
#4347,#4348,#4349,#4350,#4351,#4352,#4353,#4354,#4355,#4356,#4357,#4358,
#4359),.UNSPECIFIED.,.T.,.F.,(1,1,1,1,1,1,1,1,1,1,1,1,1,1,1,1,1,1,1,1,1,
1,1),(-0.00297957475550397,-0.00198638317033598,-0.000993191585167988,7.46132701221968E-18,
0.000993191585168001,0.00198638317033599,0.00297957475550399,0.00397276634067198,
0.00496595792583998,0.00595914951100797,0.00695234109617596,0.00794553268134396,
0.00893872426651195,0.00993191585167994,0.0109251074368479,0.0119182990220159,
0.0129114906071839,0.0139046821923519,0.0148978737775199,0.0158910653626879,
0.0168842569478559,0.0178774485330239,0.0188706401181919),.UNSPECIFIED.);
#1411=B_SPLINE_CURVE_WITH_KNOTS('',3,(#4361,#4362,#4363,#4364,#4365,#4366,
#4367,#4368,#4369,#4370,#4371,#4372,#4373,#4374,#4375,#4376,#4377,#4378,
#4379),.UNSPECIFIED.,.T.,.F.,(1,1,1,1,1,1,1,1,1,1,1,1,1,1,1,1,1,1,1,1,1,
1,1),(-0.00297917416434259,-0.00198611610956173,-0.000993058054780865,0.,
0.000993058054780865,0.00198611610956173,0.00297917416434259,0.00397223221912346,
0.00496529027390432,0.00595834832868519,0.00695140638346605,0.00794446443824692,
0.00893752249302778,0.00993058054780865,0.0109236386025895,0.0119166966573704,
0.0129097547121512,0.0139028127669321,0.014895870821713,0.0158889288764938,
0.0168819869312747,0.0178750449860556,0.0188681030408364),.UNSPECIFIED.);
#1412=B_SPLINE_CURVE_WITH_KNOTS('',3,(#4381,#4382,#4383,#4384,#4385,#4386,
#4387,#4388,#4389,#4390,#4391,#4392,#4393,#4394,#4395,#4396,#4397,#4398,
#4399),.UNSPECIFIED.,.T.,.F.,(1,1,1,1,1,1,1,1,1,1,1,1,1,1,1,1,1,1,1,1,1,
1,1),(-0.00297957475550395,-0.00198638317033597,-0.000993191585167981,7.95387670614719E-18,
0.000993191585167995,0.00198638317033598,0.00297957475550397,0.00397276634067196,
0.00496595792583994,0.00595914951100793,0.00695234109617592,0.0079455326813439,
0.00893872426651189,0.00993191585167988,0.0109251074368479,0.0119182990220159,
0.0129114906071838,0.0139046821923518,0.0148978737775198,0.0158910653626878,
0.0168842569478558,0.0178774485330238,0.0188706401181918),.UNSPECIFIED.);
#1413=B_SPLINE_CURVE_WITH_KNOTS('',3,(#4401,#4402,#4403,#4404,#4405,#4406,
#4407,#4408,#4409,#4410,#4411,#4412,#4413,#4414,#4415,#4416,#4417,#4418,
#4419),.UNSPECIFIED.,.T.,.F.,(1,1,1,1,1,1,1,1,1,1,1,1,1,1,1,1,1,1,1,1,1,
1,1),(-0.00297917416434263,-0.00198611610956175,-0.000993058054780876,0.,
0.000993058054780876,0.00198611610956175,0.00297917416434263,0.0039722322191235,
0.00496529027390438,0.00595834832868525,0.00695140638346613,0.007944464438247,
0.00893752249302788,0.00993058054780875,0.0109236386025896,0.0119166966573705,
0.0129097547121514,0.0139028127669323,0.0148958708217131,0.015888928876494,
0.0168819869312749,0.0178750449860558,0.0188681030408366),.UNSPECIFIED.);
#1414=B_SPLINE_CURVE_WITH_KNOTS('',3,(#4421,#4422,#4423,#4424,#4425,#4426,
#4427,#4428,#4429,#4430,#4431,#4432,#4433,#4434,#4435,#4436,#4437,#4438,
#4439),.UNSPECIFIED.,.T.,.F.,(1,1,1,1,1,1,1,1,1,1,1,1,1,1,1,1,1,1,1,1,1,
1,1),(-0.00297957475550394,-0.00198638317033596,-0.000993191585167974,1.05079059624038E-17,
0.000993191585167994,0.00198638317033598,0.00297957475550396,0.00397276634067194,
0.00496595792583993,0.00595914951100791,0.0069523410961759,0.00794553268134388,
0.00893872426651186,0.00993191585167985,0.0109251074368478,0.0119182990220158,
0.0129114906071838,0.0139046821923518,0.0148978737775198,0.0158910653626877,
0.0168842569478557,0.0178774485330237,0.0188706401181917),.UNSPECIFIED.);
#1415=B_SPLINE_CURVE_WITH_KNOTS('',3,(#4441,#4442,#4443,#4444,#4445,#4446,
#4447,#4448,#4449,#4450,#4451,#4452,#4453,#4454,#4455,#4456,#4457,#4458,
#4459),.UNSPECIFIED.,.T.,.F.,(1,1,1,1,1,1,1,1,1,1,1,1,1,1,1,1,1,1,1,1,1,
1,1),(-0.0029791741643426,-0.00198611610956173,-0.000993058054780865,0.,
0.000993058054780866,0.00198611610956173,0.0029791741643426,0.00397223221912346,
0.00496529027390433,0.00595834832868519,0.00695140638346606,0.00794446443824693,
0.00893752249302779,0.00993058054780866,0.0109236386025895,0.0119166966573704,
0.0129097547121513,0.0139028127669321,0.014895870821713,0.0158889288764939,
0.0168819869312747,0.0178750449860556,0.0188681030408364),.UNSPECIFIED.);
#1416=B_SPLINE_CURVE_WITH_KNOTS('',3,(#4461,#4462,#4463,#4464,#4465,#4466,
#4467,#4468,#4469,#4470,#4471,#4472,#4473,#4474,#4475,#4476,#4477,#4478,
#4479),.UNSPECIFIED.,.T.,.F.,(1,1,1,1,1,1,1,1,1,1,1,1,1,1,1,1,1,1,1,1,1,
1,1),(-0.00297957475550394,-0.00198638317033595,-0.000993191585167971,9.38025306096372E-18,
0.000993191585167992,0.00198638317033597,0.00297957475550396,0.00397276634067194,
0.00496595792583992,0.0059591495110079,0.00695234109617588,0.00794553268134387,
0.00893872426651185,0.00993191585167983,0.0109251074368478,0.0119182990220158,
0.0129114906071838,0.0139046821923518,0.0148978737775197,0.0158910653626877,
0.0168842569478557,0.0178774485330237,0.0188706401181917),.UNSPECIFIED.);
#1417=B_SPLINE_CURVE_WITH_KNOTS('',3,(#4481,#4482,#4483,#4484,#4485,#4486,
#4487,#4488,#4489,#4490,#4491,#4492,#4493,#4494,#4495,#4496,#4497,#4498,
#4499),.UNSPECIFIED.,.T.,.F.,(1,1,1,1,1,1,1,1,1,1,1,1,1,1,1,1,1,1,1,1,1,
1,1),(-0.00297917416434258,-0.00198611610956172,-0.000993058054780858,0.,
0.000993058054780859,0.00198611610956172,0.00297917416434258,0.00397223221912344,
0.0049652902739043,0.00595834832868515,0.00695140638346601,0.00794446443824687,
0.00893752249302773,0.00993058054780859,0.0109236386025894,0.0119166966573703,
0.0129097547121512,0.013902812766932,0.0148958708217129,0.0158889288764937,
0.0168819869312746,0.0178750449860555,0.0188681030408363),.UNSPECIFIED.);
#1418=B_SPLINE_CURVE_WITH_KNOTS('',3,(#4501,#4502,#4503,#4504,#4505,#4506,
#4507,#4508,#4509,#4510,#4511,#4512,#4513,#4514,#4515,#4516,#4517,#4518,
#4519),.UNSPECIFIED.,.T.,.F.,(1,1,1,1,1,1,1,1,1,1,1,1,1,1,1,1,1,1,1,1,1,
1,1),(-0.00297957475550395,-0.00198638317033596,-0.000993191585167976,9.29111267787258E-18,
0.000993191585167995,0.00198638317033598,0.00297957475550397,0.00397276634067195,
0.00496595792583994,0.00595914951100792,0.00695234109617591,0.0079455326813439,
0.00893872426651188,0.00993191585167987,0.0109251074368479,0.0119182990220158,
0.0129114906071838,0.0139046821923518,0.0148978737775198,0.0158910653626878,
0.0168842569478558,0.0178774485330238,0.0188706401181917),.UNSPECIFIED.);
#1419=B_SPLINE_CURVE_WITH_KNOTS('',3,(#4521,#4522,#4523,#4524,#4525,#4526,
#4527,#4528,#4529,#4530,#4531,#4532,#4533,#4534,#4535,#4536,#4537,#4538,
#4539),.UNSPECIFIED.,.T.,.F.,(1,1,1,1,1,1,1,1,1,1,1,1,1,1,1,1,1,1,1,1,1,
1,1),(-0.00297917416434259,-0.00198611610956172,-0.000993058054780862,0.,
0.000993058054780862,0.00198611610956172,0.00297917416434259,0.00397223221912345,
0.00496529027390431,0.00595834832868517,0.00695140638346604,0.0079444644382469,
0.00893752249302776,0.00993058054780862,0.0109236386025895,0.0119166966573703,
0.0129097547121512,0.0139028127669321,0.0148958708217129,0.0158889288764938,
0.0168819869312747,0.0178750449860555,0.0188681030408364),.UNSPECIFIED.);
#1420=EDGE_LOOP('',(#342));
#1421=EDGE_LOOP('',(#343));
#1422=EDGE_LOOP('',(#344));
#1423=EDGE_LOOP('',(#345));
#1424=EDGE_LOOP('',(#346));
#1425=EDGE_LOOP('',(#347));
#1426=EDGE_LOOP('',(#348));
#1427=EDGE_LOOP('',(#349));
#1428=EDGE_LOOP('',(#350));
#1429=EDGE_LOOP('',(#351));
#1430=EDGE_LOOP('',(#352));
#1431=EDGE_LOOP('',(#353));
#1432=EDGE_LOOP('',(#354));
#1433=EDGE_LOOP('',(#355));
#1434=EDGE_LOOP('',(#356));
#1435=EDGE_LOOP('',(#357));
#1436=EDGE_LOOP('',(#358));
#1437=EDGE_LOOP('',(#359));
#1438=EDGE_LOOP('',(#360));
#1439=EDGE_LOOP('',(#361));
#1440=EDGE_LOOP('',(#362));
#1441=EDGE_LOOP('',(#363));
#1442=EDGE_LOOP('',(#364));
#1443=EDGE_LOOP('',(#365));
#1444=EDGE_LOOP('',(#366));
#1445=EDGE_LOOP('',(#367));
#1446=EDGE_LOOP('',(#368));
#1447=EDGE_LOOP('',(#369));
#1448=EDGE_LOOP('',(#370));
#1449=EDGE_LOOP('',(#371));
#1450=EDGE_LOOP('',(#372));
#1451=EDGE_LOOP('',(#373));
#1452=EDGE_LOOP('',(#374));
#1453=EDGE_LOOP('',(#375));
#1454=EDGE_LOOP('',(#376));
#1455=EDGE_LOOP('',(#377));
#1456=EDGE_LOOP('',(#378));
#1457=EDGE_LOOP('',(#379));
#1458=EDGE_LOOP('',(#380));
#1459=EDGE_LOOP('',(#381));
#1460=EDGE_LOOP('',(#382));
#1461=EDGE_LOOP('',(#383));
#1462=EDGE_LOOP('',(#384));
#1463=EDGE_LOOP('',(#385));
#1464=EDGE_LOOP('',(#386));
#1465=EDGE_LOOP('',(#387));
#1466=EDGE_LOOP('',(#388));
#1467=EDGE_LOOP('',(#389));
#1468=EDGE_LOOP('',(#390));
#1469=EDGE_LOOP('',(#391,#392,#393,#394,#395,#396,#397,#398,#399,#400,#401,
#402,#403,#404,#405,#406,#407,#408,#409,#410,#411,#412,#413,#414,#415,#416,
#417,#418,#419,#420,#421,#422));
#1470=EDGE_LOOP('',(#423,#424,#425,#426));
#1471=EDGE_LOOP('',(#427,#428,#429,#430));
#1472=EDGE_LOOP('',(#431,#432,#433,#434));
#1473=EDGE_LOOP('',(#435,#436,#437,#438));
#1474=EDGE_LOOP('',(#439,#440,#441,#442));
#1475=EDGE_LOOP('',(#443,#444,#445,#446));
#1476=EDGE_LOOP('',(#447,#448,#449,#450));
#1477=EDGE_LOOP('',(#451,#452,#453,#454));
#1478=EDGE_LOOP('',(#455));
#1479=EDGE_LOOP('',(#456,#457));
#1480=EDGE_LOOP('',(#458));
#1481=EDGE_LOOP('',(#459,#460));
#1482=EDGE_LOOP('',(#461));
#1483=EDGE_LOOP('',(#462,#463));
#1484=EDGE_LOOP('',(#464));
#1485=EDGE_LOOP('',(#465,#466));
#1486=EDGE_LOOP('',(#467));
#1487=EDGE_LOOP('',(#468,#469,#470,#471,#472,#473));
#1488=EDGE_LOOP('',(#474,#475,#476,#477));
#1489=EDGE_LOOP('',(#478,#479,#480,#481));
#1490=EDGE_LOOP('',(#482,#483,#484,#485));
#1491=EDGE_LOOP('',(#486,#487,#488,#489));
#1492=EDGE_LOOP('',(#490,#491,#492,#493));
#1493=EDGE_LOOP('',(#494,#495,#496,#497));
#1494=EDGE_LOOP('',(#498,#499,#500,#501));
#1495=EDGE_LOOP('',(#502));
#1496=EDGE_LOOP('',(#503));
#1497=EDGE_LOOP('',(#504));
#1498=EDGE_LOOP('',(#505));
#1499=EDGE_LOOP('',(#506));
#1500=EDGE_LOOP('',(#507));
#1501=EDGE_LOOP('',(#508));
#1502=EDGE_LOOP('',(#509));
#1503=EDGE_LOOP('',(#510,#511,#512,#513));
#1504=EDGE_LOOP('',(#514,#515,#516,#517,#518,#519,#520,#521,#522,#523,#524,
#525,#526,#527,#528,#529,#530,#531,#532,#533,#534,#535,#536,#537,#538,#539,
#540,#541,#542,#543,#544,#545));
#1505=EDGE_LOOP('',(#546));
#1506=EDGE_LOOP('',(#547));
#1507=EDGE_LOOP('',(#548));
#1508=EDGE_LOOP('',(#549));
#1509=EDGE_LOOP('',(#550,#551,#552,#553,#554,#555,#556,#557));
#1510=EDGE_LOOP('',(#558));
#1511=EDGE_LOOP('',(#559));
#1512=EDGE_LOOP('',(#560));
#1513=EDGE_LOOP('',(#561));
#1514=EDGE_LOOP('',(#562));
#1515=EDGE_LOOP('',(#563,#564,#565,#566,#567,#568,#569,#570));
#1516=EDGE_LOOP('',(#571));
#1517=EDGE_LOOP('',(#572));
#1518=EDGE_LOOP('',(#573));
#1519=EDGE_LOOP('',(#574,#575,#576,#577));
#1520=EDGE_LOOP('',(#578));
#1521=EDGE_LOOP('',(#579));
#1522=EDGE_LOOP('',(#580));
#1523=EDGE_LOOP('',(#581,#582,#583,#584));
#1524=EDGE_LOOP('',(#585));
#1525=EDGE_LOOP('',(#586));
#1526=EDGE_LOOP('',(#587,#588,#589,#590));
#1527=EDGE_LOOP('',(#591));
#1528=EDGE_LOOP('',(#592));
#1529=EDGE_LOOP('',(#593));
#1530=EDGE_LOOP('',(#594,#595,#596,#597));
#1531=EDGE_LOOP('',(#598));
#1532=EDGE_LOOP('',(#599));
#1533=EDGE_LOOP('',(#600));
#1534=EDGE_LOOP('',(#601));
#1535=EDGE_LOOP('',(#602,#603,#604,#605));
#1536=EDGE_LOOP('',(#606));
#1537=EDGE_LOOP('',(#607));
#1538=EDGE_LOOP('',(#608,#609,#610,#611));
#1539=EDGE_LOOP('',(#612));
#1540=EDGE_LOOP('',(#613));
#1541=EDGE_LOOP('',(#614));
#1542=EDGE_LOOP('',(#615));
#1543=EDGE_LOOP('',(#616,#617,#618,#619));
#1544=EDGE_LOOP('',(#620));
#1545=EDGE_LOOP('',(#621));
#1546=EDGE_LOOP('',(#622,#623,#624,#625));
#1547=EDGE_LOOP('',(#626));
#1548=EDGE_LOOP('',(#627));
#1549=EDGE_LOOP('',(#628));
#1550=EDGE_LOOP('',(#629));
#1551=EDGE_LOOP('',(#630));
#1552=EDGE_LOOP('',(#631));
#1553=EDGE_LOOP('',(#632));
#1554=EDGE_LOOP('',(#633));
#1555=EDGE_LOOP('',(#634));
#1556=EDGE_LOOP('',(#635));
#1557=EDGE_LOOP('',(#636));
#1558=EDGE_LOOP('',(#637));
#1559=EDGE_LOOP('',(#638,#639,#640,#641));
#1560=EDGE_LOOP('',(#642,#643,#644,#645));
#1561=EDGE_LOOP('',(#646,#647,#648,#649));
#1562=EDGE_LOOP('',(#650,#651,#652,#653));
#1563=EDGE_LOOP('',(#654,#655,#656,#657));
#1564=EDGE_LOOP('',(#658,#659,#660,#661));
#1565=EDGE_LOOP('',(#662,#663,#664,#665,#666,#667));
#1566=EDGE_LOOP('',(#668));
#1567=EDGE_LOOP('',(#669));
#1568=EDGE_LOOP('',(#670));
#1569=EDGE_LOOP('',(#671));
#1570=EDGE_LOOP('',(#672));
#1571=EDGE_LOOP('',(#673));
#1572=EDGE_LOOP('',(#674));
#1573=EDGE_LOOP('',(#675));
#1574=EDGE_LOOP('',(#676));
#1575=EDGE_LOOP('',(#677));
#1576=EDGE_LOOP('',(#678));
#1577=EDGE_LOOP('',(#679));
#1578=EDGE_LOOP('',(#680));
#1579=EDGE_LOOP('',(#681));
#1580=EDGE_LOOP('',(#682));
#1581=EDGE_LOOP('',(#683));
#1582=EDGE_LOOP('',(#684));
#1583=EDGE_LOOP('',(#685));
#1584=EDGE_LOOP('',(#686));
#1585=EDGE_LOOP('',(#687));
#1586=EDGE_LOOP('',(#688));
#1587=EDGE_LOOP('',(#689));
#1588=EDGE_LOOP('',(#690));
#1589=EDGE_LOOP('',(#691));
#1590=EDGE_LOOP('',(#692));
#1591=EDGE_LOOP('',(#693));
#1592=EDGE_LOOP('',(#694));
#1593=EDGE_LOOP('',(#695));
#1594=EDGE_LOOP('',(#696));
#1595=EDGE_LOOP('',(#697));
#1596=EDGE_LOOP('',(#698));
#1597=EDGE_LOOP('',(#699));
#1598=EDGE_LOOP('',(#700,#701));
#1599=EDGE_LOOP('',(#702));
#1600=EDGE_LOOP('',(#703,#704));
#1601=EDGE_LOOP('',(#705));
#1602=EDGE_LOOP('',(#706,#707));
#1603=EDGE_LOOP('',(#708));
#1604=EDGE_LOOP('',(#709,#710));
#1605=EDGE_LOOP('',(#711));
#1606=EDGE_LOOP('',(#712));
#1607=EDGE_LOOP('',(#713));
#1608=EDGE_LOOP('',(#714));
#1609=EDGE_LOOP('',(#715));
#1610=EDGE_LOOP('',(#716));
#1611=EDGE_LOOP('',(#717));
#1612=EDGE_LOOP('',(#718));
#1613=EDGE_LOOP('',(#719));
#1614=EDGE_LOOP('',(#720));
#1615=EDGE_LOOP('',(#721));
#1616=EDGE_LOOP('',(#722));
#1617=EDGE_LOOP('',(#723));
#1618=EDGE_LOOP('',(#724));
#1619=EDGE_LOOP('',(#725));
#1620=EDGE_LOOP('',(#726));
#1621=EDGE_LOOP('',(#727));
#1622=EDGE_LOOP('',(#728));
#1623=EDGE_LOOP('',(#729));
#1624=EDGE_LOOP('',(#730));
#1625=EDGE_LOOP('',(#731));
#1626=EDGE_LOOP('',(#732));
#1627=EDGE_LOOP('',(#733));
#1628=EDGE_LOOP('',(#734));
#1629=EDGE_LOOP('',(#735));
#1630=EDGE_LOOP('',(#736));
#1631=EDGE_LOOP('',(#737));
#1632=EDGE_LOOP('',(#738));
#1633=EDGE_LOOP('',(#739));
#1634=EDGE_LOOP('',(#740));
#1635=EDGE_LOOP('',(#741));
#1636=EDGE_LOOP('',(#742));
#1637=EDGE_LOOP('',(#743));
#1638=EDGE_LOOP('',(#744));
#1639=EDGE_LOOP('',(#745));
#1640=EDGE_LOOP('',(#746));
#1641=EDGE_LOOP('',(#747));
#1642=EDGE_LOOP('',(#748));
#1643=EDGE_LOOP('',(#749));
#1644=EDGE_LOOP('',(#750));
#1645=EDGE_LOOP('',(#751));
#1646=EDGE_LOOP('',(#752));
#1647=EDGE_LOOP('',(#753));
#1648=EDGE_LOOP('',(#754));
#1649=EDGE_LOOP('',(#755));
#1650=EDGE_LOOP('',(#756));
#1651=EDGE_LOOP('',(#757));
#1652=EDGE_LOOP('',(#758));
#1653=EDGE_LOOP('',(#759));
#1654=EDGE_LOOP('',(#760));
#1655=EDGE_LOOP('',(#761));
#1656=EDGE_LOOP('',(#762));
#1657=EDGE_LOOP('',(#763));
#1658=EDGE_LOOP('',(#764));
#1659=EDGE_LOOP('',(#765));
#1660=EDGE_LOOP('',(#766));
#1661=EDGE_LOOP('',(#767));
#1662=EDGE_LOOP('',(#768));
#1663=EDGE_LOOP('',(#769));
#1664=EDGE_LOOP('',(#770));
#1665=EDGE_LOOP('',(#771));
#1666=EDGE_LOOP('',(#772));
#1667=EDGE_LOOP('',(#773));
#1668=EDGE_LOOP('',(#774));
#1669=EDGE_LOOP('',(#775));
#1670=EDGE_LOOP('',(#776));
#1671=EDGE_LOOP('',(#777));
#1672=EDGE_LOOP('',(#778));
#1673=EDGE_LOOP('',(#779));
#1674=EDGE_LOOP('',(#780,#781));
#1675=EDGE_LOOP('',(#782));
#1676=EDGE_LOOP('',(#783,#784));
#1677=EDGE_LOOP('',(#785));
#1678=EDGE_LOOP('',(#786,#787));
#1679=EDGE_LOOP('',(#788));
#1680=EDGE_LOOP('',(#789,#790));
#1681=EDGE_LOOP('',(#791));
#1682=EDGE_LOOP('',(#792,#793));
#1683=EDGE_LOOP('',(#794));
#1684=EDGE_LOOP('',(#795,#796));
#1685=EDGE_LOOP('',(#797));
#1686=EDGE_LOOP('',(#798,#799));
#1687=EDGE_LOOP('',(#800));
#1688=EDGE_LOOP('',(#801,#802));
#1689=EDGE_LOOP('',(#803));
#1690=EDGE_LOOP('',(#804,#805,#806,#807));
#1691=EDGE_LOOP('',(#808,#809,#810,#811));
#1692=EDGE_LOOP('',(#812,#813,#814,#815));
#1693=EDGE_LOOP('',(#816,#817,#818,#819));
#1694=EDGE_LOOP('',(#820,#821,#822,#823));
#1695=EDGE_LOOP('',(#824,#825,#826,#827));
#1696=EDGE_LOOP('',(#828,#829,#830,#831));
#1697=EDGE_LOOP('',(#832,#833,#834,#835));
#1698=EDGE_LOOP('',(#836,#837,#838,#839));
#1699=EDGE_LOOP('',(#840,#841,#842,#843));
#1700=EDGE_LOOP('',(#844,#845,#846,#847));
#1701=EDGE_LOOP('',(#848,#849,#850,#851));
#1702=EDGE_LOOP('',(#852,#853,#854,#855));
#1703=EDGE_LOOP('',(#856,#857,#858,#859));
#1704=EDGE_LOOP('',(#860,#861,#862,#863));
#1705=EDGE_LOOP('',(#864,#865,#866,#867));
#1706=FACE_BOUND('',#1420,.T.);
#1707=FACE_BOUND('',#1421,.T.);
#1708=FACE_BOUND('',#1422,.T.);
#1709=FACE_BOUND('',#1423,.T.);
#1710=FACE_BOUND('',#1424,.T.);
#1711=FACE_BOUND('',#1425,.T.);
#1712=FACE_BOUND('',#1426,.T.);
#1713=FACE_BOUND('',#1427,.T.);
#1714=FACE_BOUND('',#1428,.T.);
#1715=FACE_BOUND('',#1429,.T.);
#1716=FACE_BOUND('',#1430,.T.);
#1717=FACE_BOUND('',#1431,.T.);
#1718=FACE_BOUND('',#1432,.T.);
#1719=FACE_BOUND('',#1433,.T.);
#1720=FACE_BOUND('',#1434,.T.);
#1721=FACE_BOUND('',#1435,.T.);
#1722=FACE_BOUND('',#1436,.T.);
#1723=FACE_BOUND('',#1437,.T.);
#1724=FACE_BOUND('',#1438,.T.);
#1725=FACE_BOUND('',#1439,.T.);
#1726=FACE_BOUND('',#1440,.T.);
#1727=FACE_BOUND('',#1441,.T.);
#1728=FACE_BOUND('',#1442,.T.);
#1729=FACE_BOUND('',#1443,.T.);
#1730=FACE_BOUND('',#1444,.T.);
#1731=FACE_BOUND('',#1445,.T.);
#1732=FACE_BOUND('',#1446,.T.);
#1733=FACE_BOUND('',#1447,.T.);
#1734=FACE_BOUND('',#1448,.T.);
#1735=FACE_BOUND('',#1449,.T.);
#1736=FACE_BOUND('',#1450,.T.);
#1737=FACE_BOUND('',#1451,.T.);
#1738=FACE_BOUND('',#1452,.T.);
#1739=FACE_BOUND('',#1453,.T.);
#1740=FACE_BOUND('',#1454,.T.);
#1741=FACE_BOUND('',#1455,.T.);
#1742=FACE_BOUND('',#1456,.T.);
#1743=FACE_BOUND('',#1457,.T.);
#1744=FACE_BOUND('',#1458,.T.);
#1745=FACE_BOUND('',#1459,.T.);
#1746=FACE_BOUND('',#1460,.T.);
#1747=FACE_BOUND('',#1461,.T.);
#1748=FACE_BOUND('',#1462,.T.);
#1749=FACE_BOUND('',#1463,.T.);
#1750=FACE_BOUND('',#1464,.T.);
#1751=FACE_BOUND('',#1465,.T.);
#1752=FACE_BOUND('',#1466,.T.);
#1753=FACE_BOUND('',#1467,.T.);
#1754=FACE_BOUND('',#1468,.T.);
#1755=FACE_BOUND('',#1469,.T.);
#1756=FACE_BOUND('',#1470,.T.);
#1757=FACE_BOUND('',#1471,.T.);
#1758=FACE_BOUND('',#1472,.T.);
#1759=FACE_BOUND('',#1473,.T.);
#1760=FACE_BOUND('',#1474,.T.);
#1761=FACE_BOUND('',#1475,.T.);
#1762=FACE_BOUND('',#1476,.T.);
#1763=FACE_BOUND('',#1477,.T.);
#1764=FACE_BOUND('',#1478,.T.);
#1765=FACE_BOUND('',#1479,.T.);
#1766=FACE_BOUND('',#1480,.T.);
#1767=FACE_BOUND('',#1481,.T.);
#1768=FACE_BOUND('',#1482,.T.);
#1769=FACE_BOUND('',#1483,.T.);
#1770=FACE_BOUND('',#1484,.T.);
#1771=FACE_BOUND('',#1485,.T.);
#1772=FACE_BOUND('',#1486,.T.);
#1773=FACE_BOUND('',#1487,.T.);
#1774=FACE_BOUND('',#1488,.T.);
#1775=FACE_BOUND('',#1489,.T.);
#1776=FACE_BOUND('',#1490,.T.);
#1777=FACE_BOUND('',#1491,.T.);
#1778=FACE_BOUND('',#1492,.T.);
#1779=FACE_BOUND('',#1493,.T.);
#1780=FACE_BOUND('',#1494,.T.);
#1781=FACE_BOUND('',#1495,.T.);
#1782=FACE_BOUND('',#1496,.T.);
#1783=FACE_BOUND('',#1497,.T.);
#1784=FACE_BOUND('',#1498,.T.);
#1785=FACE_BOUND('',#1499,.T.);
#1786=FACE_BOUND('',#1500,.T.);
#1787=FACE_BOUND('',#1501,.T.);
#1788=FACE_BOUND('',#1502,.T.);
#1789=FACE_BOUND('',#1503,.T.);
#1790=FACE_BOUND('',#1504,.T.);
#1791=FACE_BOUND('',#1505,.T.);
#1792=FACE_BOUND('',#1506,.T.);
#1793=FACE_BOUND('',#1507,.T.);
#1794=FACE_BOUND('',#1508,.T.);
#1795=FACE_BOUND('',#1509,.T.);
#1796=FACE_BOUND('',#1510,.T.);
#1797=FACE_BOUND('',#1511,.T.);
#1798=FACE_BOUND('',#1512,.T.);
#1799=FACE_BOUND('',#1513,.T.);
#1800=FACE_BOUND('',#1514,.T.);
#1801=FACE_BOUND('',#1515,.T.);
#1802=FACE_BOUND('',#1516,.T.);
#1803=FACE_BOUND('',#1517,.T.);
#1804=FACE_BOUND('',#1518,.T.);
#1805=FACE_BOUND('',#1519,.T.);
#1806=FACE_BOUND('',#1520,.T.);
#1807=FACE_BOUND('',#1521,.T.);
#1808=FACE_BOUND('',#1522,.T.);
#1809=FACE_BOUND('',#1523,.T.);
#1810=FACE_BOUND('',#1524,.T.);
#1811=FACE_BOUND('',#1525,.T.);
#1812=FACE_BOUND('',#1526,.T.);
#1813=FACE_BOUND('',#1527,.T.);
#1814=FACE_BOUND('',#1528,.T.);
#1815=FACE_BOUND('',#1529,.T.);
#1816=FACE_BOUND('',#1530,.T.);
#1817=FACE_BOUND('',#1531,.T.);
#1818=FACE_BOUND('',#1532,.T.);
#1819=FACE_BOUND('',#1533,.T.);
#1820=FACE_BOUND('',#1534,.T.);
#1821=FACE_BOUND('',#1535,.T.);
#1822=FACE_BOUND('',#1536,.T.);
#1823=FACE_BOUND('',#1537,.T.);
#1824=FACE_BOUND('',#1538,.T.);
#1825=FACE_BOUND('',#1539,.T.);
#1826=FACE_BOUND('',#1540,.T.);
#1827=FACE_BOUND('',#1541,.T.);
#1828=FACE_BOUND('',#1542,.T.);
#1829=FACE_BOUND('',#1543,.T.);
#1830=FACE_BOUND('',#1544,.T.);
#1831=FACE_BOUND('',#1545,.T.);
#1832=FACE_BOUND('',#1546,.T.);
#1833=FACE_BOUND('',#1547,.T.);
#1834=FACE_BOUND('',#1548,.T.);
#1835=FACE_BOUND('',#1549,.T.);
#1836=FACE_BOUND('',#1550,.T.);
#1837=FACE_BOUND('',#1551,.T.);
#1838=FACE_BOUND('',#1552,.T.);
#1839=FACE_BOUND('',#1553,.T.);
#1840=FACE_BOUND('',#1554,.T.);
#1841=FACE_BOUND('',#1555,.T.);
#1842=FACE_BOUND('',#1556,.T.);
#1843=FACE_BOUND('',#1557,.T.);
#1844=FACE_BOUND('',#1558,.T.);
#1845=FACE_BOUND('',#1559,.T.);
#1846=FACE_BOUND('',#1560,.T.);
#1847=FACE_BOUND('',#1561,.T.);
#1848=FACE_BOUND('',#1562,.T.);
#1849=FACE_BOUND('',#1563,.T.);
#1850=FACE_BOUND('',#1564,.T.);
#1851=FACE_BOUND('',#1565,.T.);
#1852=FACE_BOUND('',#1566,.T.);
#1853=FACE_BOUND('',#1567,.T.);
#1854=FACE_BOUND('',#1568,.T.);
#1855=FACE_BOUND('',#1569,.T.);
#1856=FACE_BOUND('',#1570,.T.);
#1857=FACE_BOUND('',#1571,.T.);
#1858=FACE_BOUND('',#1572,.T.);
#1859=FACE_BOUND('',#1573,.T.);
#1860=FACE_BOUND('',#1574,.T.);
#1861=FACE_BOUND('',#1575,.T.);
#1862=FACE_BOUND('',#1576,.T.);
#1863=FACE_BOUND('',#1577,.T.);
#1864=FACE_BOUND('',#1578,.T.);
#1865=FACE_BOUND('',#1579,.T.);
#1866=FACE_BOUND('',#1580,.T.);
#1867=FACE_BOUND('',#1581,.T.);
#1868=FACE_BOUND('',#1582,.T.);
#1869=FACE_BOUND('',#1583,.T.);
#1870=FACE_BOUND('',#1584,.T.);
#1871=FACE_BOUND('',#1585,.T.);
#1872=FACE_BOUND('',#1586,.T.);
#1873=FACE_BOUND('',#1587,.T.);
#1874=FACE_BOUND('',#1588,.T.);
#1875=FACE_BOUND('',#1589,.T.);
#1876=FACE_BOUND('',#1590,.T.);
#1877=FACE_BOUND('',#1591,.T.);
#1878=FACE_BOUND('',#1592,.T.);
#1879=FACE_BOUND('',#1593,.T.);
#1880=FACE_BOUND('',#1594,.T.);
#1881=FACE_BOUND('',#1595,.T.);
#1882=FACE_BOUND('',#1596,.T.);
#1883=FACE_BOUND('',#1597,.T.);
#1884=FACE_BOUND('',#1598,.T.);
#1885=FACE_BOUND('',#1599,.T.);
#1886=FACE_BOUND('',#1600,.T.);
#1887=FACE_BOUND('',#1601,.T.);
#1888=FACE_BOUND('',#1602,.T.);
#1889=FACE_BOUND('',#1603,.T.);
#1890=FACE_BOUND('',#1604,.T.);
#1891=FACE_BOUND('',#1605,.T.);
#1892=FACE_BOUND('',#1606,.T.);
#1893=FACE_BOUND('',#1607,.T.);
#1894=FACE_BOUND('',#1608,.T.);
#1895=FACE_BOUND('',#1609,.T.);
#1896=FACE_BOUND('',#1610,.T.);
#1897=FACE_BOUND('',#1611,.T.);
#1898=FACE_BOUND('',#1612,.T.);
#1899=FACE_BOUND('',#1613,.T.);
#1900=FACE_BOUND('',#1614,.T.);
#1901=FACE_BOUND('',#1615,.T.);
#1902=FACE_BOUND('',#1616,.T.);
#1903=FACE_BOUND('',#1617,.T.);
#1904=FACE_BOUND('',#1618,.T.);
#1905=FACE_BOUND('',#1619,.T.);
#1906=FACE_BOUND('',#1620,.T.);
#1907=FACE_BOUND('',#1621,.T.);
#1908=FACE_BOUND('',#1622,.T.);
#1909=FACE_BOUND('',#1623,.T.);
#1910=FACE_BOUND('',#1624,.T.);
#1911=FACE_BOUND('',#1625,.T.);
#1912=FACE_BOUND('',#1626,.T.);
#1913=FACE_BOUND('',#1627,.T.);
#1914=FACE_BOUND('',#1628,.T.);
#1915=FACE_BOUND('',#1629,.T.);
#1916=FACE_BOUND('',#1630,.T.);
#1917=FACE_BOUND('',#1631,.T.);
#1918=FACE_BOUND('',#1632,.T.);
#1919=FACE_BOUND('',#1633,.T.);
#1920=FACE_BOUND('',#1634,.T.);
#1921=FACE_BOUND('',#1635,.T.);
#1922=FACE_BOUND('',#1636,.T.);
#1923=FACE_BOUND('',#1637,.T.);
#1924=FACE_BOUND('',#1638,.T.);
#1925=FACE_BOUND('',#1639,.T.);
#1926=FACE_BOUND('',#1640,.T.);
#1927=FACE_BOUND('',#1641,.T.);
#1928=FACE_BOUND('',#1642,.T.);
#1929=FACE_BOUND('',#1643,.T.);
#1930=FACE_BOUND('',#1644,.T.);
#1931=FACE_BOUND('',#1645,.T.);
#1932=FACE_BOUND('',#1646,.T.);
#1933=FACE_BOUND('',#1647,.T.);
#1934=FACE_BOUND('',#1648,.T.);
#1935=FACE_BOUND('',#1649,.T.);
#1936=FACE_BOUND('',#1650,.T.);
#1937=FACE_BOUND('',#1651,.T.);
#1938=FACE_BOUND('',#1652,.T.);
#1939=FACE_BOUND('',#1653,.T.);
#1940=FACE_BOUND('',#1654,.T.);
#1941=FACE_BOUND('',#1655,.T.);
#1942=FACE_BOUND('',#1656,.T.);
#1943=FACE_BOUND('',#1657,.T.);
#1944=FACE_BOUND('',#1658,.T.);
#1945=FACE_BOUND('',#1659,.T.);
#1946=FACE_BOUND('',#1660,.T.);
#1947=FACE_BOUND('',#1661,.T.);
#1948=FACE_BOUND('',#1662,.T.);
#1949=FACE_BOUND('',#1663,.T.);
#1950=FACE_BOUND('',#1664,.T.);
#1951=FACE_BOUND('',#1665,.T.);
#1952=FACE_BOUND('',#1666,.T.);
#1953=FACE_BOUND('',#1667,.T.);
#1954=FACE_BOUND('',#1668,.T.);
#1955=FACE_BOUND('',#1669,.T.);
#1956=FACE_BOUND('',#1670,.T.);
#1957=FACE_BOUND('',#1671,.T.);
#1958=FACE_BOUND('',#1672,.T.);
#1959=FACE_BOUND('',#1673,.T.);
#1960=FACE_BOUND('',#1674,.T.);
#1961=FACE_BOUND('',#1675,.T.);
#1962=FACE_BOUND('',#1676,.T.);
#1963=FACE_BOUND('',#1677,.T.);
#1964=FACE_BOUND('',#1678,.T.);
#1965=FACE_BOUND('',#1679,.T.);
#1966=FACE_BOUND('',#1680,.T.);
#1967=FACE_BOUND('',#1681,.T.);
#1968=FACE_BOUND('',#1682,.T.);
#1969=FACE_BOUND('',#1683,.T.);
#1970=FACE_BOUND('',#1684,.T.);
#1971=FACE_BOUND('',#1685,.T.);
#1972=FACE_BOUND('',#1686,.T.);
#1973=FACE_BOUND('',#1687,.T.);
#1974=FACE_BOUND('',#1688,.T.);
#1975=FACE_BOUND('',#1689,.T.);
#1976=FACE_BOUND('',#1690,.T.);
#1977=FACE_BOUND('',#1691,.T.);
#1978=FACE_BOUND('',#1692,.T.);
#1979=FACE_BOUND('',#1693,.T.);
#1980=FACE_BOUND('',#1694,.T.);
#1981=FACE_BOUND('',#1695,.T.);
#1982=FACE_BOUND('',#1696,.T.);
#1983=FACE_BOUND('',#1697,.T.);
#1984=FACE_BOUND('',#1698,.T.);
#1985=FACE_BOUND('',#1699,.T.);
#1986=FACE_BOUND('',#1700,.T.);
#1987=FACE_BOUND('',#1701,.T.);
#1988=FACE_BOUND('',#1702,.T.);
#1989=FACE_BOUND('',#1703,.T.);
#1990=FACE_BOUND('',#1704,.T.);
#1991=FACE_BOUND('',#1705,.T.);
#1992=CYLINDRICAL_SURFACE('',#2204,0.01);
#1993=CYLINDRICAL_SURFACE('',#2222,0.004);
#1994=CYLINDRICAL_SURFACE('',#2225,0.004);
#1995=CYLINDRICAL_SURFACE('',#2228,0.004);
#1996=CYLINDRICAL_SURFACE('',#2231,0.004);
#1997=CYLINDRICAL_SURFACE('',#2234,0.004);
#1998=CYLINDRICAL_SURFACE('',#2237,0.004);
#1999=CYLINDRICAL_SURFACE('',#2240,0.004);
#2000=CYLINDRICAL_SURFACE('',#2243,0.004);
#2001=CYLINDRICAL_SURFACE('',#2246,0.00249999999999995);
#2002=CYLINDRICAL_SURFACE('',#2249,0.0025);
#2003=CYLINDRICAL_SURFACE('',#2252,0.0025);
#2004=CYLINDRICAL_SURFACE('',#2255,0.0025);
#2005=CYLINDRICAL_SURFACE('',#2260,0.008);
#2006=CYLINDRICAL_SURFACE('',#2264,0.008);
#2007=CYLINDRICAL_SURFACE('',#2268,0.008);
#2008=CYLINDRICAL_SURFACE('',#2272,0.002);
#2009=CYLINDRICAL_SURFACE('',#2275,0.002);
#2010=CYLINDRICAL_SURFACE('',#2278,0.002);
#2011=CYLINDRICAL_SURFACE('',#2281,0.002);
#2012=CYLINDRICAL_SURFACE('',#2284,0.008);
#2013=CYLINDRICAL_SURFACE('',#2290,0.001);
#2014=CYLINDRICAL_SURFACE('',#2294,0.001);
#2015=CYLINDRICAL_SURFACE('',#2298,0.001);
#2016=CYLINDRICAL_SURFACE('',#2302,0.001);
#2017=CYLINDRICAL_SURFACE('',#2306,0.001);
#2018=CYLINDRICAL_SURFACE('',#2310,0.001);
#2019=CYLINDRICAL_SURFACE('',#2314,0.001);
#2020=CYLINDRICAL_SURFACE('',#2318,0.001);
#2021=CYLINDRICAL_SURFACE('',#2330,0.001);
#2022=CYLINDRICAL_SURFACE('',#2340,0.0025);
#2023=CYLINDRICAL_SURFACE('',#2341,0.0025);
#2024=CYLINDRICAL_SURFACE('',#2342,0.0025);
#2025=CYLINDRICAL_SURFACE('',#2343,0.0025);
#2026=CYLINDRICAL_SURFACE('',#2344,0.0025);
#2027=CYLINDRICAL_SURFACE('',#2345,0.0025);
#2028=CYLINDRICAL_SURFACE('',#2346,0.0025);
#2029=CYLINDRICAL_SURFACE('',#2347,0.0025);
#2030=CYLINDRICAL_SURFACE('',#2348,0.0025);
#2031=CYLINDRICAL_SURFACE('',#2349,0.0025);
#2032=CYLINDRICAL_SURFACE('',#2350,0.0025);
#2033=CYLINDRICAL_SURFACE('',#2351,0.0025);
#2034=CYLINDRICAL_SURFACE('',#2352,0.0025);
#2035=CYLINDRICAL_SURFACE('',#2353,0.0025);
#2036=CYLINDRICAL_SURFACE('',#2354,0.0025);
#2037=CYLINDRICAL_SURFACE('',#2355,0.0025);
#2038=CYLINDRICAL_SURFACE('',#2356,0.00249999999999995);
#2039=CYLINDRICAL_SURFACE('',#2359,0.0025);
#2040=CYLINDRICAL_SURFACE('',#2362,0.0025);
#2041=CYLINDRICAL_SURFACE('',#2365,0.0025);
#2042=CYLINDRICAL_SURFACE('',#2370,0.005);
#2043=CYLINDRICAL_SURFACE('',#2373,0.0025);
#2044=CYLINDRICAL_SURFACE('',#2374,0.0025);
#2045=CYLINDRICAL_SURFACE('',#2375,0.0025);
#2046=CYLINDRICAL_SURFACE('',#2376,0.0025);
#2047=CYLINDRICAL_SURFACE('',#2377,0.0025);
#2048=CYLINDRICAL_SURFACE('',#2378,0.0025);
#2049=CYLINDRICAL_SURFACE('',#2379,0.0025);
#2050=CYLINDRICAL_SURFACE('',#2380,0.0025);
#2051=CYLINDRICAL_SURFACE('',#2381,0.0025);
#2052=CYLINDRICAL_SURFACE('',#2382,0.0025);
#2053=CYLINDRICAL_SURFACE('',#2383,0.0025);
#2054=CYLINDRICAL_SURFACE('',#2384,0.0025);
#2055=CYLINDRICAL_SURFACE('',#2385,0.0025);
#2056=CYLINDRICAL_SURFACE('',#2386,0.0025);
#2057=CYLINDRICAL_SURFACE('',#2387,0.0025);
#2058=CYLINDRICAL_SURFACE('',#2388,0.0025);
#2059=CYLINDRICAL_SURFACE('',#2389,0.0025);
#2060=CYLINDRICAL_SURFACE('',#2390,0.0025);
#2061=CYLINDRICAL_SURFACE('',#2391,0.0025);
#2062=CYLINDRICAL_SURFACE('',#2392,0.0025);
#2063=CYLINDRICAL_SURFACE('',#2393,0.0025);
#2064=CYLINDRICAL_SURFACE('',#2394,0.0025);
#2065=CYLINDRICAL_SURFACE('',#2395,0.0025);
#2066=CYLINDRICAL_SURFACE('',#2396,0.0025);
#2067=ADVANCED_FACE('',(#1706,#1707,#1708,#1709,#1710,#1711,#1712,#1713,
#1714,#1715,#1716,#1717,#1718,#1719,#1720,#1721,#1722,#1723,#1724,#1725,
#1726,#1727,#1728,#1729,#1730,#1731,#1732,#1733,#1734,#1735,#1736,#1737,
#1738,#1739,#1740,#1741,#1742,#1743,#1744,#1745,#1746,#1747,#1748,#1749,
#1750,#1751,#1752,#1753,#1754,#1755),#1992,.T.);
#2068=ADVANCED_FACE('',(#1756),#1993,.T.);
#2069=ADVANCED_FACE('',(#1757),#1994,.T.);
#2070=ADVANCED_FACE('',(#1758),#1995,.T.);
#2071=ADVANCED_FACE('',(#1759),#1996,.T.);
#2072=ADVANCED_FACE('',(#1760),#1997,.T.);
#2073=ADVANCED_FACE('',(#1761),#1998,.T.);
#2074=ADVANCED_FACE('',(#1762),#1999,.T.);
#2075=ADVANCED_FACE('',(#1763),#2000,.T.);
#2076=ADVANCED_FACE('',(#1764,#1765),#2001,.F.);
#2077=ADVANCED_FACE('',(#1766,#1767),#2002,.F.);
#2078=ADVANCED_FACE('',(#1768,#1769),#2003,.F.);
#2079=ADVANCED_FACE('',(#1770,#1771),#2004,.F.);
#2080=ADVANCED_FACE('',(#1772,#1773),#12,.T.);
#2081=ADVANCED_FACE('',(#1774),#13,.F.);
#2082=ADVANCED_FACE('',(#1775),#2005,.T.);
#2083=ADVANCED_FACE('',(#1776),#14,.T.);
#2084=ADVANCED_FACE('',(#1777),#2006,.T.);
#2085=ADVANCED_FACE('',(#1778),#15,.T.);
#2086=ADVANCED_FACE('',(#1779),#2007,.T.);
#2087=ADVANCED_FACE('',(#1780),#16,.F.);
#2088=ADVANCED_FACE('',(#1781,#1782),#2008,.F.);
#2089=ADVANCED_FACE('',(#1783,#1784),#2009,.F.);
#2090=ADVANCED_FACE('',(#1785,#1786),#2010,.F.);
#2091=ADVANCED_FACE('',(#1787,#1788),#2011,.F.);
#2092=ADVANCED_FACE('',(#1789),#2012,.T.);
#2093=ADVANCED_FACE('',(#1790,#1791,#1792,#1793,#1794,#1795),#17,.T.);
#2094=ADVANCED_FACE('',(#1796,#1797,#1798,#1799,#1800,#1801),#18,.F.);
#2095=ADVANCED_FACE('',(#1802,#1803),#2013,.F.);
#2096=ADVANCED_FACE('',(#1804,#1805),#19,.T.);
#2097=ADVANCED_FACE('',(#1806,#1807),#2014,.F.);
#2098=ADVANCED_FACE('',(#1808,#1809),#20,.T.);
#2099=ADVANCED_FACE('',(#1810,#1811),#2015,.F.);
#2100=ADVANCED_FACE('',(#1812,#1813),#21,.T.);
#2101=ADVANCED_FACE('',(#1814,#1815),#2016,.F.);
#2102=ADVANCED_FACE('',(#1816,#1817),#22,.T.);
#2103=ADVANCED_FACE('',(#1818,#1819),#2017,.F.);
#2104=ADVANCED_FACE('',(#1820,#1821),#23,.T.);
#2105=ADVANCED_FACE('',(#1822,#1823),#2018,.F.);
#2106=ADVANCED_FACE('',(#1824,#1825),#24,.T.);
#2107=ADVANCED_FACE('',(#1826,#1827),#2019,.F.);
#2108=ADVANCED_FACE('',(#1828,#1829),#25,.T.);
#2109=ADVANCED_FACE('',(#1830,#1831),#2020,.F.);
#2110=ADVANCED_FACE('',(#1832,#1833),#26,.T.);
#2111=ADVANCED_FACE('',(#1834),#27,.T.);
#2112=ADVANCED_FACE('',(#1835),#28,.T.);
#2113=ADVANCED_FACE('',(#1836),#29,.T.);
#2114=ADVANCED_FACE('',(#1837),#30,.T.);
#2115=ADVANCED_FACE('',(#1838),#31,.T.);
#2116=ADVANCED_FACE('',(#1839),#32,.T.);
#2117=ADVANCED_FACE('',(#1840),#33,.T.);
#2118=ADVANCED_FACE('',(#1841),#34,.T.);
#2119=ADVANCED_FACE('',(#1842,#1843),#2021,.F.);
#2120=ADVANCED_FACE('',(#1844),#35,.F.);
#2121=ADVANCED_FACE('',(#1845),#36,.T.);
#2122=ADVANCED_FACE('',(#1846),#37,.T.);
#2123=ADVANCED_FACE('',(#1847),#38,.T.);
#2124=ADVANCED_FACE('',(#1848),#39,.T.);
#2125=ADVANCED_FACE('',(#1849),#40,.F.);
#2126=ADVANCED_FACE('',(#1850),#41,.F.);
#2127=ADVANCED_FACE('',(#1851),#42,.T.);
#2128=ADVANCED_FACE('',(#1852,#1853),#2022,.F.);
#2129=ADVANCED_FACE('',(#1854,#1855),#2023,.F.);
#2130=ADVANCED_FACE('',(#1856,#1857),#2024,.F.);
#2131=ADVANCED_FACE('',(#1858,#1859),#2025,.F.);
#2132=ADVANCED_FACE('',(#1860,#1861),#2026,.F.);
#2133=ADVANCED_FACE('',(#1862,#1863),#2027,.F.);
#2134=ADVANCED_FACE('',(#1864,#1865),#2028,.F.);
#2135=ADVANCED_FACE('',(#1866,#1867),#2029,.F.);
#2136=ADVANCED_FACE('',(#1868,#1869),#2030,.F.);
#2137=ADVANCED_FACE('',(#1870,#1871),#2031,.F.);
#2138=ADVANCED_FACE('',(#1872,#1873),#2032,.F.);
#2139=ADVANCED_FACE('',(#1874,#1875),#2033,.F.);
#2140=ADVANCED_FACE('',(#1876,#1877),#2034,.F.);
#2141=ADVANCED_FACE('',(#1878,#1879),#2035,.F.);
#2142=ADVANCED_FACE('',(#1880,#1881),#2036,.F.);
#2143=ADVANCED_FACE('',(#1882,#1883),#2037,.F.);
#2144=ADVANCED_FACE('',(#1884,#1885),#2038,.F.);
#2145=ADVANCED_FACE('',(#1886,#1887),#2039,.F.);
#2146=ADVANCED_FACE('',(#1888,#1889),#2040,.F.);
#2147=ADVANCED_FACE('',(#1890,#1891),#2041,.F.);
#2148=ADVANCED_FACE('',(#1892),#43,.T.);
#2149=ADVANCED_FACE('',(#1893,#1894,#1895,#1896,#1897,#1898,#1899,#1900,
#1901,#1902,#1903,#1904,#1905,#1906,#1907,#1908,#1909,#1910,#1911,#1912,
#1913,#1914,#1915,#1916,#1917,#1918,#1919,#1920,#1921,#1922,#1923,#1924,
#1925,#1926),#2042,.F.);
#2150=ADVANCED_FACE('',(#1927),#44,.F.);
#2151=ADVANCED_FACE('',(#1928,#1929),#2043,.F.);
#2152=ADVANCED_FACE('',(#1930,#1931),#2044,.F.);
#2153=ADVANCED_FACE('',(#1932,#1933),#2045,.F.);
#2154=ADVANCED_FACE('',(#1934,#1935),#2046,.F.);
#2155=ADVANCED_FACE('',(#1936,#1937),#2047,.F.);
#2156=ADVANCED_FACE('',(#1938,#1939),#2048,.F.);
#2157=ADVANCED_FACE('',(#1940,#1941),#2049,.F.);
#2158=ADVANCED_FACE('',(#1942,#1943),#2050,.F.);
#2159=ADVANCED_FACE('',(#1944,#1945),#2051,.F.);
#2160=ADVANCED_FACE('',(#1946,#1947),#2052,.F.);
#2161=ADVANCED_FACE('',(#1948,#1949),#2053,.F.);
#2162=ADVANCED_FACE('',(#1950,#1951),#2054,.F.);
#2163=ADVANCED_FACE('',(#1952,#1953),#2055,.F.);
#2164=ADVANCED_FACE('',(#1954,#1955),#2056,.F.);
#2165=ADVANCED_FACE('',(#1956,#1957),#2057,.F.);
#2166=ADVANCED_FACE('',(#1958,#1959),#2058,.F.);
#2167=ADVANCED_FACE('',(#1960,#1961),#2059,.F.);
#2168=ADVANCED_FACE('',(#1962,#1963),#2060,.F.);
#2169=ADVANCED_FACE('',(#1964,#1965),#2061,.F.);
#2170=ADVANCED_FACE('',(#1966,#1967),#2062,.F.);
#2171=ADVANCED_FACE('',(#1968,#1969),#2063,.F.);
#2172=ADVANCED_FACE('',(#1970,#1971),#2064,.F.);
#2173=ADVANCED_FACE('',(#1972,#1973),#2065,.F.);
#2174=ADVANCED_FACE('',(#1974,#1975),#2066,.F.);
#2175=ADVANCED_FACE('',(#1976),#45,.T.);
#2176=ADVANCED_FACE('',(#1977),#46,.F.);
#2177=ADVANCED_FACE('',(#1978),#47,.F.);
#2178=ADVANCED_FACE('',(#1979),#48,.T.);
#2179=ADVANCED_FACE('',(#1980),#49,.F.);
#2180=ADVANCED_FACE('',(#1981),#50,.T.);
#2181=ADVANCED_FACE('',(#1982),#51,.T.);
#2182=ADVANCED_FACE('',(#1983),#52,.F.);
#2183=ADVANCED_FACE('',(#1984),#53,.F.);
#2184=ADVANCED_FACE('',(#1985),#54,.T.);
#2185=ADVANCED_FACE('',(#1986),#55,.F.);
#2186=ADVANCED_FACE('',(#1987),#56,.T.);
#2187=ADVANCED_FACE('',(#1988),#57,.T.);
#2188=ADVANCED_FACE('',(#1989),#58,.F.);
#2189=ADVANCED_FACE('',(#1990),#59,.T.);
#2190=ADVANCED_FACE('',(#1991),#60,.F.);
#2191=CLOSED_SHELL('',(#2067,#2068,#2069,#2070,#2071,#2072,#2073,#2074,
#2075,#2076,#2077,#2078,#2079,#2080,#2081,#2082,#2083,#2084,#2085,#2086,
#2087,#2088,#2089,#2090,#2091,#2092,#2093,#2094,#2095,#2096,#2097,#2098,
#2099,#2100,#2101,#2102,#2103,#2104,#2105,#2106,#2107,#2108,#2109,#2110,
#2111,#2112,#2113,#2114,#2115,#2116,#2117,#2118,#2119,#2120,#2121,#2122,
#2123,#2124,#2125,#2126,#2127,#2128,#2129,#2130,#2131,#2132,#2133,#2134,
#2135,#2136,#2137,#2138,#2139,#2140,#2141,#2142,#2143,#2144,#2145,#2146,
#2147,#2148,#2149,#2150,#2151,#2152,#2153,#2154,#2155,#2156,#2157,#2158,
#2159,#2160,#2161,#2162,#2163,#2164,#2165,#2166,#2167,#2168,#2169,#2170,
#2171,#2172,#2173,#2174,#2175,#2176,#2177,#2178,#2179,#2180,#2181,#2182,
#2183,#2184,#2185,#2186,#2187,#2188,#2189,#2190));
#2192=STYLED_ITEM('',(#2193),#2200);
#2193=PRESENTATION_STYLE_ASSIGNMENT((#2194));
#2194=SURFACE_STYLE_USAGE(.BOTH.,#2195);
#2195=SURFACE_SIDE_STYLE('',(#2196));
#2196=SURFACE_STYLE_FILL_AREA(#2197);
#2197=FILL_AREA_STYLE('',(#2198));
#2198=FILL_AREA_STYLE_COLOUR('',#2199);
#2199=COLOUR_RGB('',0.615686274509804,0.811764705882353,0.929411764705882);
#2200=MANIFOLD_SOLID_BREP('Part 1',#2191);
#2201=SHAPE_DEFINITION_REPRESENTATION(#4590,#2202);
#2202=SHAPE_REPRESENTATION('Part 1',(#2203),#4585);
#2203=AXIS2_PLACEMENT_3D('',#2931,#2413,#2414);
#2204=AXIS2_PLACEMENT_3D('',#2932,#2415,#2416);
#2205=AXIS2_PLACEMENT_3D('',#3509,#2417,#2418);
#2206=AXIS2_PLACEMENT_3D('',#3514,#2420,#2421);
#2207=AXIS2_PLACEMENT_3D('',#3518,#2423,#2424);
#2208=AXIS2_PLACEMENT_3D('',#3522,#2426,#2427);
#2209=AXIS2_PLACEMENT_3D('',#3526,#2429,#2430);
#2210=AXIS2_PLACEMENT_3D('',#3530,#2432,#2433);
#2211=AXIS2_PLACEMENT_3D('',#3534,#2435,#2436);
#2212=AXIS2_PLACEMENT_3D('',#3538,#2438,#2439);
#2213=AXIS2_PLACEMENT_3D('',#3542,#2441,#2442);
#2214=AXIS2_PLACEMENT_3D('',#3546,#2444,#2445);
#2215=AXIS2_PLACEMENT_3D('',#3550,#2447,#2448);
#2216=AXIS2_PLACEMENT_3D('',#3554,#2450,#2451);
#2217=AXIS2_PLACEMENT_3D('',#3558,#2453,#2454);
#2218=AXIS2_PLACEMENT_3D('',#3562,#2456,#2457);
#2219=AXIS2_PLACEMENT_3D('',#3566,#2459,#2460);
#2220=AXIS2_PLACEMENT_3D('',#3570,#2462,#2463);
#2221=AXIS2_PLACEMENT_3D('',#3574,#2465,#2466);
#2222=AXIS2_PLACEMENT_3D('',#3575,#2467,#2468);
#2223=AXIS2_PLACEMENT_3D('',#3579,#2470,#2471);
#2224=AXIS2_PLACEMENT_3D('',#3583,#2473,#2474);
#2225=AXIS2_PLACEMENT_3D('',#3584,#2475,#2476);
#2226=AXIS2_PLACEMENT_3D('',#3588,#2478,#2479);
#2227=AXIS2_PLACEMENT_3D('',#3592,#2481,#2482);
#2228=AXIS2_PLACEMENT_3D('',#3593,#2483,#2484);
#2229=AXIS2_PLACEMENT_3D('',#3597,#2486,#2487);
#2230=AXIS2_PLACEMENT_3D('',#3601,#2489,#2490);
#2231=AXIS2_PLACEMENT_3D('',#3602,#2491,#2492);
#2232=AXIS2_PLACEMENT_3D('',#3606,#2494,#2495);
#2233=AXIS2_PLACEMENT_3D('',#3610,#2497,#2498);
#2234=AXIS2_PLACEMENT_3D('',#3611,#2499,#2500);
#2235=AXIS2_PLACEMENT_3D('',#3615,#2502,#2503);
#2236=AXIS2_PLACEMENT_3D('',#3619,#2505,#2506);
#2237=AXIS2_PLACEMENT_3D('',#3620,#2507,#2508);
#2238=AXIS2_PLACEMENT_3D('',#3624,#2510,#2511);
#2239=AXIS2_PLACEMENT_3D('',#3628,#2513,#2514);
#2240=AXIS2_PLACEMENT_3D('',#3629,#2515,#2516);
#2241=AXIS2_PLACEMENT_3D('',#3633,#2518,#2519);
#2242=AXIS2_PLACEMENT_3D('',#3637,#2521,#2522);
#2243=AXIS2_PLACEMENT_3D('',#3638,#2523,#2524);
#2244=AXIS2_PLACEMENT_3D('',#3642,#2526,#2527);
#2245=AXIS2_PLACEMENT_3D('',#3646,#2529,#2530);
#2246=AXIS2_PLACEMENT_3D('',#3647,#2531,#2532);
#2247=AXIS2_PLACEMENT_3D('',#3648,#2533,#2534);
#2248=AXIS2_PLACEMENT_3D('',#3651,#2535,#2536);
#2249=AXIS2_PLACEMENT_3D('',#3652,#2537,#2538);
#2250=AXIS2_PLACEMENT_3D('',#3653,#2539,#2540);
#2251=AXIS2_PLACEMENT_3D('',#3656,#2541,#2542);
#2252=AXIS2_PLACEMENT_3D('',#3657,#2543,#2544);
#2253=AXIS2_PLACEMENT_3D('',#3658,#2545,#2546);
#2254=AXIS2_PLACEMENT_3D('',#3661,#2547,#2548);
#2255=AXIS2_PLACEMENT_3D('',#3662,#2549,#2550);
#2256=AXIS2_PLACEMENT_3D('',#3663,#2551,#2552);
#2257=AXIS2_PLACEMENT_3D('',#3666,#2553,#2554);
#2258=AXIS2_PLACEMENT_3D('',#3667,#2555,#2556);
#2259=AXIS2_PLACEMENT_3D('',#3680,#2563,#2564);
#2260=AXIS2_PLACEMENT_3D('',#3689,#2569,#2570);
#2261=AXIS2_PLACEMENT_3D('',#3690,#2571,#2572);
#2262=AXIS2_PLACEMENT_3D('',#3694,#2574,#2575);
#2263=AXIS2_PLACEMENT_3D('',#3695,#2576,#2577);
#2264=AXIS2_PLACEMENT_3D('',#3701,#2581,#2582);
#2265=AXIS2_PLACEMENT_3D('',#3702,#2583,#2584);
#2266=AXIS2_PLACEMENT_3D('',#3706,#2586,#2587);
#2267=AXIS2_PLACEMENT_3D('',#3707,#2588,#2589);
#2268=AXIS2_PLACEMENT_3D('',#3713,#2593,#2594);
#2269=AXIS2_PLACEMENT_3D('',#3714,#2595,#2596);
#2270=AXIS2_PLACEMENT_3D('',#3718,#2598,#2599);
#2271=AXIS2_PLACEMENT_3D('',#3719,#2600,#2601);
#2272=AXIS2_PLACEMENT_3D('',#3725,#2605,#2606);
#2273=AXIS2_PLACEMENT_3D('',#3726,#2607,#2608);
#2274=AXIS2_PLACEMENT_3D('',#3728,#2609,#2610);
#2275=AXIS2_PLACEMENT_3D('',#3730,#2611,#2612);
#2276=AXIS2_PLACEMENT_3D('',#3731,#2613,#2614);
#2277=AXIS2_PLACEMENT_3D('',#3733,#2615,#2616);
#2278=AXIS2_PLACEMENT_3D('',#3735,#2617,#2618);
#2279=AXIS2_PLACEMENT_3D('',#3736,#2619,#2620);
#2280=AXIS2_PLACEMENT_3D('',#3738,#2621,#2622);
#2281=AXIS2_PLACEMENT_3D('',#3740,#2623,#2624);
#2282=AXIS2_PLACEMENT_3D('',#3741,#2625,#2626);
#2283=AXIS2_PLACEMENT_3D('',#3743,#2627,#2628);
#2284=AXIS2_PLACEMENT_3D('',#3745,#2629,#2630);
#2285=AXIS2_PLACEMENT_3D('',#3746,#2631,#2632);
#2286=AXIS2_PLACEMENT_3D('',#3747,#2633,#2634);
#2287=AXIS2_PLACEMENT_3D('',#3748,#2635,#2636);
#2288=AXIS2_PLACEMENT_3D('',#3765,#2653,#2654);
#2289=AXIS2_PLACEMENT_3D('',#3766,#2655,#2656);
#2290=AXIS2_PLACEMENT_3D('',#3768,#2657,#2658);
#2291=AXIS2_PLACEMENT_3D('',#3769,#2659,#2660);
#2292=AXIS2_PLACEMENT_3D('',#3771,#2661,#2662);
#2293=AXIS2_PLACEMENT_3D('',#3773,#2663,#2664);
#2294=AXIS2_PLACEMENT_3D('',#3776,#2667,#2668);
#2295=AXIS2_PLACEMENT_3D('',#3777,#2669,#2670);
#2296=AXIS2_PLACEMENT_3D('',#3779,#2671,#2672);
#2297=AXIS2_PLACEMENT_3D('',#3781,#2673,#2674);
#2298=AXIS2_PLACEMENT_3D('',#3784,#2677,#2678);
#2299=AXIS2_PLACEMENT_3D('',#3785,#2679,#2680);
#2300=AXIS2_PLACEMENT_3D('',#3787,#2681,#2682);
#2301=AXIS2_PLACEMENT_3D('',#3789,#2683,#2684);
#2302=AXIS2_PLACEMENT_3D('',#3792,#2687,#2688);
#2303=AXIS2_PLACEMENT_3D('',#3793,#2689,#2690);
#2304=AXIS2_PLACEMENT_3D('',#3795,#2691,#2692);
#2305=AXIS2_PLACEMENT_3D('',#3797,#2693,#2694);
#2306=AXIS2_PLACEMENT_3D('',#3800,#2697,#2698);
#2307=AXIS2_PLACEMENT_3D('',#3801,#2699,#2700);
#2308=AXIS2_PLACEMENT_3D('',#3803,#2701,#2702);
#2309=AXIS2_PLACEMENT_3D('',#3805,#2703,#2704);
#2310=AXIS2_PLACEMENT_3D('',#3808,#2707,#2708);
#2311=AXIS2_PLACEMENT_3D('',#3809,#2709,#2710);
#2312=AXIS2_PLACEMENT_3D('',#3811,#2711,#2712);
#2313=AXIS2_PLACEMENT_3D('',#3813,#2713,#2714);
#2314=AXIS2_PLACEMENT_3D('',#3816,#2717,#2718);
#2315=AXIS2_PLACEMENT_3D('',#3817,#2719,#2720);
#2316=AXIS2_PLACEMENT_3D('',#3819,#2721,#2722);
#2317=AXIS2_PLACEMENT_3D('',#3821,#2723,#2724);
#2318=AXIS2_PLACEMENT_3D('',#3824,#2727,#2728);
#2319=AXIS2_PLACEMENT_3D('',#3825,#2729,#2730);
#2320=AXIS2_PLACEMENT_3D('',#3827,#2731,#2732);
#2321=AXIS2_PLACEMENT_3D('',#3829,#2733,#2734);
#2322=AXIS2_PLACEMENT_3D('',#3832,#2737,#2738);
#2323=AXIS2_PLACEMENT_3D('',#3833,#2739,#2740);
#2324=AXIS2_PLACEMENT_3D('',#3834,#2741,#2742);
#2325=AXIS2_PLACEMENT_3D('',#3835,#2743,#2744);
#2326=AXIS2_PLACEMENT_3D('',#3836,#2745,#2746);
#2327=AXIS2_PLACEMENT_3D('',#3837,#2747,#2748);
#2328=AXIS2_PLACEMENT_3D('',#3838,#2749,#2750);
#2329=AXIS2_PLACEMENT_3D('',#3839,#2751,#2752);
#2330=AXIS2_PLACEMENT_3D('',#3840,#2753,#2754);
#2331=AXIS2_PLACEMENT_3D('',#3841,#2755,#2756);
#2332=AXIS2_PLACEMENT_3D('',#3843,#2757,#2758);
#2333=AXIS2_PLACEMENT_3D('',#3844,#2759,#2760);
#2334=AXIS2_PLACEMENT_3D('',#3850,#2764,#2765);
#2335=AXIS2_PLACEMENT_3D('',#3854,#2768,#2769);
#2336=AXIS2_PLACEMENT_3D('',#3858,#2772,#2773);
#2337=AXIS2_PLACEMENT_3D('',#3862,#2776,#2777);
#2338=AXIS2_PLACEMENT_3D('',#3866,#2780,#2781);
#2339=AXIS2_PLACEMENT_3D('',#3868,#2783,#2784);
#2340=AXIS2_PLACEMENT_3D('',#3869,#2785,#2786);
#2341=AXIS2_PLACEMENT_3D('',#3890,#2787,#2788);
#2342=AXIS2_PLACEMENT_3D('',#3911,#2789,#2790);
#2343=AXIS2_PLACEMENT_3D('',#3932,#2791,#2792);
#2344=AXIS2_PLACEMENT_3D('',#3953,#2793,#2794);
#2345=AXIS2_PLACEMENT_3D('',#3974,#2795,#2796);
#2346=AXIS2_PLACEMENT_3D('',#3995,#2797,#2798);
#2347=AXIS2_PLACEMENT_3D('',#4016,#2799,#2800);
#2348=AXIS2_PLACEMENT_3D('',#4037,#2801,#2802);
#2349=AXIS2_PLACEMENT_3D('',#4058,#2803,#2804);
#2350=AXIS2_PLACEMENT_3D('',#4079,#2805,#2806);
#2351=AXIS2_PLACEMENT_3D('',#4100,#2807,#2808);
#2352=AXIS2_PLACEMENT_3D('',#4121,#2809,#2810);
#2353=AXIS2_PLACEMENT_3D('',#4142,#2811,#2812);
#2354=AXIS2_PLACEMENT_3D('',#4163,#2813,#2814);
#2355=AXIS2_PLACEMENT_3D('',#4184,#2815,#2816);
#2356=AXIS2_PLACEMENT_3D('',#4205,#2817,#2818);
#2357=AXIS2_PLACEMENT_3D('',#4206,#2819,#2820);
#2358=AXIS2_PLACEMENT_3D('',#4207,#2821,#2822);
#2359=AXIS2_PLACEMENT_3D('',#4208,#2823,#2824);
#2360=AXIS2_PLACEMENT_3D('',#4209,#2825,#2826);
#2361=AXIS2_PLACEMENT_3D('',#4210,#2827,#2828);
#2362=AXIS2_PLACEMENT_3D('',#4211,#2829,#2830);
#2363=AXIS2_PLACEMENT_3D('',#4212,#2831,#2832);
#2364=AXIS2_PLACEMENT_3D('',#4213,#2833,#2834);
#2365=AXIS2_PLACEMENT_3D('',#4214,#2835,#2836);
#2366=AXIS2_PLACEMENT_3D('',#4215,#2837,#2838);
#2367=AXIS2_PLACEMENT_3D('',#4216,#2839,#2840);
#2368=AXIS2_PLACEMENT_3D('',#4217,#2841,#2842);
#2369=AXIS2_PLACEMENT_3D('',#4218,#2843,#2844);
#2370=AXIS2_PLACEMENT_3D('',#4220,#2845,#2846);
#2371=AXIS2_PLACEMENT_3D('',#4541,#2847,#2848);
#2372=AXIS2_PLACEMENT_3D('',#4543,#2849,#2850);
#2373=AXIS2_PLACEMENT_3D('',#4544,#2851,#2852);
#2374=AXIS2_PLACEMENT_3D('',#4545,#2853,#2854);
#2375=AXIS2_PLACEMENT_3D('',#4546,#2855,#2856);
#2376=AXIS2_PLACEMENT_3D('',#4547,#2857,#2858);
#2377=AXIS2_PLACEMENT_3D('',#4548,#2859,#2860);
#2378=AXIS2_PLACEMENT_3D('',#4549,#2861,#2862);
#2379=AXIS2_PLACEMENT_3D('',#4550,#2863,#2864);
#2380=AXIS2_PLACEMENT_3D('',#4551,#2865,#2866);
#2381=AXIS2_PLACEMENT_3D('',#4552,#2867,#2868);
#2382=AXIS2_PLACEMENT_3D('',#4553,#2869,#2870);
#2383=AXIS2_PLACEMENT_3D('',#4554,#2871,#2872);
#2384=AXIS2_PLACEMENT_3D('',#4555,#2873,#2874);
#2385=AXIS2_PLACEMENT_3D('',#4556,#2875,#2876);
#2386=AXIS2_PLACEMENT_3D('',#4557,#2877,#2878);
#2387=AXIS2_PLACEMENT_3D('',#4558,#2879,#2880);
#2388=AXIS2_PLACEMENT_3D('',#4559,#2881,#2882);
#2389=AXIS2_PLACEMENT_3D('',#4560,#2883,#2884);
#2390=AXIS2_PLACEMENT_3D('',#4561,#2885,#2886);
#2391=AXIS2_PLACEMENT_3D('',#4562,#2887,#2888);
#2392=AXIS2_PLACEMENT_3D('',#4563,#2889,#2890);
#2393=AXIS2_PLACEMENT_3D('',#4564,#2891,#2892);
#2394=AXIS2_PLACEMENT_3D('',#4565,#2893,#2894);
#2395=AXIS2_PLACEMENT_3D('',#4566,#2895,#2896);
#2396=AXIS2_PLACEMENT_3D('',#4567,#2897,#2898);
#2397=AXIS2_PLACEMENT_3D('',#4568,#2899,#2900);
#2398=AXIS2_PLACEMENT_3D('',#4569,#2901,#2902);
#2399=AXIS2_PLACEMENT_3D('',#4570,#2903,#2904);
#2400=AXIS2_PLACEMENT_3D('',#4571,#2905,#2906);
#2401=AXIS2_PLACEMENT_3D('',#4572,#2907,#2908);
#2402=AXIS2_PLACEMENT_3D('',#4573,#2909,#2910);
#2403=AXIS2_PLACEMENT_3D('',#4574,#2911,#2912);
#2404=AXIS2_PLACEMENT_3D('',#4575,#2913,#2914);
#2405=AXIS2_PLACEMENT_3D('',#4576,#2915,#2916);
#2406=AXIS2_PLACEMENT_3D('',#4577,#2917,#2918);
#2407=AXIS2_PLACEMENT_3D('',#4578,#2919,#2920);
#2408=AXIS2_PLACEMENT_3D('',#4579,#2921,#2922);
#2409=AXIS2_PLACEMENT_3D('',#4580,#2923,#2924);
#2410=AXIS2_PLACEMENT_3D('',#4581,#2925,#2926);
#2411=AXIS2_PLACEMENT_3D('',#4582,#2927,#2928);
#2412=AXIS2_PLACEMENT_3D('',#4583,#2929,#2930);
#2413=DIRECTION('',(0.,0.,1.));
#2414=DIRECTION('',(1.,0.,0.));
#2415=DIRECTION('',(0.,0.,-1.));
#2416=DIRECTION('',(-1.,0.,0.));
#2417=DIRECTION('',(0.,0.,1.));
#2418=DIRECTION('',(1.,0.,0.));
#2419=DIRECTION('',(0.,0.,-1.));
#2420=DIRECTION('',(0.,0.,1.));
#2421=DIRECTION('',(1.,0.,0.));
#2422=DIRECTION('',(0.,0.,-1.));
#2423=DIRECTION('',(0.,0.,1.));
#2424=DIRECTION('',(1.,0.,0.));
#2425=DIRECTION('',(0.,0.,-1.));
#2426=DIRECTION('',(0.,0.,1.));
#2427=DIRECTION('',(1.,0.,0.));
#2428=DIRECTION('',(0.,0.,-1.));
#2429=DIRECTION('',(0.,0.,1.));
#2430=DIRECTION('',(1.,0.,0.));
#2431=DIRECTION('',(0.,0.,-1.));
#2432=DIRECTION('',(0.,0.,1.));
#2433=DIRECTION('',(1.,0.,0.));
#2434=DIRECTION('',(0.,0.,-1.));
#2435=DIRECTION('',(0.,0.,1.));
#2436=DIRECTION('',(1.,0.,0.));
#2437=DIRECTION('',(0.,0.,-1.));
#2438=DIRECTION('',(0.,0.,1.));
#2439=DIRECTION('',(1.,0.,0.));
#2440=DIRECTION('',(0.,0.,-1.));
#2441=DIRECTION('',(0.,0.,1.));
#2442=DIRECTION('',(1.,0.,0.));
#2443=DIRECTION('',(0.,0.,-1.));
#2444=DIRECTION('',(0.,0.,1.));
#2445=DIRECTION('',(1.,0.,0.));
#2446=DIRECTION('',(0.,0.,-1.));
#2447=DIRECTION('',(0.,0.,1.));
#2448=DIRECTION('',(1.,0.,0.));
#2449=DIRECTION('',(0.,0.,-1.));
#2450=DIRECTION('',(0.,0.,1.));
#2451=DIRECTION('',(1.,0.,0.));
#2452=DIRECTION('',(0.,0.,-1.));
#2453=DIRECTION('',(0.,0.,1.));
#2454=DIRECTION('',(1.,0.,0.));
#2455=DIRECTION('',(0.,0.,-1.));
#2456=DIRECTION('',(0.,0.,1.));
#2457=DIRECTION('',(1.,0.,0.));
#2458=DIRECTION('',(0.,0.,-1.));
#2459=DIRECTION('',(0.,0.,1.));
#2460=DIRECTION('',(1.,0.,0.));
#2461=DIRECTION('',(0.,0.,-1.));
#2462=DIRECTION('',(0.,0.,1.));
#2463=DIRECTION('',(1.,0.,0.));
#2464=DIRECTION('',(0.,0.,-1.));
#2465=DIRECTION('',(0.,0.,1.));
#2466=DIRECTION('',(1.,0.,0.));
#2467=DIRECTION('',(0.,0.,-1.));
#2468=DIRECTION('',(-1.,0.,0.));
#2469=DIRECTION('',(0.,0.,-1.));
#2470=DIRECTION('',(0.,0.,1.));
#2471=DIRECTION('',(1.,0.,0.));
#2472=DIRECTION('',(0.,0.,-1.));
#2473=DIRECTION('',(0.,0.,1.));
#2474=DIRECTION('',(1.,0.,0.));
#2475=DIRECTION('',(0.,0.,-1.));
#2476=DIRECTION('',(-1.,0.,0.));
#2477=DIRECTION('',(0.,0.,-1.));
#2478=DIRECTION('',(0.,0.,1.));
#2479=DIRECTION('',(1.,0.,0.));
#2480=DIRECTION('',(0.,0.,-1.));
#2481=DIRECTION('',(0.,0.,1.));
#2482=DIRECTION('',(1.,0.,0.));
#2483=DIRECTION('',(0.,0.,-1.));
#2484=DIRECTION('',(-1.,0.,0.));
#2485=DIRECTION('',(0.,0.,-1.));
#2486=DIRECTION('',(0.,0.,1.));
#2487=DIRECTION('',(1.,0.,0.));
#2488=DIRECTION('',(0.,0.,-1.));
#2489=DIRECTION('',(0.,0.,1.));
#2490=DIRECTION('',(1.,0.,0.));
#2491=DIRECTION('',(0.,0.,-1.));
#2492=DIRECTION('',(-1.,0.,0.));
#2493=DIRECTION('',(0.,0.,-1.));
#2494=DIRECTION('',(0.,0.,1.));
#2495=DIRECTION('',(1.,0.,0.));
#2496=DIRECTION('',(0.,0.,-1.));
#2497=DIRECTION('',(0.,0.,1.));
#2498=DIRECTION('',(1.,0.,0.));
#2499=DIRECTION('',(0.,0.,-1.));
#2500=DIRECTION('',(-1.,0.,0.));
#2501=DIRECTION('',(0.,0.,-1.));
#2502=DIRECTION('',(0.,0.,1.));
#2503=DIRECTION('',(1.,0.,0.));
#2504=DIRECTION('',(0.,0.,-1.));
#2505=DIRECTION('',(0.,0.,1.));
#2506=DIRECTION('',(1.,0.,0.));
#2507=DIRECTION('',(0.,0.,-1.));
#2508=DIRECTION('',(-1.,0.,0.));
#2509=DIRECTION('',(0.,0.,-1.));
#2510=DIRECTION('',(0.,0.,1.));
#2511=DIRECTION('',(1.,0.,0.));
#2512=DIRECTION('',(0.,0.,-1.));
#2513=DIRECTION('',(0.,0.,1.));
#2514=DIRECTION('',(1.,0.,0.));
#2515=DIRECTION('',(0.,0.,-1.));
#2516=DIRECTION('',(-1.,0.,0.));
#2517=DIRECTION('',(0.,0.,-1.));
#2518=DIRECTION('',(0.,0.,1.));
#2519=DIRECTION('',(1.,0.,0.));
#2520=DIRECTION('',(0.,0.,-1.));
#2521=DIRECTION('',(0.,0.,1.));
#2522=DIRECTION('',(1.,0.,0.));
#2523=DIRECTION('',(0.,0.,-1.));
#2524=DIRECTION('',(-1.,0.,0.));
#2525=DIRECTION('',(0.,0.,-1.));
#2526=DIRECTION('',(0.,0.,1.));
#2527=DIRECTION('',(1.,0.,0.));
#2528=DIRECTION('',(0.,0.,-1.));
#2529=DIRECTION('',(0.,0.,1.));
#2530=DIRECTION('',(1.,0.,0.));
#2531=DIRECTION('',(0.,-1.,0.));
#2532=DIRECTION('',(0.,0.,-1.));
#2533=DIRECTION('',(-0.707106781186548,-0.707106781186548,0.));
#2534=DIRECTION('',(0.707106781186548,-0.707106781186548,0.));
#2535=DIRECTION('',(0.707106781186548,-0.707106781186548,0.));
#2536=DIRECTION('',(-0.707106781186548,-0.707106781186548,0.));
#2537=DIRECTION('',(0.,-1.,0.));
#2538=DIRECTION('',(0.,0.,-1.));
#2539=DIRECTION('',(-0.707106781186548,-0.707106781186548,0.));
#2540=DIRECTION('',(0.707106781186548,-0.707106781186548,0.));
#2541=DIRECTION('',(0.707106781186548,-0.707106781186548,0.));
#2542=DIRECTION('',(-0.707106781186548,-0.707106781186548,0.));
#2543=DIRECTION('',(0.,-1.,0.));
#2544=DIRECTION('',(0.,0.,-1.));
#2545=DIRECTION('',(-0.707106781186548,-0.707106781186548,0.));
#2546=DIRECTION('',(0.707106781186548,-0.707106781186548,0.));
#2547=DIRECTION('',(0.707106781186548,-0.707106781186548,0.));
#2548=DIRECTION('',(-0.707106781186548,-0.707106781186548,0.));
#2549=DIRECTION('',(0.,-1.,0.));
#2550=DIRECTION('',(0.,0.,-1.));
#2551=DIRECTION('',(-0.707106781186548,-0.707106781186548,0.));
#2552=DIRECTION('',(0.707106781186548,-0.707106781186548,0.));
#2553=DIRECTION('',(0.707106781186548,-0.707106781186548,0.));
#2554=DIRECTION('',(-0.707106781186548,-0.707106781186548,0.));
#2555=DIRECTION('',(0.,0.,1.));
#2556=DIRECTION('',(1.,0.,0.));
#2557=DIRECTION('',(-0.5,0.866025403784439,0.));
#2558=DIRECTION('',(1.,0.,0.));
#2559=DIRECTION('',(-0.5,0.866025403784439,0.));
#2560=DIRECTION('',(-0.5,-0.866025403784439,0.));
#2561=DIRECTION('',(1.,0.,0.));
#2562=DIRECTION('',(-0.5,-0.866025403784439,0.));
#2563=DIRECTION('',(0.,1.,0.));
#2564=DIRECTION('',(0.,0.,1.));
#2565=DIRECTION('',(1.,0.,0.));
#2566=DIRECTION('',(0.,0.,-1.));
#2567=DIRECTION('',(1.,0.,0.));
#2568=DIRECTION('',(0.,0.,-1.));
#2569=DIRECTION('',(0.,0.,-1.));
#2570=DIRECTION('',(-1.,0.,0.));
#2571=DIRECTION('',(0.,0.,1.));
#2572=DIRECTION('',(1.,0.,0.));
#2573=DIRECTION('',(0.,0.,-1.));
#2574=DIRECTION('',(0.,0.,1.));
#2575=DIRECTION('',(1.,0.,0.));
#2576=DIRECTION('',(1.,-2.3521674250533E-16,0.));
#2577=DIRECTION('',(2.3521674250533E-16,1.,0.));
#2578=DIRECTION('',(-2.3521674250533E-16,-1.,0.));
#2579=DIRECTION('',(0.,0.,-1.));
#2580=DIRECTION('',(-2.3521674250533E-16,-1.,0.));
#2581=DIRECTION('',(0.,0.,-1.));
#2582=DIRECTION('',(-1.,0.,0.));
#2583=DIRECTION('',(0.,0.,1.));
#2584=DIRECTION('',(1.,0.,0.));
#2585=DIRECTION('',(0.,0.,-1.));
#2586=DIRECTION('',(0.,0.,1.));
#2587=DIRECTION('',(1.,0.,0.));
#2588=DIRECTION('',(0.,1.,0.));
#2589=DIRECTION('',(0.,0.,1.));
#2590=DIRECTION('',(1.,0.,0.));
#2591=DIRECTION('',(0.,0.,-1.));
#2592=DIRECTION('',(1.,0.,0.));
#2593=DIRECTION('',(0.,0.,-1.));
#2594=DIRECTION('',(-1.,0.,0.));
#2595=DIRECTION('',(0.,0.,1.));
#2596=DIRECTION('',(1.,0.,0.));
#2597=DIRECTION('',(0.,0.,-1.));
#2598=DIRECTION('',(0.,0.,1.));
#2599=DIRECTION('',(1.,0.,0.));
#2600=DIRECTION('',(1.,-2.3521674250533E-16,0.));
#2601=DIRECTION('',(2.3521674250533E-16,1.,0.));
#2602=DIRECTION('',(-2.3521674250533E-16,-1.,0.));
#2603=DIRECTION('',(0.,0.,-1.));
#2604=DIRECTION('',(-2.3521674250533E-16,-1.,0.));
#2605=DIRECTION('',(0.,0.,-1.));
#2606=DIRECTION('',(-1.,0.,0.));
#2607=DIRECTION('',(0.,0.,1.));
#2608=DIRECTION('',(1.,0.,0.));
#2609=DIRECTION('',(0.,0.,1.));
#2610=DIRECTION('',(1.,0.,0.));
#2611=DIRECTION('',(0.,0.,-1.));
#2612=DIRECTION('',(-1.,0.,0.));
#2613=DIRECTION('',(0.,0.,1.));
#2614=DIRECTION('',(1.,0.,0.));
#2615=DIRECTION('',(0.,0.,1.));
#2616=DIRECTION('',(1.,0.,0.));
#2617=DIRECTION('',(0.,0.,-1.));
#2618=DIRECTION('',(-1.,0.,0.));
#2619=DIRECTION('',(0.,0.,1.));
#2620=DIRECTION('',(1.,0.,0.));
#2621=DIRECTION('',(0.,0.,1.));
#2622=DIRECTION('',(1.,0.,0.));
#2623=DIRECTION('',(0.,0.,-1.));
#2624=DIRECTION('',(-1.,0.,0.));
#2625=DIRECTION('',(0.,0.,1.));
#2626=DIRECTION('',(1.,0.,0.));
#2627=DIRECTION('',(0.,0.,1.));
#2628=DIRECTION('',(1.,0.,0.));
#2629=DIRECTION('',(0.,0.,-1.));
#2630=DIRECTION('',(-1.,0.,0.));
#2631=DIRECTION('',(0.,0.,1.));
#2632=DIRECTION('',(1.,0.,0.));
#2633=DIRECTION('',(0.,0.,1.));
#2634=DIRECTION('',(1.,0.,0.));
#2635=DIRECTION('',(0.,0.,1.));
#2636=DIRECTION('',(1.,0.,0.));
#2637=DIRECTION('',(-1.,0.,0.));
#2638=DIRECTION('',(-1.,0.,0.));
#2639=DIRECTION('',(-0.707106781186548,0.707106781186548,0.));
#2640=DIRECTION('',(-0.707106781186548,0.707106781186548,0.));
#2641=DIRECTION('',(-3.28623193366651E-16,1.,0.));
#2642=DIRECTION('',(-3.28623193366651E-16,1.,0.));
#2643=DIRECTION('',(0.707106781186548,0.707106781186547,0.));
#2644=DIRECTION('',(0.707106781186548,0.707106781186548,0.));
#2645=DIRECTION('',(1.,0.,0.));
#2646=DIRECTION('',(1.,0.,0.));
#2647=DIRECTION('',(0.707106781186548,-0.707106781186548,0.));
#2648=DIRECTION('',(0.707106781186548,-0.707106781186548,0.));
#2649=DIRECTION('',(-3.28623193366651E-16,-1.,0.));
#2650=DIRECTION('',(-3.28623193366651E-16,-1.,0.));
#2651=DIRECTION('',(-0.707106781186548,-0.707106781186548,0.));
#2652=DIRECTION('',(-0.707106781186548,-0.707106781186548,0.));
#2653=DIRECTION('',(0.,0.,1.));
#2654=DIRECTION('',(1.,0.,0.));
#2655=DIRECTION('',(0.,0.,1.));
#2656=DIRECTION('',(1.,0.,0.));
#2657=DIRECTION('',(0.,0.,-1.));
#2658=DIRECTION('',(-1.,0.,0.));
#2659=DIRECTION('',(0.,0.,1.));
#2660=DIRECTION('',(1.,0.,0.));
#2661=DIRECTION('',(0.,0.,1.));
#2662=DIRECTION('',(1.,0.,0.));
#2663=DIRECTION('',(0.,0.,1.));
#2664=DIRECTION('',(1.,0.,0.));
#2665=DIRECTION('',(-3.28623193366651E-16,-1.,0.));
#2666=DIRECTION('',(-3.28623193366651E-16,-1.,0.));
#2667=DIRECTION('',(0.,0.,-1.));
#2668=DIRECTION('',(-1.,0.,0.));
#2669=DIRECTION('',(0.,0.,1.));
#2670=DIRECTION('',(1.,0.,0.));
#2671=DIRECTION('',(0.,0.,1.));
#2672=DIRECTION('',(1.,0.,0.));
#2673=DIRECTION('',(0.,0.,1.));
#2674=DIRECTION('',(1.,0.,0.));
#2675=DIRECTION('',(-0.707106781186548,-0.707106781186548,0.));
#2676=DIRECTION('',(-0.707106781186548,-0.707106781186548,0.));
#2677=DIRECTION('',(0.,0.,-1.));
#2678=DIRECTION('',(-1.,0.,0.));
#2679=DIRECTION('',(0.,0.,1.));
#2680=DIRECTION('',(1.,0.,0.));
#2681=DIRECTION('',(0.,0.,1.));
#2682=DIRECTION('',(1.,0.,0.));
#2683=DIRECTION('',(0.,0.,1.));
#2684=DIRECTION('',(1.,0.,0.));
#2685=DIRECTION('',(-1.,0.,0.));
#2686=DIRECTION('',(-1.,0.,0.));
#2687=DIRECTION('',(0.,0.,-1.));
#2688=DIRECTION('',(-1.,0.,0.));
#2689=DIRECTION('',(0.,0.,1.));
#2690=DIRECTION('',(1.,0.,0.));
#2691=DIRECTION('',(0.,0.,1.));
#2692=DIRECTION('',(1.,0.,0.));
#2693=DIRECTION('',(0.,0.,1.));
#2694=DIRECTION('',(1.,0.,0.));
#2695=DIRECTION('',(-0.707106781186548,0.707106781186548,0.));
#2696=DIRECTION('',(-0.707106781186548,0.707106781186548,0.));
#2697=DIRECTION('',(0.,0.,-1.));
#2698=DIRECTION('',(-1.,0.,0.));
#2699=DIRECTION('',(0.,0.,1.));
#2700=DIRECTION('',(1.,0.,0.));
#2701=DIRECTION('',(0.,0.,1.));
#2702=DIRECTION('',(1.,0.,0.));
#2703=DIRECTION('',(0.,0.,1.));
#2704=DIRECTION('',(1.,0.,0.));
#2705=DIRECTION('',(-3.28623193366651E-16,1.,0.));
#2706=DIRECTION('',(-3.28623193366651E-16,1.,0.));
#2707=DIRECTION('',(0.,0.,-1.));
#2708=DIRECTION('',(-1.,0.,0.));
#2709=DIRECTION('',(0.,0.,1.));
#2710=DIRECTION('',(1.,0.,0.));
#2711=DIRECTION('',(0.,0.,1.));
#2712=DIRECTION('',(1.,0.,0.));
#2713=DIRECTION('',(0.,0.,1.));
#2714=DIRECTION('',(1.,0.,0.));
#2715=DIRECTION('',(0.707106781186548,0.707106781186547,0.));
#2716=DIRECTION('',(0.707106781186548,0.707106781186548,0.));
#2717=DIRECTION('',(0.,0.,-1.));
#2718=DIRECTION('',(-1.,0.,0.));
#2719=DIRECTION('',(0.,0.,1.));
#2720=DIRECTION('',(1.,0.,0.));
#2721=DIRECTION('',(0.,0.,1.));
#2722=DIRECTION('',(1.,0.,0.));
#2723=DIRECTION('',(0.,0.,1.));
#2724=DIRECTION('',(1.,0.,0.));
#2725=DIRECTION('',(1.,0.,0.));
#2726=DIRECTION('',(1.,0.,0.));
#2727=DIRECTION('',(0.,0.,-1.));
#2728=DIRECTION('',(-1.,0.,0.));
#2729=DIRECTION('',(0.,0.,1.));
#2730=DIRECTION('',(1.,0.,0.));
#2731=DIRECTION('',(0.,0.,1.));
#2732=DIRECTION('',(1.,0.,0.));
#2733=DIRECTION('',(0.,0.,1.));
#2734=DIRECTION('',(1.,0.,0.));
#2735=DIRECTION('',(0.707106781186548,-0.707106781186548,0.));
#2736=DIRECTION('',(0.707106781186548,-0.707106781186548,0.));
#2737=DIRECTION('',(0.,0.,1.));
#2738=DIRECTION('',(1.,0.,0.));
#2739=DIRECTION('',(0.,0.,1.));
#2740=DIRECTION('',(1.,0.,0.));
#2741=DIRECTION('',(0.,0.,1.));
#2742=DIRECTION('',(1.,0.,0.));
#2743=DIRECTION('',(0.,0.,1.));
#2744=DIRECTION('',(1.,0.,0.));
#2745=DIRECTION('',(0.,0.,1.));
#2746=DIRECTION('',(1.,0.,0.));
#2747=DIRECTION('',(0.,0.,1.));
#2748=DIRECTION('',(1.,0.,0.));
#2749=DIRECTION('',(0.,0.,1.));
#2750=DIRECTION('',(1.,0.,0.));
#2751=DIRECTION('',(0.,0.,1.));
#2752=DIRECTION('',(1.,0.,0.));
#2753=DIRECTION('',(0.,0.,-1.));
#2754=DIRECTION('',(-1.,0.,0.));
#2755=DIRECTION('',(0.,0.,1.));
#2756=DIRECTION('',(1.,0.,0.));
#2757=DIRECTION('',(0.,0.,1.));
#2758=DIRECTION('',(1.,0.,0.));
#2759=DIRECTION('',(0.,-1.,0.));
#2760=DIRECTION('',(0.,0.,-1.));
#2761=DIRECTION('',(0.,0.,1.));
#2762=DIRECTION('',(1.,0.,0.));
#2763=DIRECTION('',(0.,0.,1.));
#2764=DIRECTION('',(0.866025403784439,0.5,0.));
#2765=DIRECTION('',(-0.5,0.866025403784439,0.));
#2766=DIRECTION('',(0.,0.,1.));
#2767=DIRECTION('',(-0.5,0.866025403784439,0.));
#2768=DIRECTION('',(-0.866025403784438,0.5,0.));
#2769=DIRECTION('',(-0.5,-0.866025403784439,0.));
#2770=DIRECTION('',(0.,0.,1.));
#2771=DIRECTION('',(-0.5,-0.866025403784439,0.));
#2772=DIRECTION('',(0.,-1.,0.));
#2773=DIRECTION('',(0.,0.,-1.));
#2774=DIRECTION('',(0.,0.,1.));
#2775=DIRECTION('',(1.,0.,0.));
#2776=DIRECTION('',(-0.866025403784438,0.5,0.));
#2777=DIRECTION('',(-0.5,-0.866025403784439,0.));
#2778=DIRECTION('',(0.,0.,1.));
#2779=DIRECTION('',(-0.5,-0.866025403784439,0.));
#2780=DIRECTION('',(0.866025403784439,0.5,0.));
#2781=DIRECTION('',(-0.5,0.866025403784439,0.));
#2782=DIRECTION('',(-0.5,0.866025403784439,0.));
#2783=DIRECTION('',(0.,0.,1.));
#2784=DIRECTION('',(1.,0.,0.));
#2785=DIRECTION('',(0.,-1.,0.));
#2786=DIRECTION('',(0.,0.,-1.));
#2787=DIRECTION('',(0.,-1.,0.));
#2788=DIRECTION('',(0.,0.,-1.));
#2789=DIRECTION('',(0.,-1.,0.));
#2790=DIRECTION('',(0.,0.,-1.));
#2791=DIRECTION('',(0.,-1.,0.));
#2792=DIRECTION('',(0.,0.,-1.));
#2793=DIRECTION('',(0.,-1.,0.));
#2794=DIRECTION('',(0.,0.,-1.));
#2795=DIRECTION('',(0.,-1.,0.));
#2796=DIRECTION('',(0.,0.,-1.));
#2797=DIRECTION('',(0.,-1.,0.));
#2798=DIRECTION('',(0.,0.,-1.));
#2799=DIRECTION('',(0.,-1.,0.));
#2800=DIRECTION('',(0.,0.,-1.));
#2801=DIRECTION('',(0.,-1.,0.));
#2802=DIRECTION('',(0.,0.,-1.));
#2803=DIRECTION('',(0.,-1.,0.));
#2804=DIRECTION('',(0.,0.,-1.));
#2805=DIRECTION('',(0.,-1.,0.));
#2806=DIRECTION('',(0.,0.,-1.));
#2807=DIRECTION('',(0.,-1.,0.));
#2808=DIRECTION('',(0.,0.,-1.));
#2809=DIRECTION('',(0.,-1.,0.));
#2810=DIRECTION('',(0.,0.,-1.));
#2811=DIRECTION('',(0.,-1.,0.));
#2812=DIRECTION('',(0.,0.,-1.));
#2813=DIRECTION('',(0.,-1.,0.));
#2814=DIRECTION('',(0.,0.,-1.));
#2815=DIRECTION('',(0.,-1.,0.));
#2816=DIRECTION('',(0.,0.,-1.));
#2817=DIRECTION('',(0.,-1.,0.));
#2818=DIRECTION('',(0.,0.,-1.));
#2819=DIRECTION('',(-0.707106781186548,-0.707106781186548,0.));
#2820=DIRECTION('',(0.707106781186548,-0.707106781186548,0.));
#2821=DIRECTION('',(0.707106781186548,-0.707106781186548,0.));
#2822=DIRECTION('',(-0.707106781186548,-0.707106781186548,0.));
#2823=DIRECTION('',(0.,-1.,0.));
#2824=DIRECTION('',(0.,0.,-1.));
#2825=DIRECTION('',(-0.707106781186548,-0.707106781186548,0.));
#2826=DIRECTION('',(0.707106781186548,-0.707106781186548,0.));
#2827=DIRECTION('',(0.707106781186548,-0.707106781186548,0.));
#2828=DIRECTION('',(-0.707106781186548,-0.707106781186548,0.));
#2829=DIRECTION('',(0.,-1.,0.));
#2830=DIRECTION('',(0.,0.,-1.));
#2831=DIRECTION('',(-0.707106781186548,-0.707106781186548,0.));
#2832=DIRECTION('',(0.707106781186548,-0.707106781186548,0.));
#2833=DIRECTION('',(0.707106781186548,-0.707106781186548,0.));
#2834=DIRECTION('',(-0.707106781186548,-0.707106781186548,0.));
#2835=DIRECTION('',(0.,-1.,0.));
#2836=DIRECTION('',(0.,0.,-1.));
#2837=DIRECTION('',(-0.707106781186548,-0.707106781186548,0.));
#2838=DIRECTION('',(0.707106781186548,-0.707106781186548,0.));
#2839=DIRECTION('',(0.707106781186548,-0.707106781186548,0.));
#2840=DIRECTION('',(-0.707106781186548,-0.707106781186548,0.));
#2841=DIRECTION('',(0.,0.,1.));
#2842=DIRECTION('',(1.,0.,0.));
#2843=DIRECTION('',(0.,0.,1.));
#2844=DIRECTION('',(1.,0.,0.));
#2845=DIRECTION('',(0.,0.,-1.));
#2846=DIRECTION('',(-1.,0.,0.));
#2847=DIRECTION('',(0.,0.,1.));
#2848=DIRECTION('',(1.,0.,0.));
#2849=DIRECTION('',(0.,0.,1.));
#2850=DIRECTION('',(1.,0.,0.));
#2851=DIRECTION('',(1.,-2.3521674250533E-16,0.));
#2852=DIRECTION('',(2.3521674250533E-16,1.,0.));
#2853=DIRECTION('',(1.,-2.3521674250533E-16,0.));
#2854=DIRECTION('',(2.3521674250533E-16,1.,0.));
#2855=DIRECTION('',(1.,-2.3521674250533E-16,0.));
#2856=DIRECTION('',(2.3521674250533E-16,1.,0.));
#2857=DIRECTION('',(1.,-2.3521674250533E-16,0.));
#2858=DIRECTION('',(2.3521674250533E-16,1.,0.));
#2859=DIRECTION('',(1.,-2.3521674250533E-16,0.));
#2860=DIRECTION('',(2.3521674250533E-16,1.,0.));
#2861=DIRECTION('',(1.,-2.3521674250533E-16,0.));
#2862=DIRECTION('',(2.3521674250533E-16,1.,0.));
#2863=DIRECTION('',(1.,-2.3521674250533E-16,0.));
#2864=DIRECTION('',(2.3521674250533E-16,1.,0.));
#2865=DIRECTION('',(1.,-2.3521674250533E-16,0.));
#2866=DIRECTION('',(2.3521674250533E-16,1.,0.));
#2867=DIRECTION('',(1.,-2.3521674250533E-16,0.));
#2868=DIRECTION('',(2.3521674250533E-16,1.,0.));
#2869=DIRECTION('',(1.,-2.3521674250533E-16,0.));
#2870=DIRECTION('',(2.3521674250533E-16,1.,0.));
#2871=DIRECTION('',(1.,-2.3521674250533E-16,0.));
#2872=DIRECTION('',(2.3521674250533E-16,1.,0.));
#2873=DIRECTION('',(1.,-2.3521674250533E-16,0.));
#2874=DIRECTION('',(2.3521674250533E-16,1.,0.));
#2875=DIRECTION('',(1.,-2.3521674250533E-16,0.));
#2876=DIRECTION('',(2.3521674250533E-16,1.,0.));
#2877=DIRECTION('',(1.,-2.3521674250533E-16,0.));
#2878=DIRECTION('',(2.3521674250533E-16,1.,0.));
#2879=DIRECTION('',(1.,-2.3521674250533E-16,0.));
#2880=DIRECTION('',(2.3521674250533E-16,1.,0.));
#2881=DIRECTION('',(1.,-2.3521674250533E-16,0.));
#2882=DIRECTION('',(2.3521674250533E-16,1.,0.));
#2883=DIRECTION('',(1.,-2.3521674250533E-16,0.));
#2884=DIRECTION('',(2.3521674250533E-16,1.,0.));
#2885=DIRECTION('',(1.,-2.3521674250533E-16,0.));
#2886=DIRECTION('',(2.3521674250533E-16,1.,0.));
#2887=DIRECTION('',(1.,-2.3521674250533E-16,0.));
#2888=DIRECTION('',(2.3521674250533E-16,1.,0.));
#2889=DIRECTION('',(1.,-2.3521674250533E-16,0.));
#2890=DIRECTION('',(2.3521674250533E-16,1.,0.));
#2891=DIRECTION('',(1.,-2.3521674250533E-16,0.));
#2892=DIRECTION('',(2.3521674250533E-16,1.,0.));
#2893=DIRECTION('',(1.,-2.3521674250533E-16,0.));
#2894=DIRECTION('',(2.3521674250533E-16,1.,0.));
#2895=DIRECTION('',(1.,-2.3521674250533E-16,0.));
#2896=DIRECTION('',(2.3521674250533E-16,1.,0.));
#2897=DIRECTION('',(1.,-2.3521674250533E-16,0.));
#2898=DIRECTION('',(2.3521674250533E-16,1.,0.));
#2899=DIRECTION('',(0.,1.,0.));
#2900=DIRECTION('',(0.,0.,1.));
#2901=DIRECTION('',(0.,1.,0.));
#2902=DIRECTION('',(0.,0.,1.));
#2903=DIRECTION('',(-0.707106781186548,0.707106781186548,0.));
#2904=DIRECTION('',(-0.707106781186548,-0.707106781186548,0.));
#2905=DIRECTION('',(-0.707106781186547,0.707106781186548,0.));
#2906=DIRECTION('',(-0.707106781186548,-0.707106781186547,0.));
#2907=DIRECTION('',(-1.,-3.28623193366651E-16,0.));
#2908=DIRECTION('',(3.28623193366651E-16,-1.,0.));
#2909=DIRECTION('',(-1.,-3.28623193366651E-16,0.));
#2910=DIRECTION('',(3.28623193366651E-16,-1.,0.));
#2911=DIRECTION('',(-0.707106781186548,-0.707106781186548,0.));
#2912=DIRECTION('',(0.707106781186548,-0.707106781186548,0.));
#2913=DIRECTION('',(-0.707106781186548,-0.707106781186548,0.));
#2914=DIRECTION('',(0.707106781186548,-0.707106781186548,0.));
#2915=DIRECTION('',(0.,-1.,0.));
#2916=DIRECTION('',(0.,0.,-1.));
#2917=DIRECTION('',(0.,-1.,0.));
#2918=DIRECTION('',(0.,0.,-1.));
#2919=DIRECTION('',(0.707106781186548,-0.707106781186548,0.));
#2920=DIRECTION('',(0.707106781186548,0.707106781186548,0.));
#2921=DIRECTION('',(0.707106781186548,-0.707106781186548,0.));
#2922=DIRECTION('',(0.707106781186548,0.707106781186548,0.));
#2923=DIRECTION('',(1.,-3.28623193366651E-16,0.));
#2924=DIRECTION('',(3.28623193366651E-16,1.,0.));
#2925=DIRECTION('',(1.,-3.28623193366651E-16,0.));
#2926=DIRECTION('',(3.28623193366651E-16,1.,0.));
#2927=DIRECTION('',(0.707106781186548,0.707106781186548,0.));
#2928=DIRECTION('',(-0.707106781186548,0.707106781186548,0.));
#2929=DIRECTION('',(0.707106781186548,0.707106781186548,0.));
#2930=DIRECTION('',(-0.707106781186548,0.707106781186548,0.));
#2931=CARTESIAN_POINT('',(0.,0.,0.));
#2932=CARTESIAN_POINT('',(7.80625564189563E-18,4.44522890719057E-18,0.34));
#2933=CARTESIAN_POINT('',(-0.00984343942444571,0.00196092660913826,0.0519573162901522));
#2934=CARTESIAN_POINT('',(-0.0100782264926072,-3.57910970732317E-7,0.0527712743401991));
#2935=CARTESIAN_POINT('',(-0.00984365460512543,-0.00195949496525531,0.0519575863490514));
#2936=CARTESIAN_POINT('',(-0.00960183618152135,-0.00277036812512434,0.0500028773845574));
#2937=CARTESIAN_POINT('',(-0.00984375163327084,-0.0019590295467421,0.048040371168621));
#2938=CARTESIAN_POINT('',(-0.0100780235234401,-1.18890949251613E-6,0.0472301098356086));
#2939=CARTESIAN_POINT('',(-0.00984415393730462,0.00195743855558598,0.0480391908316014));
#2940=CARTESIAN_POINT('',(-0.00960178934155886,0.00277040819092885,0.0499989023884008));
#2941=CARTESIAN_POINT('',(-0.00984343942444571,0.00196092660913826,0.0519573162901522));
#2942=CARTESIAN_POINT('',(-0.0100782264926072,-3.57910970732317E-7,0.0527712743401991));
#2943=CARTESIAN_POINT('',(-0.00984365460512543,-0.00195949496525531,0.0519575863490514));
#2944=CARTESIAN_POINT('',(-0.01,1.16028899804851E-17,0.0525));
#2945=CARTESIAN_POINT('',(0.00984408847343575,0.00195756163222889,0.0519606726687135));
#2946=CARTESIAN_POINT('',(0.00960169683303617,0.00277114833103039,0.0499996436639992));
#2947=CARTESIAN_POINT('',(0.00984387438753087,0.00195784504364956,0.0480407526752898));
#2948=CARTESIAN_POINT('',(0.0100780864360751,2.83840746443096E-6,0.0472295092560759));
#2949=CARTESIAN_POINT('',(0.00984377914109206,-0.0019598579452074,0.048041213208714));
#2950=CARTESIAN_POINT('',(0.00960189901479967,-0.00276976914963219,0.0499987970018627));
#2951=CARTESIAN_POINT('',(0.00984337534578077,-0.00196106408925477,0.0519571948576733));
#2952=CARTESIAN_POINT('',(0.0100781339200401,-1.06208399968747E-6,0.05277053261778));
#2953=CARTESIAN_POINT('',(0.00984408847343575,0.00195756163222889,0.0519606726687135));
#2954=CARTESIAN_POINT('',(0.00960169683303617,0.00277114833103039,0.0499996436639992));
#2955=CARTESIAN_POINT('',(0.00984387438753087,0.00195784504364956,0.0480407526752898));
#2956=CARTESIAN_POINT('',(0.00968245836551856,0.0025,0.05));
#2957=CARTESIAN_POINT('',(-0.00984343942444571,0.00196092660913826,0.0769573162901522));
#2958=CARTESIAN_POINT('',(-0.0100782264926072,-3.57910970736979E-7,0.0777712743401991));
#2959=CARTESIAN_POINT('',(-0.00984365460512544,-0.00195949496525529,0.0769575863490514));
#2960=CARTESIAN_POINT('',(-0.00960183618152135,-0.00277036812512435,0.0750028773845574));
#2961=CARTESIAN_POINT('',(-0.00984375163327084,-0.00195902954674209,0.073040371168621));
#2962=CARTESIAN_POINT('',(-0.0100780235234401,-1.1889094925227E-6,0.0722301098356086));
#2963=CARTESIAN_POINT('',(-0.00984415393730462,0.00195743855558599,0.0730391908316015));
#2964=CARTESIAN_POINT('',(-0.00960178934155886,0.00277040819092885,0.0749989023884008));
#2965=CARTESIAN_POINT('',(-0.00984343942444571,0.00196092660913826,0.0769573162901522));
#2966=CARTESIAN_POINT('',(-0.0100782264926072,-3.57910970736979E-7,0.0777712743401991));
#2967=CARTESIAN_POINT('',(-0.00984365460512544,-0.00195949496525529,0.0769575863490514));
#2968=CARTESIAN_POINT('',(-0.01,3.59140727201354E-18,0.0775));
#2969=CARTESIAN_POINT('',(0.00984408847343574,0.00195756163222889,0.0769606726687135));
#2970=CARTESIAN_POINT('',(0.00960169683303617,0.00277114833103039,0.0749996436639992));
#2971=CARTESIAN_POINT('',(0.00984387438753087,0.00195784504364955,0.0730407526752898));
#2972=CARTESIAN_POINT('',(0.0100780864360751,2.83840746443374E-6,0.0722295092560758));
#2973=CARTESIAN_POINT('',(0.00984377914109207,-0.00195985794520741,0.073041213208714));
#2974=CARTESIAN_POINT('',(0.00960189901479966,-0.00276976914963219,0.0749987970018627));
#2975=CARTESIAN_POINT('',(0.00984337534578078,-0.00196106408925477,0.0769571948576733));
#2976=CARTESIAN_POINT('',(0.0100781339200401,-1.06208399967492E-6,0.07777053261778));
#2977=CARTESIAN_POINT('',(0.00984408847343574,0.00195756163222889,0.0769606726687135));
#2978=CARTESIAN_POINT('',(0.00960169683303617,0.00277114833103039,0.0749996436639992));
#2979=CARTESIAN_POINT('',(0.00984387438753087,0.00195784504364955,0.0730407526752898));
#2980=CARTESIAN_POINT('',(0.00968245836551856,0.0025,0.075));
#2981=CARTESIAN_POINT('',(-0.00984343942444571,0.00196092660913825,0.101957316290152));
#2982=CARTESIAN_POINT('',(-0.0100782264926072,-3.57910970730907E-7,0.102771274340199));
#2983=CARTESIAN_POINT('',(-0.00984365460512543,-0.0019594949652553,0.101957586349051));
#2984=CARTESIAN_POINT('',(-0.00960183618152135,-0.00277036812512432,0.100002877384557));
#2985=CARTESIAN_POINT('',(-0.00984375163327085,-0.00195902954674205,0.098040371168621));
#2986=CARTESIAN_POINT('',(-0.0100780235234401,-1.18890949246824E-6,0.0972301098356086));
#2987=CARTESIAN_POINT('',(-0.00984415393730461,0.00195743855558605,0.0980391908316015));
#2988=CARTESIAN_POINT('',(-0.00960178934155885,0.00277040819092887,0.0999989023884008));
#2989=CARTESIAN_POINT('',(-0.00984343942444571,0.00196092660913825,0.101957316290152));
#2990=CARTESIAN_POINT('',(-0.0100782264926072,-3.57910970730907E-7,0.102771274340199));
#2991=CARTESIAN_POINT('',(-0.00984365460512543,-0.0019594949652553,0.101957586349051));
#2992=CARTESIAN_POINT('',(-0.01,4.43376894435429E-18,0.1025));
#2993=CARTESIAN_POINT('',(0.00984408847343574,0.00195756163222891,0.101960672668714));
#2994=CARTESIAN_POINT('',(0.00960169683303616,0.00277114833103043,0.0999996436639992));
#2995=CARTESIAN_POINT('',(0.00984387438753087,0.00195784504364957,0.0980407526752898));
#2996=CARTESIAN_POINT('',(0.0100780864360751,2.83840746445459E-6,0.0972295092560758));
#2997=CARTESIAN_POINT('',(0.00984377914109207,-0.00195985794520739,0.098041213208714));
#2998=CARTESIAN_POINT('',(0.00960189901479967,-0.00276976914963217,0.0999987970018627));
#2999=CARTESIAN_POINT('',(0.00984337534578078,-0.00196106408925474,0.101957194857673));
#3000=CARTESIAN_POINT('',(0.0100781339200401,-1.06208399964955E-6,0.10277053261778));
#3001=CARTESIAN_POINT('',(0.00984408847343574,0.00195756163222891,0.101960672668714));
#3002=CARTESIAN_POINT('',(0.00960169683303616,0.00277114833103043,0.0999996436639992));
#3003=CARTESIAN_POINT('',(0.00984387438753087,0.00195784504364957,0.0980407526752898));
#3004=CARTESIAN_POINT('',(0.00968245836551855,0.00250000000000004,0.1));
#3005=CARTESIAN_POINT('',(-0.00984343942444571,0.00196092660913826,0.126957316290152));
#3006=CARTESIAN_POINT('',(-0.0100782264926072,-3.57910970731341E-7,0.127771274340199));
#3007=CARTESIAN_POINT('',(-0.00984365460512544,-0.0019594949652553,0.126957586349051));
#3008=CARTESIAN_POINT('',(-0.00960183618152134,-0.00277036812512435,0.125002877384557));
#3009=CARTESIAN_POINT('',(-0.00984375163327085,-0.00195902954674207,0.123040371168621));
#3010=CARTESIAN_POINT('',(-0.0100780235234401,-1.18890949252082E-6,0.122230109835609));
#3011=CARTESIAN_POINT('',(-0.00984415393730462,0.00195743855558599,0.123039190831601));
#3012=CARTESIAN_POINT('',(-0.00960178934155886,0.00277040819092885,0.124998902388401));
#3013=CARTESIAN_POINT('',(-0.00984343942444571,0.00196092660913826,0.126957316290152));
#3014=CARTESIAN_POINT('',(-0.0100782264926072,-3.57910970731341E-7,0.127771274340199));
#3015=CARTESIAN_POINT('',(-0.00984365460512544,-0.0019594949652553,0.126957586349051));
#3016=CARTESIAN_POINT('',(-0.01,1.50574312866995E-18,0.1275));
#3017=CARTESIAN_POINT('',(0.00984408847343574,0.0019575616322289,0.126960672668714));
#3018=CARTESIAN_POINT('',(0.00960169683303617,0.00277114833103038,0.124999643663999));
#3019=CARTESIAN_POINT('',(0.00984387438753087,0.00195784504364957,0.12304075267529));
#3020=CARTESIAN_POINT('',(0.0100780864360751,2.83840746442786E-6,0.122229509256076));
#3021=CARTESIAN_POINT('',(0.00984377914109207,-0.00195985794520739,0.123041213208714));
#3022=CARTESIAN_POINT('',(0.00960189901479966,-0.0027697691496322,0.124998797001863));
#3023=CARTESIAN_POINT('',(0.00984337534578078,-0.00196106408925477,0.126957194857673));
#3024=CARTESIAN_POINT('',(0.0100781339200401,-1.06208399968332E-6,0.12777053261778));
#3025=CARTESIAN_POINT('',(0.00984408847343574,0.0019575616322289,0.126960672668714));
#3026=CARTESIAN_POINT('',(0.00960169683303617,0.00277114833103038,0.124999643663999));
#3027=CARTESIAN_POINT('',(0.00984387438753087,0.00195784504364957,0.12304075267529));
#3028=CARTESIAN_POINT('',(0.00968245836551856,0.0025,0.125));
#3029=CARTESIAN_POINT('',(-0.00984343942444571,0.00196092660913826,0.151957316290152));
#3030=CARTESIAN_POINT('',(-0.0100782264926072,-3.57910970742725E-7,0.152771274340199));
#3031=CARTESIAN_POINT('',(-0.00984365460512544,-0.00195949496525526,0.151957586349051));
#3032=CARTESIAN_POINT('',(-0.00960183618152135,-0.00277036812512435,0.150002877384557));
#3033=CARTESIAN_POINT('',(-0.00984375163327084,-0.0019590295467421,0.148040371168621));
#3034=CARTESIAN_POINT('',(-0.0100780235234401,-1.1889094925217E-6,0.147230109835609));
#3035=CARTESIAN_POINT('',(-0.00984415393730462,0.00195743855558598,0.148039190831601));
#3036=CARTESIAN_POINT('',(-0.00960178934155886,0.00277040819092885,0.149998902388401));
#3037=CARTESIAN_POINT('',(-0.00984343942444571,0.00196092660913826,0.151957316290152));
#3038=CARTESIAN_POINT('',(-0.0100782264926072,-3.57910970742725E-7,0.152771274340199));
#3039=CARTESIAN_POINT('',(-0.00984365460512544,-0.00195949496525526,0.151957586349051));
#3040=CARTESIAN_POINT('',(-0.01,1.30925133730477E-18,0.1525));
#3041=CARTESIAN_POINT('',(0.00984408847343575,0.00195756163222889,0.151960672668714));
#3042=CARTESIAN_POINT('',(0.00960169683303617,0.00277114833103038,0.149999643663999));
#3043=CARTESIAN_POINT('',(0.00984387438753087,0.00195784504364957,0.14804075267529));
#3044=CARTESIAN_POINT('',(0.0100780864360751,2.83840746442184E-6,0.147229509256076));
#3045=CARTESIAN_POINT('',(0.00984377914109207,-0.00195985794520737,0.148041213208714));
#3046=CARTESIAN_POINT('',(0.00960189901479966,-0.0027697691496322,0.149998797001863));
#3047=CARTESIAN_POINT('',(0.00984337534578078,-0.00196106408925477,0.151957194857673));
#3048=CARTESIAN_POINT('',(0.0100781339200401,-1.06208399964646E-6,0.15277053261778));
#3049=CARTESIAN_POINT('',(0.00984408847343575,0.00195756163222889,0.151960672668714));
#3050=CARTESIAN_POINT('',(0.00960169683303617,0.00277114833103038,0.149999643663999));
#3051=CARTESIAN_POINT('',(0.00984387438753087,0.00195784504364957,0.14804075267529));
#3052=CARTESIAN_POINT('',(0.00968245836551856,0.0025,0.15));
#3053=CARTESIAN_POINT('',(-0.00984343942444571,0.00196092660913826,0.176957316290152));
#3054=CARTESIAN_POINT('',(-0.0100782264926072,-3.57910970743701E-7,0.177771274340199));
#3055=CARTESIAN_POINT('',(-0.00984365460512544,-0.00195949496525526,0.176957586349051));
#3056=CARTESIAN_POINT('',(-0.00960183618152134,-0.00277036812512436,0.175002877384557));
#3057=CARTESIAN_POINT('',(-0.00984375163327084,-0.00195902954674207,0.173040371168621));
#3058=CARTESIAN_POINT('',(-0.0100780235234401,-1.18890949253661E-6,0.172230109835609));
#3059=CARTESIAN_POINT('',(-0.00984415393730462,0.00195743855558599,0.173039190831601));
#3060=CARTESIAN_POINT('',(-0.00960178934155886,0.00277040819092884,0.174998902388401));
#3061=CARTESIAN_POINT('',(-0.00984343942444571,0.00196092660913826,0.176957316290152));
#3062=CARTESIAN_POINT('',(-0.0100782264926072,-3.57910970743701E-7,0.177771274340199));
#3063=CARTESIAN_POINT('',(-0.00984365460512544,-0.00195949496525526,0.176957586349051));
#3064=CARTESIAN_POINT('',(-0.01,7.60599108355574E-19,0.1775));
#3065=CARTESIAN_POINT('',(0.00984408847343575,0.00195756163222888,0.176960672668714));
#3066=CARTESIAN_POINT('',(0.00960169683303617,0.00277114833103039,0.174999643663999));
#3067=CARTESIAN_POINT('',(0.00984387438753087,0.00195784504364957,0.17304075267529));
#3068=CARTESIAN_POINT('',(0.0100780864360751,2.83840746443482E-6,0.172229509256076));
#3069=CARTESIAN_POINT('',(0.00984377914109206,-0.00195985794520741,0.173041213208714));
#3070=CARTESIAN_POINT('',(0.00960189901479966,-0.0027697691496322,0.174998797001863));
#3071=CARTESIAN_POINT('',(0.00984337534578078,-0.00196106408925474,0.176957194857673));
#3072=CARTESIAN_POINT('',(0.0100781339200401,-1.06208399963244E-6,0.17777053261778));
#3073=CARTESIAN_POINT('',(0.00984408847343575,0.00195756163222888,0.176960672668714));
#3074=CARTESIAN_POINT('',(0.00960169683303617,0.00277114833103039,0.174999643663999));
#3075=CARTESIAN_POINT('',(0.00984387438753087,0.00195784504364957,0.17304075267529));
#3076=CARTESIAN_POINT('',(0.00968245836551856,0.0025,0.175));
#3077=CARTESIAN_POINT('',(-0.00984343942444571,0.00196092660913826,0.201957316290152));
#3078=CARTESIAN_POINT('',(-0.0100782264926072,-3.57910970742779E-7,0.202771274340199));
#3079=CARTESIAN_POINT('',(-0.00984365460512544,-0.00195949496525526,0.201957586349051));
#3080=CARTESIAN_POINT('',(-0.00960183618152134,-0.00277036812512436,0.200002877384557));
#3081=CARTESIAN_POINT('',(-0.00984375163327084,-0.00195902954674207,0.198040371168621));
#3082=CARTESIAN_POINT('',(-0.0100780235234401,-1.18890949252989E-6,0.197230109835609));
#3083=CARTESIAN_POINT('',(-0.00984415393730462,0.00195743855558599,0.198039190831601));
#3084=CARTESIAN_POINT('',(-0.00960178934155886,0.00277040819092884,0.199998902388401));
#3085=CARTESIAN_POINT('',(-0.00984343942444571,0.00196092660913826,0.201957316290152));
#3086=CARTESIAN_POINT('',(-0.0100782264926072,-3.57910970742779E-7,0.202771274340199));
#3087=CARTESIAN_POINT('',(-0.00984365460512544,-0.00195949496525526,0.201957586349051));
#3088=CARTESIAN_POINT('',(-0.01,1.50913126047159E-18,0.2025));
#3089=CARTESIAN_POINT('',(0.00984408847343574,0.00195756163222888,0.201960672668714));
#3090=CARTESIAN_POINT('',(0.00960169683303617,0.00277114833103039,0.199999643663999));
#3091=CARTESIAN_POINT('',(0.00984387438753087,0.00195784504364957,0.19804075267529));
#3092=CARTESIAN_POINT('',(0.0100780864360751,2.83840746443882E-6,0.197229509256076));
#3093=CARTESIAN_POINT('',(0.00984377914109207,-0.00195985794520741,0.198041213208714));
#3094=CARTESIAN_POINT('',(0.00960189901479966,-0.00276976914963219,0.199998797001863));
#3095=CARTESIAN_POINT('',(0.00984337534578077,-0.00196106408925478,0.201957194857673));
#3096=CARTESIAN_POINT('',(0.0100781339200401,-1.06208399963933E-6,0.20277053261778));
#3097=CARTESIAN_POINT('',(0.00984408847343574,0.00195756163222888,0.201960672668714));
#3098=CARTESIAN_POINT('',(0.00960169683303617,0.00277114833103039,0.199999643663999));
#3099=CARTESIAN_POINT('',(0.00984387438753087,0.00195784504364957,0.19804075267529));
#3100=CARTESIAN_POINT('',(0.00968245836551856,0.0025,0.2));
#3101=CARTESIAN_POINT('',(-0.00984343942444571,0.00196092660913824,0.226957316290152));
#3102=CARTESIAN_POINT('',(-0.0100782264926072,-3.57910970722396E-7,0.227771274340199));
#3103=CARTESIAN_POINT('',(-0.00984365460512543,-0.00195949496525532,0.226957586349051));
#3104=CARTESIAN_POINT('',(-0.00960183618152133,-0.00277036812512439,0.225002877384558));
#3105=CARTESIAN_POINT('',(-0.00984375163327082,-0.00195902954674218,0.223040371168621));
#3106=CARTESIAN_POINT('',(-0.0100780235234401,-1.188909492624E-6,0.222230109835609));
#3107=CARTESIAN_POINT('',(-0.00984415393730464,0.00195743855558592,0.223039190831601));
#3108=CARTESIAN_POINT('',(-0.00960178934155887,0.0027704081909288,0.224998902388401));
#3109=CARTESIAN_POINT('',(-0.00984343942444571,0.00196092660913824,0.226957316290152));
#3110=CARTESIAN_POINT('',(-0.0100782264926072,-3.57910970722396E-7,0.227771274340199));
#3111=CARTESIAN_POINT('',(-0.00984365460512543,-0.00195949496525532,0.226957586349051));
#3112=CARTESIAN_POINT('',(-0.01,-1.22339078471685E-19,0.2275));
#3113=CARTESIAN_POINT('',(0.00984408847343575,0.00195756163222885,0.226960672668714));
#3114=CARTESIAN_POINT('',(0.00960169683303618,0.00277114833103037,0.224999643663999));
#3115=CARTESIAN_POINT('',(0.00984387438753088,0.00195784504364951,0.22304075267529));
#3116=CARTESIAN_POINT('',(0.0100780864360751,2.83840746438598E-6,0.222229509256076));
#3117=CARTESIAN_POINT('',(0.00984377914109206,-0.00195985794520745,0.223041213208714));
#3118=CARTESIAN_POINT('',(0.00960189901479965,-0.00276976914963225,0.224998797001863));
#3119=CARTESIAN_POINT('',(0.00984337534578077,-0.00196106408925476,0.226957194857673));
#3120=CARTESIAN_POINT('',(0.0100781339200401,-1.0620839997941E-6,0.22777053261778));
#3121=CARTESIAN_POINT('',(0.00984408847343575,0.00195756163222885,0.226960672668714));
#3122=CARTESIAN_POINT('',(0.00960169683303618,0.00277114833103037,0.224999643663999));
#3123=CARTESIAN_POINT('',(0.00984387438753088,0.00195784504364951,0.22304075267529));
#3124=CARTESIAN_POINT('',(0.00968245836551857,0.00249999999999997,0.225));
#3125=CARTESIAN_POINT('',(-0.00984343942444571,0.00196092660913827,0.251957316290152));
#3126=CARTESIAN_POINT('',(-0.0100782264926072,-3.57910970735027E-7,0.252771274340199));
#3127=CARTESIAN_POINT('',(-0.00984365460512543,-0.0019594949652553,0.251957586349051));
#3128=CARTESIAN_POINT('',(-0.00960183618152135,-0.00277036812512435,0.250002877384557));
#3129=CARTESIAN_POINT('',(-0.00984375163327085,-0.00195902954674206,0.248040371168621));
#3130=CARTESIAN_POINT('',(-0.0100780235234401,-1.18890949252653E-6,0.247230109835609));
#3131=CARTESIAN_POINT('',(-0.00984415393730462,0.001957438555586,0.248039190831601));
#3132=CARTESIAN_POINT('',(-0.00960178934155886,0.00277040819092884,0.249998902388401));
#3133=CARTESIAN_POINT('',(-0.00984343942444571,0.00196092660913827,0.251957316290152));
#3134=CARTESIAN_POINT('',(-0.0100782264926072,-3.57910970735027E-7,0.252771274340199));
#3135=CARTESIAN_POINT('',(-0.00984365460512543,-0.0019594949652553,0.251957586349051));
#3136=CARTESIAN_POINT('',(-0.01,1.48756621349234E-17,0.2525));
#3137=CARTESIAN_POINT('',(0.00984408847343574,0.00195756163222886,0.251960672668713));
#3138=CARTESIAN_POINT('',(0.00960169683303619,0.0027711483310304,0.249999643663999));
#3139=CARTESIAN_POINT('',(0.00984387438753087,0.00195784504364956,0.24804075267529));
#3140=CARTESIAN_POINT('',(0.0100780864360751,2.83840746445424E-6,0.247229509256076));
#3141=CARTESIAN_POINT('',(0.00984377914109206,-0.00195985794520743,0.248041213208714));
#3142=CARTESIAN_POINT('',(0.00960189901479967,-0.00276976914963218,0.249998797001863));
#3143=CARTESIAN_POINT('',(0.00984337534578077,-0.00196106408925479,0.251957194857673));
#3144=CARTESIAN_POINT('',(0.0100781339200401,-1.06208399963125E-6,0.25277053261778));
#3145=CARTESIAN_POINT('',(0.00984408847343574,0.00195756163222886,0.251960672668713));
#3146=CARTESIAN_POINT('',(0.00960169683303619,0.0027711483310304,0.249999643663999));
#3147=CARTESIAN_POINT('',(0.00984387438753087,0.00195784504364956,0.24804075267529));
#3148=CARTESIAN_POINT('',(0.00968245836551857,0.0025,0.25));
#3149=CARTESIAN_POINT('',(-0.00984343942444571,0.00196092660913825,0.276957316290152));
#3150=CARTESIAN_POINT('',(-0.0100782264926072,-3.57910970729877E-7,0.277771274340199));
#3151=CARTESIAN_POINT('',(-0.00984365460512543,-0.00195949496525531,0.276957586349051));
#3152=CARTESIAN_POINT('',(-0.00960183618152135,-0.00277036812512435,0.275002877384557));
#3153=CARTESIAN_POINT('',(-0.00984375163327084,-0.00195902954674209,0.273040371168621));
#3154=CARTESIAN_POINT('',(-0.0100780235234401,-1.18890949251479E-6,0.272230109835609));
#3155=CARTESIAN_POINT('',(-0.00984415393730462,0.00195743855558601,0.273039190831601));
#3156=CARTESIAN_POINT('',(-0.00960178934155886,0.00277040819092884,0.274998902388401));
#3157=CARTESIAN_POINT('',(-0.00984343942444571,0.00196092660913825,0.276957316290152));
#3158=CARTESIAN_POINT('',(-0.0100782264926072,-3.57910970729877E-7,0.277771274340199));
#3159=CARTESIAN_POINT('',(-0.00984365460512543,-0.00195949496525531,0.276957586349051));
#3160=CARTESIAN_POINT('',(-0.01,3.94580452899833E-18,0.2775));
#3161=CARTESIAN_POINT('',(0.00984408847343574,0.00195756163222886,0.276960672668713));
#3162=CARTESIAN_POINT('',(0.00960169683303617,0.0027711483310304,0.274999643663999));
#3163=CARTESIAN_POINT('',(0.00984387438753088,0.00195784504364953,0.27304075267529));
#3164=CARTESIAN_POINT('',(0.0100780864360751,2.83840746446057E-6,0.272229509256076));
#3165=CARTESIAN_POINT('',(0.00984377914109206,-0.00195985794520746,0.273041213208714));
#3166=CARTESIAN_POINT('',(0.00960189901479967,-0.00276976914963217,0.274998797001863));
#3167=CARTESIAN_POINT('',(0.00984337534578077,-0.0019610640892548,0.276957194857673));
#3168=CARTESIAN_POINT('',(0.0100781339200401,-1.06208399962789E-6,0.27777053261778));
#3169=CARTESIAN_POINT('',(0.00984408847343574,0.00195756163222886,0.276960672668713));
#3170=CARTESIAN_POINT('',(0.00960169683303617,0.0027711483310304,0.274999643663999));
#3171=CARTESIAN_POINT('',(0.00984387438753088,0.00195784504364953,0.27304075267529));
#3172=CARTESIAN_POINT('',(0.00968245836551856,0.0025,0.275));
#3173=CARTESIAN_POINT('',(-0.00984343942444571,0.00196092660913826,0.301957316290152));
#3174=CARTESIAN_POINT('',(-0.0100782264926072,-3.5791097073313E-7,0.302771274340199));
#3175=CARTESIAN_POINT('',(-0.00984365460512543,-0.0019594949652553,0.301957586349051));
#3176=CARTESIAN_POINT('',(-0.00960183618152135,-0.00277036812512435,0.300002877384557));
#3177=CARTESIAN_POINT('',(-0.00984375163327084,-0.00195902954674208,0.298040371168621));
#3178=CARTESIAN_POINT('',(-0.0100780235234401,-1.18890949252538E-6,0.297230109835609));
#3179=CARTESIAN_POINT('',(-0.00984415393730463,0.00195743855558598,0.298039190831602));
#3180=CARTESIAN_POINT('',(-0.00960178934155886,0.00277040819092885,0.299998902388401));
#3181=CARTESIAN_POINT('',(-0.00984343942444571,0.00196092660913826,0.301957316290152));
#3182=CARTESIAN_POINT('',(-0.0100782264926072,-3.5791097073313E-7,0.302771274340199));
#3183=CARTESIAN_POINT('',(-0.00984365460512543,-0.0019594949652553,0.301957586349051));
#3184=CARTESIAN_POINT('',(-0.01,3.68161627646588E-18,0.3025));
#3185=CARTESIAN_POINT('',(0.00984408847343574,0.0019575616322289,0.301960672668714));
#3186=CARTESIAN_POINT('',(0.00960169683303617,0.00277114833103039,0.299999643663999));
#3187=CARTESIAN_POINT('',(0.00984387438753087,0.00195784504364953,0.29804075267529));
#3188=CARTESIAN_POINT('',(0.0100780864360751,2.83840746447126E-6,0.297229509256076));
#3189=CARTESIAN_POINT('',(0.00984377914109206,-0.00195985794520745,0.298041213208714));
#3190=CARTESIAN_POINT('',(0.00960189901479966,-0.00276976914963218,0.299998797001863));
#3191=CARTESIAN_POINT('',(0.00984337534578078,-0.00196106408925476,0.301957194857673));
#3192=CARTESIAN_POINT('',(0.0100781339200401,-1.06208399965329E-6,0.30277053261778));
#3193=CARTESIAN_POINT('',(0.00984408847343574,0.0019575616322289,0.301960672668714));
#3194=CARTESIAN_POINT('',(0.00960169683303617,0.00277114833103039,0.299999643663999));
#3195=CARTESIAN_POINT('',(0.00984387438753087,0.00195784504364953,0.29804075267529));
#3196=CARTESIAN_POINT('',(0.00968245836551856,0.0025,0.3));
#3197=CARTESIAN_POINT('',(-0.00984343942444571,0.00196092660913826,0.326957316290152));
#3198=CARTESIAN_POINT('',(-0.0100782264926072,-3.57910970731287E-7,0.327771274340199));
#3199=CARTESIAN_POINT('',(-0.00984365460512543,-0.0019594949652553,0.326957586349051));
#3200=CARTESIAN_POINT('',(-0.00960183618152135,-0.00277036812512435,0.325002877384558));
#3201=CARTESIAN_POINT('',(-0.00984375163327084,-0.00195902954674207,0.323040371168621));
#3202=CARTESIAN_POINT('',(-0.0100780235234401,-1.18890949253581E-6,0.322230109835609));
#3203=CARTESIAN_POINT('',(-0.00984415393730463,0.00195743855558598,0.323039190831601));
#3204=CARTESIAN_POINT('',(-0.00960178934155886,0.00277040819092885,0.324998902388401));
#3205=CARTESIAN_POINT('',(-0.00984343942444571,0.00196092660913826,0.326957316290152));
#3206=CARTESIAN_POINT('',(-0.0100782264926072,-3.57910970731287E-7,0.327771274340199));
#3207=CARTESIAN_POINT('',(-0.00984365460512543,-0.0019594949652553,0.326957586349051));
#3208=CARTESIAN_POINT('',(-0.01,3.68161627646588E-18,0.3275));
#3209=CARTESIAN_POINT('',(0.00984408847343574,0.00195756163222889,0.326960672668713));
#3210=CARTESIAN_POINT('',(0.00960169683303617,0.0027711483310304,0.324999643663999));
#3211=CARTESIAN_POINT('',(0.00984387438753088,0.00195784504364953,0.32304075267529));
#3212=CARTESIAN_POINT('',(0.0100780864360751,2.83840746447072E-6,0.322229509256076));
#3213=CARTESIAN_POINT('',(0.00984377914109206,-0.00195985794520746,0.323041213208714));
#3214=CARTESIAN_POINT('',(0.00960189901479967,-0.00276976914963217,0.324998797001863));
#3215=CARTESIAN_POINT('',(0.00984337534578077,-0.0019610640892548,0.326957194857673));
#3216=CARTESIAN_POINT('',(0.0100781339200401,-1.06208399963738E-6,0.32777053261778));
#3217=CARTESIAN_POINT('',(0.00984408847343574,0.00195756163222889,0.326960672668713));
#3218=CARTESIAN_POINT('',(0.00960169683303617,0.0027711483310304,0.324999643663999));
#3219=CARTESIAN_POINT('',(0.00984387438753088,0.00195784504364953,0.32304075267529));
#3220=CARTESIAN_POINT('',(0.00968245836551856,0.0025,0.325));
#3221=CARTESIAN_POINT('',(-0.00196092660913826,0.00984343942444572,0.0480426837098478));
#3222=CARTESIAN_POINT('',(3.57910970746412E-7,0.0100782264926072,0.0472287256598009));
#3223=CARTESIAN_POINT('',(0.0019594949652553,0.00984365460512545,0.0480424136509487));
#3224=CARTESIAN_POINT('',(0.00277036812512435,0.00960183618152136,0.0499971226154426));
#3225=CARTESIAN_POINT('',(0.00195902954674211,0.00984375163327085,0.051959628831379));
#3226=CARTESIAN_POINT('',(1.18890949253392E-6,0.0100780235234401,0.0527698901643914));
#3227=CARTESIAN_POINT('',(-0.00195743855558598,0.00984415393730463,0.0519608091683985));
#3228=CARTESIAN_POINT('',(-0.00277040819092884,0.00960178934155887,0.0500010976115992));
#3229=CARTESIAN_POINT('',(-0.00196092660913826,0.00984343942444572,0.0480426837098478));
#3230=CARTESIAN_POINT('',(3.57910970746412E-7,0.0100782264926072,0.0472287256598009));
#3231=CARTESIAN_POINT('',(0.0019594949652553,0.00984365460512545,0.0480424136509487));
#3232=CARTESIAN_POINT('',(5.42800749317609E-18,0.01,0.0475));
#3233=CARTESIAN_POINT('',(0.00196092660913827,-0.00984343942444571,0.0480426837098478));
#3234=CARTESIAN_POINT('',(-3.57910970736708E-7,-0.0100782264926072,0.0472287256598009));
#3235=CARTESIAN_POINT('',(-0.00195949496525529,-0.00984365460512543,0.0480424136509486));
#3236=CARTESIAN_POINT('',(-0.00277036812512434,-0.00960183618152135,0.0499971226154426));
#3237=CARTESIAN_POINT('',(-0.0019590295467421,-0.00984375163327084,0.051959628831379));
#3238=CARTESIAN_POINT('',(-1.18890949251914E-6,-0.0100780235234401,0.0527698901643915));
#3239=CARTESIAN_POINT('',(0.00195743855558598,-0.00984415393730463,0.0519608091683985));
#3240=CARTESIAN_POINT('',(0.00277040819092885,-0.00960178934155886,0.0500010976115992));
#3241=CARTESIAN_POINT('',(0.00196092660913827,-0.00984343942444571,0.0480426837098478));
#3242=CARTESIAN_POINT('',(-3.57910970736708E-7,-0.0100782264926072,0.0472287256598009));
#3243=CARTESIAN_POINT('',(-0.00195949496525529,-0.00984365460512543,0.0480424136509486));
#3244=CARTESIAN_POINT('',(4.24174710253434E-18,-0.01,0.0475));
#3245=CARTESIAN_POINT('',(-0.00196092660913826,0.00984343942444572,0.0730426837098477));
#3246=CARTESIAN_POINT('',(3.57910970734485E-7,0.0100782264926072,0.0722287256598009));
#3247=CARTESIAN_POINT('',(0.00195949496525528,0.00984365460512546,0.0730424136509486));
#3248=CARTESIAN_POINT('',(0.00277036812512434,0.00960183618152136,0.0749971226154426));
#3249=CARTESIAN_POINT('',(0.00195902954674209,0.00984375163327085,0.0769596288313789));
#3250=CARTESIAN_POINT('',(1.18890949252033E-6,0.0100780235234401,0.0777698901643914));
#3251=CARTESIAN_POINT('',(-0.00195743855558599,0.00984415393730463,0.0769608091683985));
#3252=CARTESIAN_POINT('',(-0.00277040819092885,0.00960178934155887,0.0750010976115992));
#3253=CARTESIAN_POINT('',(-0.00196092660913826,0.00984343942444572,0.0730426837098477));
#3254=CARTESIAN_POINT('',(3.57910970734485E-7,0.0100782264926072,0.0722287256598009));
#3255=CARTESIAN_POINT('',(0.00195949496525528,0.00984365460512546,0.0730424136509486));
#3256=CARTESIAN_POINT('',(-7.90904661497334E-18,0.01,0.0725));
#3257=CARTESIAN_POINT('',(0.00196092660913825,-0.00984343942444571,0.0730426837098478));
#3258=CARTESIAN_POINT('',(-3.5791097074923E-7,-0.0100782264926072,0.0722287256598009));
#3259=CARTESIAN_POINT('',(-0.00195949496525529,-0.00984365460512544,0.0730424136509486));
#3260=CARTESIAN_POINT('',(-0.00277036812512436,-0.00960183618152135,0.0749971226154426));
#3261=CARTESIAN_POINT('',(-0.0019590295467421,-0.00984375163327084,0.0769596288313789));
#3262=CARTESIAN_POINT('',(-1.18890949253549E-6,-0.0100780235234401,0.0777698901643914));
#3263=CARTESIAN_POINT('',(0.00195743855558598,-0.00984415393730463,0.0769608091683985));
#3264=CARTESIAN_POINT('',(0.00277040819092883,-0.00960178934155887,0.0750010976115992));
#3265=CARTESIAN_POINT('',(0.00196092660913825,-0.00984343942444571,0.0730426837098478));
#3266=CARTESIAN_POINT('',(-3.5791097074923E-7,-0.0100782264926072,0.0722287256598009));
#3267=CARTESIAN_POINT('',(-0.00195949496525529,-0.00984365460512544,0.0730424136509486));
#3268=CARTESIAN_POINT('',(-6.20237008467194E-18,-0.01,0.0725));
#3269=CARTESIAN_POINT('',(-0.00196092660913828,0.00984343942444572,0.0980426837098478));
#3270=CARTESIAN_POINT('',(3.57910970705212E-7,0.0100782264926072,0.0972287256598009));
#3271=CARTESIAN_POINT('',(0.00195949496525528,0.00984365460512547,0.0980424136509487));
#3272=CARTESIAN_POINT('',(0.00277036812512432,0.00960183618152136,0.0999971226154426));
#3273=CARTESIAN_POINT('',(0.00195902954674205,0.00984375163327087,0.101959628831379));
#3274=CARTESIAN_POINT('',(1.18890949248667E-6,0.0100780235234401,0.102769890164391));
#3275=CARTESIAN_POINT('',(-0.00195743855558601,0.00984415393730463,0.101960809168399));
#3276=CARTESIAN_POINT('',(-0.00277040819092888,0.00960178934155886,0.100001097611599));
#3277=CARTESIAN_POINT('',(-0.00196092660913828,0.00984343942444572,0.0980426837098478));
#3278=CARTESIAN_POINT('',(3.57910970705212E-7,0.0100782264926072,0.0972287256598009));
#3279=CARTESIAN_POINT('',(0.00195949496525528,0.00984365460512547,0.0980424136509487));
#3280=CARTESIAN_POINT('',(-2.78759858005967E-17,0.01,0.0975));
#3281=CARTESIAN_POINT('',(0.00196092660913822,-0.00984343942444572,0.0980426837098478));
#3282=CARTESIAN_POINT('',(-3.57910970767933E-7,-0.0100782264926072,0.0972287256598009));
#3283=CARTESIAN_POINT('',(-0.00195949496525534,-0.00984365460512543,0.0980424136509486));
#3284=CARTESIAN_POINT('',(-0.00277036812512438,-0.00960183618152134,0.0999971226154426));
#3285=CARTESIAN_POINT('',(-0.00195902954674211,-0.00984375163327083,0.101959628831379));
#3286=CARTESIAN_POINT('',(-1.18890949256129E-6,-0.0100780235234401,0.102769890164391));
#3287=CARTESIAN_POINT('',(0.00195743855558595,-0.00984415393730463,0.101960809168399));
#3288=CARTESIAN_POINT('',(0.00277040819092881,-0.00960178934155887,0.100001097611599));
#3289=CARTESIAN_POINT('',(0.00196092660913822,-0.00984343942444572,0.0980426837098478));
#3290=CARTESIAN_POINT('',(-3.57910970767933E-7,-0.0100782264926072,0.0972287256598009));
#3291=CARTESIAN_POINT('',(-0.00195949496525534,-0.00984365460512543,0.0980424136509486));
#3292=CARTESIAN_POINT('',(-3.01013481777849E-17,-0.01,0.0975));
#3293=CARTESIAN_POINT('',(-0.00196092660913826,0.00984343942444572,0.123042683709848));
#3294=CARTESIAN_POINT('',(3.57910970729823E-7,0.0100782264926072,0.122228725659801));
#3295=CARTESIAN_POINT('',(0.0019594949652553,0.00984365460512546,0.123042413650949));
#3296=CARTESIAN_POINT('',(0.00277036812512434,0.00960183618152136,0.124997122615443));
#3297=CARTESIAN_POINT('',(0.00195902954674207,0.00984375163327086,0.126959628831379));
#3298=CARTESIAN_POINT('',(1.18890949252308E-6,0.0100780235234401,0.127769890164391));
#3299=CARTESIAN_POINT('',(-0.00195743855558599,0.00984415393730463,0.126960809168399));
#3300=CARTESIAN_POINT('',(-0.00277040819092885,0.00960178934155887,0.125001097611599));
#3301=CARTESIAN_POINT('',(-0.00196092660913826,0.00984343942444572,0.123042683709848));
#3302=CARTESIAN_POINT('',(3.57910970729823E-7,0.0100782264926072,0.122228725659801));
#3303=CARTESIAN_POINT('',(0.0019594949652553,0.00984365460512546,0.123042413650949));
#3304=CARTESIAN_POINT('',(-8.08518314574909E-18,0.01,0.1225));
#3305=CARTESIAN_POINT('',(0.00196092660913825,-0.00984343942444572,0.123042683709848));
#3306=CARTESIAN_POINT('',(-3.57910970745436E-7,-0.0100782264926072,0.122228725659801));
#3307=CARTESIAN_POINT('',(-0.00195949496525531,-0.00984365460512544,0.123042413650949));
#3308=CARTESIAN_POINT('',(-0.00277036812512436,-0.00960183618152134,0.124997122615443));
#3309=CARTESIAN_POINT('',(-0.00195902954674208,-0.00984375163327084,0.126959628831379));
#3310=CARTESIAN_POINT('',(-1.18890949254636E-6,-0.0100780235234401,0.127769890164391));
#3311=CARTESIAN_POINT('',(0.00195743855558599,-0.00984415393730463,0.126960809168399));
#3312=CARTESIAN_POINT('',(0.00277040819092883,-0.00960178934155887,0.125001097611599));
#3313=CARTESIAN_POINT('',(0.00196092660913825,-0.00984343942444572,0.123042683709848));
#3314=CARTESIAN_POINT('',(-3.57910970745436E-7,-0.0100782264926072,0.122228725659801));
#3315=CARTESIAN_POINT('',(-0.00195949496525531,-0.00984365460512544,0.123042413650949));
#3316=CARTESIAN_POINT('',(-6.12787089013443E-18,-0.01,0.1225));
#3317=CARTESIAN_POINT('',(-0.00196092660913827,0.00984343942444572,0.148042683709848));
#3318=CARTESIAN_POINT('',(3.57910970732263E-7,0.0100782264926072,0.147228725659801));
#3319=CARTESIAN_POINT('',(0.0019594949652553,0.00984365460512546,0.148042413650949));
#3320=CARTESIAN_POINT('',(0.00277036812512435,0.00960183618152136,0.149997122615443));
#3321=CARTESIAN_POINT('',(0.00195902954674206,0.00984375163327086,0.151959628831379));
#3322=CARTESIAN_POINT('',(1.1889094925286E-6,0.0100780235234401,0.152769890164391));
#3323=CARTESIAN_POINT('',(-0.00195743855558604,0.00984415393730462,0.151960809168399));
#3324=CARTESIAN_POINT('',(-0.00277040819092884,0.00960178934155887,0.150001097611599));
#3325=CARTESIAN_POINT('',(-0.00196092660913827,0.00984343942444572,0.148042683709848));
#3326=CARTESIAN_POINT('',(3.57910970732263E-7,0.0100782264926072,0.147228725659801));
#3327=CARTESIAN_POINT('',(0.0019594949652553,0.00984365460512546,0.148042413650949));
#3328=CARTESIAN_POINT('',(-7.45798580163483E-18,0.01,0.1475));
#3329=CARTESIAN_POINT('',(0.00196092660913825,-0.00984343942444571,0.148042683709848));
#3330=CARTESIAN_POINT('',(-3.57910970745436E-7,-0.0100782264926072,0.147228725659801));
#3331=CARTESIAN_POINT('',(-0.00195949496525531,-0.00984365460512543,0.148042413650949));
#3332=CARTESIAN_POINT('',(-0.00277036812512436,-0.00960183618152134,0.149997122615443));
#3333=CARTESIAN_POINT('',(-0.00195902954674207,-0.00984375163327084,0.151959628831379));
#3334=CARTESIAN_POINT('',(-1.18890949254374E-6,-0.0100780235234401,0.152769890164391));
#3335=CARTESIAN_POINT('',(0.00195743855558599,-0.00984415393730462,0.151960809168399));
#3336=CARTESIAN_POINT('',(0.00277040819092883,-0.00960178934155887,0.150001097611599));
#3337=CARTESIAN_POINT('',(0.00196092660913825,-0.00984343942444571,0.148042683709848));
#3338=CARTESIAN_POINT('',(-3.57910970745436E-7,-0.0100782264926072,0.147228725659801));
#3339=CARTESIAN_POINT('',(-0.00195949496525531,-0.00984365460512543,0.148042413650949));
#3340=CARTESIAN_POINT('',(-5.68476269691236E-18,-0.01,0.1475));
#3341=CARTESIAN_POINT('',(-0.00196092660913827,0.00984343942444572,0.173042683709848));
#3342=CARTESIAN_POINT('',(3.57910970730528E-7,0.0100782264926072,0.172228725659801));
#3343=CARTESIAN_POINT('',(0.0019594949652553,0.00984365460512546,0.173042413650949));
#3344=CARTESIAN_POINT('',(0.00277036812512434,0.00960183618152136,0.174997122615443));
#3345=CARTESIAN_POINT('',(0.00195902954674207,0.00984375163327086,0.176959628831379));
#3346=CARTESIAN_POINT('',(1.18890949251299E-6,0.0100780235234401,0.177769890164391));
#3347=CARTESIAN_POINT('',(-0.001957438555586,0.00984415393730463,0.176960809168399));
#3348=CARTESIAN_POINT('',(-0.00277040819092885,0.00960178934155887,0.175001097611599));
#3349=CARTESIAN_POINT('',(-0.00196092660913827,0.00984343942444572,0.173042683709848));
#3350=CARTESIAN_POINT('',(3.57910970730528E-7,0.0100782264926072,0.172228725659801));
#3351=CARTESIAN_POINT('',(0.0019594949652553,0.00984365460512546,0.173042413650949));
#3352=CARTESIAN_POINT('',(-1.03396906962535E-18,0.01,0.1725));
#3353=CARTESIAN_POINT('',(0.00196092660913825,-0.00984343942444571,0.173042683709848));
#3354=CARTESIAN_POINT('',(-3.57910970745924E-7,-0.0100782264926072,0.172228725659801));
#3355=CARTESIAN_POINT('',(-0.00195949496525531,-0.00984365460512544,0.173042413650949));
#3356=CARTESIAN_POINT('',(-0.00277036812512436,-0.00960183618152134,0.174997122615443));
#3357=CARTESIAN_POINT('',(-0.00195902954674208,-0.00984375163327084,0.176959628831379));
#3358=CARTESIAN_POINT('',(-1.18890949254279E-6,-0.0100780235234401,0.177769890164391));
#3359=CARTESIAN_POINT('',(0.00195743855558598,-0.00984415393730462,0.176960809168399));
#3360=CARTESIAN_POINT('',(0.00277040819092883,-0.00960178934155887,0.175001097611599));
#3361=CARTESIAN_POINT('',(0.00196092660913825,-0.00984343942444571,0.173042683709848));
#3362=CARTESIAN_POINT('',(-3.57910970745924E-7,-0.0100782264926072,0.172228725659801));
#3363=CARTESIAN_POINT('',(-0.00195949496525531,-0.00984365460512544,0.173042413650949));
#3364=CARTESIAN_POINT('',(-8.73329357476169E-18,-0.01,0.1725));
#3365=CARTESIAN_POINT('',(-0.00196092660913826,0.00984343942444573,0.198042683709848));
#3366=CARTESIAN_POINT('',(3.57910970729769E-7,0.0100782264926072,0.197228725659801));
#3367=CARTESIAN_POINT('',(0.00195949496525529,0.00984365460512546,0.198042413650949));
#3368=CARTESIAN_POINT('',(0.00277036812512435,0.00960183618152136,0.199997122615443));
#3369=CARTESIAN_POINT('',(0.00195902954674206,0.00984375163327086,0.201959628831379));
#3370=CARTESIAN_POINT('',(1.18890949251132E-6,0.0100780235234401,0.202769890164391));
#3371=CARTESIAN_POINT('',(-0.001957438555586,0.00984415393730463,0.201960809168399));
#3372=CARTESIAN_POINT('',(-0.00277040819092885,0.00960178934155887,0.200001097611599));
#3373=CARTESIAN_POINT('',(-0.00196092660913826,0.00984343942444573,0.198042683709848));
#3374=CARTESIAN_POINT('',(3.57910970729769E-7,0.0100782264926072,0.197228725659801));
#3375=CARTESIAN_POINT('',(0.00195949496525529,0.00984365460512546,0.198042413650949));
#3376=CARTESIAN_POINT('',(-8.03556255599615E-19,0.01,0.1975));
#3377=CARTESIAN_POINT('',(0.00196092660913825,-0.00984343942444571,0.198042683709848));
#3378=CARTESIAN_POINT('',(-3.57910970746574E-7,-0.0100782264926072,0.197228725659801));
#3379=CARTESIAN_POINT('',(-0.00195949496525531,-0.00984365460512544,0.198042413650949));
#3380=CARTESIAN_POINT('',(-0.00277036812512435,-0.00960183618152135,0.199997122615443));
#3381=CARTESIAN_POINT('',(-0.00195902954674211,-0.00984375163327084,0.201959628831379));
#3382=CARTESIAN_POINT('',(-1.1889094925353E-6,-0.0100780235234401,0.202769890164391));
#3383=CARTESIAN_POINT('',(0.00195743855558598,-0.00984415393730463,0.201960809168399));
#3384=CARTESIAN_POINT('',(0.00277040819092883,-0.00960178934155887,0.200001097611599));
#3385=CARTESIAN_POINT('',(0.00196092660913825,-0.00984343942444571,0.198042683709848));
#3386=CARTESIAN_POINT('',(-3.57910970746574E-7,-0.0100782264926072,0.197228725659801));
#3387=CARTESIAN_POINT('',(-0.00195949496525531,-0.00984365460512544,0.198042413650949));
#3388=CARTESIAN_POINT('',(-8.51645314026459E-18,-0.01,0.1975));
#3389=CARTESIAN_POINT('',(-0.00196092660913827,0.00984343942444572,0.223042683709848));
#3390=CARTESIAN_POINT('',(3.57910970741641E-7,0.0100782264926072,0.222228725659801));
#3391=CARTESIAN_POINT('',(0.00195949496525526,0.00984365460512546,0.223042413650949));
#3392=CARTESIAN_POINT('',(0.00277036812512435,0.00960183618152136,0.224997122615443));
#3393=CARTESIAN_POINT('',(0.00195902954674209,0.00984375163327085,0.226959628831379));
#3394=CARTESIAN_POINT('',(1.18890949251394E-6,0.0100780235234401,0.227769890164391));
#3395=CARTESIAN_POINT('',(-0.00195743855558599,0.00984415393730463,0.226960809168399));
#3396=CARTESIAN_POINT('',(-0.00277040819092885,0.00960178934155887,0.225001097611599));
#3397=CARTESIAN_POINT('',(-0.00196092660913827,0.00984343942444572,0.223042683709848));
#3398=CARTESIAN_POINT('',(3.57910970741641E-7,0.0100782264926072,0.222228725659801));
#3399=CARTESIAN_POINT('',(0.00195949496525526,0.00984365460512546,0.223042413650949));
#3400=CARTESIAN_POINT('',(-7.23435586863202E-18,0.01,0.2225));
#3401=CARTESIAN_POINT('',(0.00196092660913826,-0.00984343942444572,0.223042683709848));
#3402=CARTESIAN_POINT('',(-3.57910970755681E-7,-0.0100782264926072,0.222228725659801));
#3403=CARTESIAN_POINT('',(-0.00195949496525527,-0.00984365460512544,0.223042413650949));
#3404=CARTESIAN_POINT('',(-0.00277036812512436,-0.00960183618152134,0.224997122615443));
#3405=CARTESIAN_POINT('',(-0.00195902954674211,-0.00984375163327084,0.226959628831379));
#3406=CARTESIAN_POINT('',(-1.18890949253119E-6,-0.0100780235234401,0.227769890164391));
#3407=CARTESIAN_POINT('',(0.00195743855558598,-0.00984415393730463,0.226960809168399));
#3408=CARTESIAN_POINT('',(0.00277040819092883,-0.00960178934155887,0.225001097611599));
#3409=CARTESIAN_POINT('',(0.00196092660913826,-0.00984343942444572,0.223042683709848));
#3410=CARTESIAN_POINT('',(-3.57910970755681E-7,-0.0100782264926072,0.222228725659801));
#3411=CARTESIAN_POINT('',(-0.00195949496525527,-0.00984365460512544,0.223042413650949));
#3412=CARTESIAN_POINT('',(-6.4230313188619E-18,-0.01,0.2225));
#3413=CARTESIAN_POINT('',(-0.00196092660913827,0.00984343942444572,0.248042683709848));
#3414=CARTESIAN_POINT('',(3.57910970742942E-7,0.0100782264926072,0.247228725659801));
#3415=CARTESIAN_POINT('',(0.00195949496525526,0.00984365460512546,0.248042413650949));
#3416=CARTESIAN_POINT('',(0.00277036812512436,0.00960183618152136,0.249997122615443));
#3417=CARTESIAN_POINT('',(0.00195902954674206,0.00984375163327086,0.251959628831379));
#3418=CARTESIAN_POINT('',(1.18890949251814E-6,0.0100780235234401,0.252769890164391));
#3419=CARTESIAN_POINT('',(-0.00195743855558601,0.00984415393730463,0.251960809168399));
#3420=CARTESIAN_POINT('',(-0.00277040819092884,0.00960178934155887,0.250001097611599));
#3421=CARTESIAN_POINT('',(-0.00196092660913827,0.00984343942444572,0.248042683709848));
#3422=CARTESIAN_POINT('',(3.57910970742942E-7,0.0100782264926072,0.247228725659801));
#3423=CARTESIAN_POINT('',(0.00195949496525526,0.00984365460512546,0.248042413650949));
#3424=CARTESIAN_POINT('',(-7.18362653627781E-18,0.01,0.2475));
#3425=CARTESIAN_POINT('',(0.00196092660913825,-0.00984343942444572,0.248042683709848));
#3426=CARTESIAN_POINT('',(-3.57910970745815E-7,-0.0100782264926072,0.247228725659801));
#3427=CARTESIAN_POINT('',(-0.00195949496525531,-0.00984365460512544,0.248042413650949));
#3428=CARTESIAN_POINT('',(-0.00277036812512436,-0.00960183618152134,0.249997122615442));
#3429=CARTESIAN_POINT('',(-0.00195902954674207,-0.00984375163327085,0.251959628831379));
#3430=CARTESIAN_POINT('',(-1.18890949253965E-6,-0.0100780235234401,0.252769890164391));
#3431=CARTESIAN_POINT('',(0.00195743855558599,-0.00984415393730462,0.251960809168399));
#3432=CARTESIAN_POINT('',(0.00277040819092883,-0.00960178934155887,0.250001097611599));
#3433=CARTESIAN_POINT('',(0.00196092660913825,-0.00984343942444572,0.248042683709848));
#3434=CARTESIAN_POINT('',(-3.57910970745815E-7,-0.0100782264926072,0.247228725659801));
#3435=CARTESIAN_POINT('',(-0.00195949496525531,-0.00984365460512544,0.248042413650949));
#3436=CARTESIAN_POINT('',(-5.69155219541806E-18,-0.01,0.2475));
#3437=CARTESIAN_POINT('',(-0.00196092660913826,0.00984343942444572,0.273042683709848));
#3438=CARTESIAN_POINT('',(3.57910970728089E-7,0.0100782264926072,0.272228725659801));
#3439=CARTESIAN_POINT('',(0.0019594949652553,0.00984365460512545,0.273042413650949));
#3440=CARTESIAN_POINT('',(0.00277036812512434,0.00960183618152136,0.274997122615443));
#3441=CARTESIAN_POINT('',(0.00195902954674207,0.00984375163327086,0.276959628831379));
#3442=CARTESIAN_POINT('',(1.1889094925052E-6,0.0100780235234401,0.277769890164391));
#3443=CARTESIAN_POINT('',(-0.00195743855558601,0.00984415393730463,0.276960809168398));
#3444=CARTESIAN_POINT('',(-0.00277040819092885,0.00960178934155887,0.275001097611599));
#3445=CARTESIAN_POINT('',(-0.00196092660913826,0.00984343942444572,0.273042683709848));
#3446=CARTESIAN_POINT('',(3.57910970728089E-7,0.0100782264926072,0.272228725659801));
#3447=CARTESIAN_POINT('',(0.0019594949652553,0.00984365460512545,0.273042413650949));
#3448=CARTESIAN_POINT('',(-8.24196065928493E-19,0.01,0.2725));
#3449=CARTESIAN_POINT('',(0.00196092660913825,-0.00984343942444572,0.273042683709848));
#3450=CARTESIAN_POINT('',(-3.57910970743376E-7,-0.0100782264926072,0.272228725659801));
#3451=CARTESIAN_POINT('',(-0.00195949496525532,-0.00984365460512544,0.273042413650949));
#3452=CARTESIAN_POINT('',(-0.00277036812512436,-0.00960183618152134,0.274997122615443));
#3453=CARTESIAN_POINT('',(-0.00195902954674209,-0.00984375163327085,0.276959628831379));
#3454=CARTESIAN_POINT('',(-1.18890949252193E-6,-0.0100780235234401,0.277769890164391));
#3455=CARTESIAN_POINT('',(0.00195743855558599,-0.00984415393730462,0.276960809168398));
#3456=CARTESIAN_POINT('',(0.00277040819092883,-0.00960178934155887,0.275001097611599));
#3457=CARTESIAN_POINT('',(0.00196092660913825,-0.00984343942444572,0.273042683709848));
#3458=CARTESIAN_POINT('',(-3.57910970743376E-7,-0.0100782264926072,0.272228725659801));
#3459=CARTESIAN_POINT('',(-0.00195949496525532,-0.00984365460512544,0.273042413650949));
#3460=CARTESIAN_POINT('',(-1.44121267099615E-17,-0.01,0.2725));
#3461=CARTESIAN_POINT('',(-0.00196092660913826,0.00984343942444572,0.298042683709848));
#3462=CARTESIAN_POINT('',(3.57910970730311E-7,0.0100782264926072,0.297228725659801));
#3463=CARTESIAN_POINT('',(0.0019594949652553,0.00984365460512545,0.298042413650949));
#3464=CARTESIAN_POINT('',(0.00277036812512435,0.00960183618152136,0.299997122615443));
#3465=CARTESIAN_POINT('',(0.00195902954674206,0.00984375163327086,0.301959628831379));
#3466=CARTESIAN_POINT('',(1.18890949250496E-6,0.0100780235234401,0.302769890164391));
#3467=CARTESIAN_POINT('',(-0.00195743855558601,0.00984415393730463,0.301960809168398));
#3468=CARTESIAN_POINT('',(-0.00277040819092885,0.00960178934155887,0.300001097611599));
#3469=CARTESIAN_POINT('',(-0.00196092660913826,0.00984343942444572,0.298042683709848));
#3470=CARTESIAN_POINT('',(3.57910970730311E-7,0.0100782264926072,0.297228725659801));
#3471=CARTESIAN_POINT('',(0.0019594949652553,0.00984365460512545,0.298042413650949));
#3472=CARTESIAN_POINT('',(-1.16932203178788E-18,0.01,0.2975));
#3473=CARTESIAN_POINT('',(0.00196092660913825,-0.00984343942444572,0.298042683709848));
#3474=CARTESIAN_POINT('',(-3.57910970743647E-7,-0.0100782264926072,0.297228725659801));
#3475=CARTESIAN_POINT('',(-0.00195949496525532,-0.00984365460512543,0.298042413650949));
#3476=CARTESIAN_POINT('',(-0.00277036812512436,-0.00960183618152134,0.299997122615442));
#3477=CARTESIAN_POINT('',(-0.00195902954674208,-0.00984375163327084,0.301959628831379));
#3478=CARTESIAN_POINT('',(-1.18890949251384E-6,-0.0100780235234401,0.302769890164391));
#3479=CARTESIAN_POINT('',(0.00195743855558599,-0.00984415393730462,0.301960809168399));
#3480=CARTESIAN_POINT('',(0.00277040819092883,-0.00960178934155886,0.300001097611599));
#3481=CARTESIAN_POINT('',(0.00196092660913825,-0.00984343942444572,0.298042683709848));
#3482=CARTESIAN_POINT('',(-3.57910970743647E-7,-0.0100782264926072,0.297228725659801));
#3483=CARTESIAN_POINT('',(-0.00195949496525532,-0.00984365460512543,0.298042413650949));
#3484=CARTESIAN_POINT('',(-1.26778997978801E-17,-0.01,0.2975));
#3485=CARTESIAN_POINT('',(-0.00196092660913827,0.00984343942444572,0.323042683709848));
#3486=CARTESIAN_POINT('',(3.57910970614789E-7,0.0100782264926072,0.322228725659801));
#3487=CARTESIAN_POINT('',(0.0019594949652552,0.00984365460512548,0.323042413650949));
#3488=CARTESIAN_POINT('',(0.00277036812512418,0.0096018361815214,0.324997122615443));
#3489=CARTESIAN_POINT('',(0.00195902954674196,0.00984375163327088,0.326959628831379));
#3490=CARTESIAN_POINT('',(1.18890949240989E-6,0.0100780235234401,0.327769890164391));
#3491=CARTESIAN_POINT('',(-0.00195743855558606,0.00984415393730462,0.326960809168398));
#3492=CARTESIAN_POINT('',(-0.0027704081909289,0.00960178934155885,0.325001097611599));
#3493=CARTESIAN_POINT('',(-0.00196092660913827,0.00984343942444572,0.323042683709848));
#3494=CARTESIAN_POINT('',(3.57910970614789E-7,0.0100782264926072,0.322228725659801));
#3495=CARTESIAN_POINT('',(0.0019594949652552,0.00984365460512548,0.323042413650949));
#3496=CARTESIAN_POINT('',(-1.05010622449954E-16,0.01,0.3225));
#3497=CARTESIAN_POINT('',(0.00196092660913806,-0.00984343942444575,0.323042683709848));
#3498=CARTESIAN_POINT('',(-3.57910970817969E-7,-0.0100782264926072,0.322228725659801));
#3499=CARTESIAN_POINT('',(-0.0019594949652554,-0.00984365460512541,0.323042413650949));
#3500=CARTESIAN_POINT('',(-0.00277036812512438,-0.00960183618152133,0.324997122615443));
#3501=CARTESIAN_POINT('',(-0.00195902954674216,-0.00984375163327082,0.326959628831379));
#3502=CARTESIAN_POINT('',(-1.18890949262891E-6,-0.0100780235234401,0.327769890164391));
#3503=CARTESIAN_POINT('',(0.00195743855558586,-0.00984415393730465,0.326960809168398));
#3504=CARTESIAN_POINT('',(0.0027704081909287,-0.00960178934155891,0.325001097611599));
#3505=CARTESIAN_POINT('',(0.00196092660913806,-0.00984343942444575,0.323042683709848));
#3506=CARTESIAN_POINT('',(-3.57910970817969E-7,-0.0100782264926072,0.322228725659801));
#3507=CARTESIAN_POINT('',(-0.0019594949652554,-0.00984365460512541,0.323042413650949));
#3508=CARTESIAN_POINT('',(-1.03360064902611E-16,-0.01,0.3225));
#3509=CARTESIAN_POINT('',(7.80625564189563E-18,4.44522890719057E-18,0.34));
#3510=CARTESIAN_POINT('',(0.01,4.44522890719057E-18,0.34));
#3511=CARTESIAN_POINT('',(0.00613172412371796,-0.00789949107668433,0.02));
#3512=CARTESIAN_POINT('',(0.00613172412371796,-0.00789949107668433,0.02));
#3513=CARTESIAN_POINT('',(0.00613172412371796,-0.00789949107668433,0.01));
#3514=CARTESIAN_POINT('',(-3.77302356024955E-17,3.81639164714897E-17,0.02));
#3515=CARTESIAN_POINT('',(0.00789949107668433,-0.00613172412371796,0.02));
#3516=CARTESIAN_POINT('',(0.00789949107668433,-0.00613172412371796,0.02));
#3517=CARTESIAN_POINT('',(0.00789949107668433,-0.00613172412371796,0.01));
#3518=CARTESIAN_POINT('',(6.93889390390723E-18,-1.51788304147971E-18,0.01));
#3519=CARTESIAN_POINT('',(0.00992156741649221,-0.00125,0.01));
#3520=CARTESIAN_POINT('',(0.00992156741649221,-0.00125,0.02));
#3521=CARTESIAN_POINT('',(0.00992156741649221,-0.00125,0.02));
#3522=CARTESIAN_POINT('',(-5.03069808033274E-17,-9.75781955236954E-19,0.02));
#3523=CARTESIAN_POINT('',(0.00992156741649223,0.00125,0.02));
#3524=CARTESIAN_POINT('',(0.00992156741649221,0.00125,0.02));
#3525=CARTESIAN_POINT('',(0.00992156741649221,0.00125,0.01));
#3526=CARTESIAN_POINT('',(4.33680868994202E-18,4.33680868994202E-19,0.01));
#3527=CARTESIAN_POINT('',(0.00789949107668432,0.00613172412371796,0.01));
#3528=CARTESIAN_POINT('',(0.00789949107668432,0.00613172412371796,0.02));
#3529=CARTESIAN_POINT('',(0.00789949107668432,0.00613172412371796,0.02));
#3530=CARTESIAN_POINT('',(-1.99493199737333E-17,-2.25514051876985E-17,0.02));
#3531=CARTESIAN_POINT('',(0.00613172412371797,0.00789949107668434,0.02));
#3532=CARTESIAN_POINT('',(0.00613172412371795,0.00789949107668433,0.02));
#3533=CARTESIAN_POINT('',(0.00613172412371795,0.00789949107668433,0.01));
#3534=CARTESIAN_POINT('',(-5.09575021068187E-18,-1.04083408558608E-17,0.01));
#3535=CARTESIAN_POINT('',(0.00125,0.00992156741649221,0.01));
#3536=CARTESIAN_POINT('',(0.00125,0.00992156741649221,0.02));
#3537=CARTESIAN_POINT('',(0.00125,0.00992156741649221,0.02));
#3538=CARTESIAN_POINT('',(-1.7347234759768E-18,-4.07660016854549E-17,0.02));
#3539=CARTESIAN_POINT('',(-0.00125,0.00992156741649223,0.02));
#3540=CARTESIAN_POINT('',(-0.00125,0.00992156741649221,0.02));
#3541=CARTESIAN_POINT('',(-0.00125,0.00992156741649221,0.01));
#3542=CARTESIAN_POINT('',(-6.50521303491303E-19,4.33680868994202E-18,0.01));
#3543=CARTESIAN_POINT('',(-0.00613172412371796,0.00789949107668432,0.01));
#3544=CARTESIAN_POINT('',(-0.00613172412371796,0.00789949107668432,0.02));
#3545=CARTESIAN_POINT('',(-0.00613172412371796,0.00789949107668432,0.02));
#3546=CARTESIAN_POINT('',(2.34187669256869E-17,-2.38524477946811E-17,0.02));
#3547=CARTESIAN_POINT('',(-0.00789949107668433,0.00613172412371796,0.02));
#3548=CARTESIAN_POINT('',(-0.00789949107668432,0.00613172412371796,0.02));
#3549=CARTESIAN_POINT('',(-0.00789949107668432,0.00613172412371796,0.01));
#3550=CARTESIAN_POINT('',(-5.20417042793042E-18,5.42101086242752E-19,0.01));
#3551=CARTESIAN_POINT('',(-0.00992156741649221,0.00125,0.01));
#3552=CARTESIAN_POINT('',(-0.00992156741649221,0.00125,0.02));
#3553=CARTESIAN_POINT('',(-0.00992156741649221,0.00125,0.02));
#3554=CARTESIAN_POINT('',(4.07660016854549E-17,1.0842021724855E-18,0.02));
#3555=CARTESIAN_POINT('',(-0.00992156741649221,-0.00125,0.02));
#3556=CARTESIAN_POINT('',(-0.00992156741649221,-0.00125,0.02));
#3557=CARTESIAN_POINT('',(-0.00992156741649221,-0.00125,0.01));
#3558=CARTESIAN_POINT('',(7.80625564189563E-18,4.44522890719057E-18,0.01));
#3559=CARTESIAN_POINT('',(-0.00789949107668433,-0.00613172412371796,0.01));
#3560=CARTESIAN_POINT('',(-0.00789949107668433,-0.00613172412371796,0.02));
#3561=CARTESIAN_POINT('',(-0.00789949107668433,-0.00613172412371796,0.02));
#3562=CARTESIAN_POINT('',(3.51281503885303E-17,3.46944695195361E-17,0.02));
#3563=CARTESIAN_POINT('',(-0.00613172412371796,-0.00789949107668432,0.02));
#3564=CARTESIAN_POINT('',(-0.00613172412371796,-0.00789949107668432,0.02));
#3565=CARTESIAN_POINT('',(-0.00613172412371796,-0.00789949107668432,0.01));
#3566=CARTESIAN_POINT('',(-1.3010426069826E-18,-6.93889390390723E-18,0.01));
#3567=CARTESIAN_POINT('',(-0.00125,-0.00992156741649221,0.01));
#3568=CARTESIAN_POINT('',(-0.00125,-0.00992156741649221,0.02));
#3569=CARTESIAN_POINT('',(-0.00125,-0.00992156741649221,0.02));
#3570=CARTESIAN_POINT('',(-1.84314369322536E-18,4.07660016854549E-17,0.02));
#3571=CARTESIAN_POINT('',(0.00125,-0.00992156741649222,0.02));
#3572=CARTESIAN_POINT('',(0.00125,-0.00992156741649221,0.02));
#3573=CARTESIAN_POINT('',(0.00125,-0.00992156741649221,0.01));
#3574=CARTESIAN_POINT('',(-5.20417042793042E-18,1.12757025938492E-17,0.01));
#3575=CARTESIAN_POINT('',(-4.83575259328113E-18,-0.019,0.02));
#3576=CARTESIAN_POINT('',(0.00125,-0.0152003289616074,0.02));
#3577=CARTESIAN_POINT('',(0.00125,-0.0152003289616074,0.02));
#3578=CARTESIAN_POINT('',(0.00125,-0.0152003289616074,0.01));
#3579=CARTESIAN_POINT('',(-4.83575259328113E-18,-0.019,0.02));
#3580=CARTESIAN_POINT('',(-0.00125,-0.0152003289616074,0.02));
#3581=CARTESIAN_POINT('',(-0.00125,-0.0152003289616074,0.02));
#3582=CARTESIAN_POINT('',(-0.00125,-0.0152003289616074,0.01));
#3583=CARTESIAN_POINT('',(-4.83575259328113E-18,-0.019,0.01));
#3584=CARTESIAN_POINT('',(-0.0134350288425444,-0.0134350288425444,0.02));
#3585=CARTESIAN_POINT('',(-0.00986437220853563,-0.011632139161502,0.02));
#3586=CARTESIAN_POINT('',(-0.00986437220853563,-0.011632139161502,0.02));
#3587=CARTESIAN_POINT('',(-0.00986437220853563,-0.011632139161502,0.01));
#3588=CARTESIAN_POINT('',(-0.0134350288425444,-0.0134350288425444,0.02));
#3589=CARTESIAN_POINT('',(-0.011632139161502,-0.00986437220853563,0.02));
#3590=CARTESIAN_POINT('',(-0.011632139161502,-0.00986437220853563,0.02));
#3591=CARTESIAN_POINT('',(-0.011632139161502,-0.00986437220853563,0.01));
#3592=CARTESIAN_POINT('',(-0.0134350288425444,-0.0134350288425444,0.01));
#3593=CARTESIAN_POINT('',(-0.019,-2.42939586520266E-18,0.02));
#3594=CARTESIAN_POINT('',(-0.0152003289616074,-0.00125,0.02));
#3595=CARTESIAN_POINT('',(-0.0152003289616074,-0.00125,0.02));
#3596=CARTESIAN_POINT('',(-0.0152003289616074,-0.00125,0.01));
#3597=CARTESIAN_POINT('',(-0.019,-2.42939586520266E-18,0.02));
#3598=CARTESIAN_POINT('',(-0.0152003289616074,0.00125,0.02));
#3599=CARTESIAN_POINT('',(-0.0152003289616074,0.00125,0.02));
#3600=CARTESIAN_POINT('',(-0.0152003289616074,0.00125,0.01));
#3601=CARTESIAN_POINT('',(-0.019,-2.42939586520266E-18,0.01));
#3602=CARTESIAN_POINT('',(-0.0134350288425444,0.0134350288425444,0.02));
#3603=CARTESIAN_POINT('',(-0.011632139161502,0.00986437220853563,0.02));
#3604=CARTESIAN_POINT('',(-0.011632139161502,0.00986437220853563,0.02));
#3605=CARTESIAN_POINT('',(-0.011632139161502,0.00986437220853563,0.01));
#3606=CARTESIAN_POINT('',(-0.0134350288425444,0.0134350288425444,0.02));
#3607=CARTESIAN_POINT('',(-0.00986437220853563,0.011632139161502,0.02));
#3608=CARTESIAN_POINT('',(-0.00986437220853563,0.011632139161502,0.02));
#3609=CARTESIAN_POINT('',(-0.00986437220853563,0.011632139161502,0.01));
#3610=CARTESIAN_POINT('',(-0.0134350288425444,0.0134350288425444,0.01));
#3611=CARTESIAN_POINT('',(2.65040644005407E-18,0.019,0.02));
#3612=CARTESIAN_POINT('',(-0.00125,0.0152003289616074,0.02));
#3613=CARTESIAN_POINT('',(-0.00125,0.0152003289616074,0.02));
#3614=CARTESIAN_POINT('',(-0.00125,0.0152003289616074,0.01));
#3615=CARTESIAN_POINT('',(2.65040644005407E-18,0.019,0.02));
#3616=CARTESIAN_POINT('',(0.00125,0.0152003289616074,0.02));
#3617=CARTESIAN_POINT('',(0.00125,0.0152003289616074,0.02));
#3618=CARTESIAN_POINT('',(0.00125,0.0152003289616074,0.01));
#3619=CARTESIAN_POINT('',(2.65040644005407E-18,0.019,0.01));
#3620=CARTESIAN_POINT('',(0.0134350288425444,0.0134350288425444,0.02));
#3621=CARTESIAN_POINT('',(0.00986437220853564,0.011632139161502,0.02));
#3622=CARTESIAN_POINT('',(0.00986437220853564,0.011632139161502,0.02));
#3623=CARTESIAN_POINT('',(0.00986437220853564,0.011632139161502,0.01));
#3624=CARTESIAN_POINT('',(0.0134350288425444,0.0134350288425444,0.02));
#3625=CARTESIAN_POINT('',(0.011632139161502,0.00986437220853563,0.02));
#3626=CARTESIAN_POINT('',(0.011632139161502,0.00986437220853563,0.02));
#3627=CARTESIAN_POINT('',(0.011632139161502,0.00986437220853563,0.01));
#3628=CARTESIAN_POINT('',(0.0134350288425444,0.0134350288425444,0.01));
#3629=CARTESIAN_POINT('',(0.019,5.42101086242752E-19,0.02));
#3630=CARTESIAN_POINT('',(0.0152003289616074,0.00125,0.02));
#3631=CARTESIAN_POINT('',(0.0152003289616074,0.00125,0.02));
#3632=CARTESIAN_POINT('',(0.0152003289616074,0.00125,0.01));
#3633=CARTESIAN_POINT('',(0.019,5.42101086242752E-19,0.02));
#3634=CARTESIAN_POINT('',(0.0152003289616074,-0.00125,0.02));
#3635=CARTESIAN_POINT('',(0.0152003289616074,-0.00125,0.02));
#3636=CARTESIAN_POINT('',(0.0152003289616074,-0.00125,0.01));
#3637=CARTESIAN_POINT('',(0.019,5.42101086242752E-19,0.01));
#3638=CARTESIAN_POINT('',(0.0134350288425444,-0.0134350288425444,0.02));
#3639=CARTESIAN_POINT('',(0.011632139161502,-0.00986437220853564,0.02));
#3640=CARTESIAN_POINT('',(0.011632139161502,-0.00986437220853564,0.02));
#3641=CARTESIAN_POINT('',(0.011632139161502,-0.00986437220853564,0.01));
#3642=CARTESIAN_POINT('',(0.0134350288425444,-0.0134350288425444,0.02));
#3643=CARTESIAN_POINT('',(0.00986437220853563,-0.011632139161502,0.02));
#3644=CARTESIAN_POINT('',(0.00986437220853563,-0.011632139161502,0.02));
#3645=CARTESIAN_POINT('',(0.00986437220853563,-0.011632139161502,0.01));
#3646=CARTESIAN_POINT('',(0.0134350288425444,-0.0134350288425444,0.01));
#3647=CARTESIAN_POINT('',(-1.0189952380471E-16,0.0625,0.325));
#3648=CARTESIAN_POINT('',(-1.06460913133613E-16,7.50228284898274E-20,0.325));
#3649=CARTESIAN_POINT('',(-1.06460913133613E-16,7.50228284898274E-20,0.3275));
#3650=CARTESIAN_POINT('',(-1.06460913133613E-16,7.50228284898274E-20,0.3225));
#3651=CARTESIAN_POINT('',(-1.06460913133613E-16,7.50228284898274E-20,0.325));
#3652=CARTESIAN_POINT('',(-3.08013940353038E-17,0.0625,0.1));
#3653=CARTESIAN_POINT('',(-2.92784848254663E-17,2.58386390036215E-17,0.1));
#3654=CARTESIAN_POINT('',(-2.92784848254663E-17,2.58386390036215E-17,0.1025));
#3655=CARTESIAN_POINT('',(-2.92784848254663E-17,2.58386390036215E-17,0.0975));
#3656=CARTESIAN_POINT('',(-2.92784848254663E-17,2.58386390036215E-17,0.1));
#3657=CARTESIAN_POINT('',(-7.02973730066921E-18,0.0625,0.075));
#3658=CARTESIAN_POINT('',(-3.5148686503346E-18,7.50228284898151E-20,0.075));
#3659=CARTESIAN_POINT('',(-3.5148686503346E-18,7.50228284898151E-20,0.0775));
#3660=CARTESIAN_POINT('',(-3.5148686503346E-18,7.50228284898151E-20,0.0725));
#3661=CARTESIAN_POINT('',(-3.5148686503346E-18,7.50228284898151E-20,0.075));
#3662=CARTESIAN_POINT('',(4.74767084939954E-18,0.0625,0.05));
#3663=CARTESIAN_POINT('',(2.37383542469977E-18,7.50228284898151E-20,0.05));
#3664=CARTESIAN_POINT('',(2.37383542469977E-18,7.50228284898151E-20,0.0525));
#3665=CARTESIAN_POINT('',(2.37383542469977E-18,7.50228284898151E-20,0.0475));
#3666=CARTESIAN_POINT('',(2.37383542469977E-18,7.50228284898151E-20,0.05));
#3667=CARTESIAN_POINT('',(0.,0.,0.34));
#3668=CARTESIAN_POINT('',(-0.00355536715534448,-0.00194569820394121,0.34));
#3669=CARTESIAN_POINT('',(3.5210536039177E-5,-0.00816476119394109,0.34));
#3670=CARTESIAN_POINT('',(-0.00714594484672814,0.00427336478605867,0.34));
#3671=CARTESIAN_POINT('',(-0.00483654376996964,0.00427336478605867,0.34));
#3672=CARTESIAN_POINT('',(-0.00252714269321113,0.00427336478605867,0.34));
#3673=CARTESIAN_POINT('',(-0.00124596607858597,0.00205430179605879,0.34));
#3674=CARTESIAN_POINT('',(3.52105360391848E-5,-0.000164761193941079,0.34));
#3675=CARTESIAN_POINT('',(0.00131638715066435,0.00205430179605879,0.34));
#3676=CARTESIAN_POINT('',(0.00259756376528951,0.00427336478605867,0.34));
#3677=CARTESIAN_POINT('',(0.00490696484204801,0.00427336478605867,0.34));
#3678=CARTESIAN_POINT('',(0.00721636591880652,0.00427336478605867,0.34));
#3679=CARTESIAN_POINT('',(0.00362578822742285,-0.00194569820394121,0.34));
#3680=CARTESIAN_POINT('',(-6.93889390390723E-18,-0.0375,0.01));
#3681=CARTESIAN_POINT('',(-6.93889390390723E-18,-0.0375,0.));
#3682=CARTESIAN_POINT('',(-0.0295,-0.0375,0.));
#3683=CARTESIAN_POINT('',(0.0295,-0.0375,0.));
#3684=CARTESIAN_POINT('',(0.0295,-0.0375,0.01));
#3685=CARTESIAN_POINT('',(0.0295,-0.0375,0.01));
#3686=CARTESIAN_POINT('',(-6.93889390390723E-18,-0.0375,0.01));
#3687=CARTESIAN_POINT('',(-0.0295,-0.0375,0.01));
#3688=CARTESIAN_POINT('',(-0.0295,-0.0375,0.01));
#3689=CARTESIAN_POINT('',(0.0295,-0.0295,0.01));
#3690=CARTESIAN_POINT('',(0.0295,-0.0295,0.));
#3691=CARTESIAN_POINT('',(0.0375,-0.0295,0.));
#3692=CARTESIAN_POINT('',(0.0375,-0.0295,0.01));
#3693=CARTESIAN_POINT('',(0.0375,-0.0295,0.01));
#3694=CARTESIAN_POINT('',(0.0295,-0.0295,0.01));
#3695=CARTESIAN_POINT('',(0.0375,0.,0.01));
#3696=CARTESIAN_POINT('',(0.0375,0.,0.));
#3697=CARTESIAN_POINT('',(0.0375,0.0295,0.));
#3698=CARTESIAN_POINT('',(0.0375,0.0295,0.01));
#3699=CARTESIAN_POINT('',(0.0375,0.0295,0.01));
#3700=CARTESIAN_POINT('',(0.0375,0.,0.01));
#3701=CARTESIAN_POINT('',(0.0295,0.0295,0.01));
#3702=CARTESIAN_POINT('',(0.0295,0.0295,0.));
#3703=CARTESIAN_POINT('',(0.0295,0.0375,0.));
#3704=CARTESIAN_POINT('',(0.0295,0.0375,0.01));
#3705=CARTESIAN_POINT('',(0.0295,0.0375,0.01));
#3706=CARTESIAN_POINT('',(0.0295,0.0295,0.01));
#3707=CARTESIAN_POINT('',(6.93889390390723E-18,0.0375,0.01));
#3708=CARTESIAN_POINT('',(6.93889390390723E-18,0.0375,0.));
#3709=CARTESIAN_POINT('',(-0.0295,0.0375,0.));
#3710=CARTESIAN_POINT('',(-0.0295,0.0375,0.01));
#3711=CARTESIAN_POINT('',(-0.0295,0.0375,0.01));
#3712=CARTESIAN_POINT('',(6.93889390390723E-18,0.0375,0.01));
#3713=CARTESIAN_POINT('',(-0.0295,0.0295,0.01));
#3714=CARTESIAN_POINT('',(-0.0295,0.0295,0.));
#3715=CARTESIAN_POINT('',(-0.0375,0.0295,0.));
#3716=CARTESIAN_POINT('',(-0.0375,0.0295,0.01));
#3717=CARTESIAN_POINT('',(-0.0375,0.0295,0.01));
#3718=CARTESIAN_POINT('',(-0.0295,0.0295,0.01));
#3719=CARTESIAN_POINT('',(-0.0375,0.,0.01));
#3720=CARTESIAN_POINT('',(-0.0375,0.,0.));
#3721=CARTESIAN_POINT('',(-0.0375,-0.0295,0.));
#3722=CARTESIAN_POINT('',(-0.0375,-0.0295,0.01));
#3723=CARTESIAN_POINT('',(-0.0375,-0.0295,0.01));
#3724=CARTESIAN_POINT('',(-0.0375,0.,0.01));
#3725=CARTESIAN_POINT('',(-0.0295,-0.0295,0.01));
#3726=CARTESIAN_POINT('',(-0.0295,-0.0295,0.01));
#3727=CARTESIAN_POINT('',(-0.0275,-0.0295,0.01));
#3728=CARTESIAN_POINT('',(-0.0295,-0.0295,0.));
#3729=CARTESIAN_POINT('',(-0.0275,-0.0295,0.));
#3730=CARTESIAN_POINT('',(0.0295,-0.0295,0.01));
#3731=CARTESIAN_POINT('',(0.0295,-0.0295,0.01));
#3732=CARTESIAN_POINT('',(0.0315,-0.0295,0.01));
#3733=CARTESIAN_POINT('',(0.0295,-0.0295,0.));
#3734=CARTESIAN_POINT('',(0.0315,-0.0295,0.));
#3735=CARTESIAN_POINT('',(0.0295,0.0295,0.01));
#3736=CARTESIAN_POINT('',(0.0295,0.0295,0.01));
#3737=CARTESIAN_POINT('',(0.0315,0.0295,0.01));
#3738=CARTESIAN_POINT('',(0.0295,0.0295,0.));
#3739=CARTESIAN_POINT('',(0.0315,0.0295,0.));
#3740=CARTESIAN_POINT('',(-0.0295,0.0295,0.01));
#3741=CARTESIAN_POINT('',(-0.0295,0.0295,0.01));
#3742=CARTESIAN_POINT('',(-0.0275,0.0295,0.01));
#3743=CARTESIAN_POINT('',(-0.0295,0.0295,0.));
#3744=CARTESIAN_POINT('',(-0.0275,0.0295,0.));
#3745=CARTESIAN_POINT('',(-0.0295,-0.0295,0.01));
#3746=CARTESIAN_POINT('',(-0.0295,-0.0295,0.));
#3747=CARTESIAN_POINT('',(-0.0295,-0.0295,0.01));
#3748=CARTESIAN_POINT('',(0.,0.,0.01));
#3749=CARTESIAN_POINT('',(-0.0125609481890498,-0.00125,0.01));
#3750=CARTESIAN_POINT('',(-0.0125609481890498,0.00125,0.01));
#3751=CARTESIAN_POINT('',(-0.00976581511909317,0.0079980481661268,0.01));
#3752=CARTESIAN_POINT('',(-0.0079980481661268,0.00976581511909316,0.01));
#3753=CARTESIAN_POINT('',(-0.00125,0.0125609481890498,0.01));
#3754=CARTESIAN_POINT('',(0.00125,0.0125609481890498,0.01));
#3755=CARTESIAN_POINT('',(0.0079980481661268,0.00976581511909317,0.01));
#3756=CARTESIAN_POINT('',(0.00976581511909317,0.0079980481661268,0.01));
#3757=CARTESIAN_POINT('',(0.0125609481890498,0.00125,0.01));
#3758=CARTESIAN_POINT('',(0.0125609481890498,-0.00125,0.01));
#3759=CARTESIAN_POINT('',(0.00976581511909317,-0.0079980481661268,0.01));
#3760=CARTESIAN_POINT('',(0.0079980481661268,-0.00976581511909317,0.01));
#3761=CARTESIAN_POINT('',(0.00125,-0.0125609481890498,0.01));
#3762=CARTESIAN_POINT('',(-0.00125,-0.0125609481890498,0.01));
#3763=CARTESIAN_POINT('',(-0.0079980481661268,-0.00976581511909316,0.01));
#3764=CARTESIAN_POINT('',(-0.00976581511909316,-0.00799804816612679,0.01));
#3765=CARTESIAN_POINT('',(0.,0.,0.));
#3766=CARTESIAN_POINT('',(0.,6.12323399573677E-20,0.));
#3767=CARTESIAN_POINT('',(0.001,6.12323399573677E-20,0.));
#3768=CARTESIAN_POINT('',(-3.46944695195361E-18,-0.019,0.02));
#3769=CARTESIAN_POINT('',(-3.46944695195361E-18,-0.019,0.0196));
#3770=CARTESIAN_POINT('',(0.000999999999999997,-0.019,0.0196));
#3771=CARTESIAN_POINT('',(-3.46944695195361E-18,-0.019,0.02));
#3772=CARTESIAN_POINT('',(0.000999999999999997,-0.019,0.02));
#3773=CARTESIAN_POINT('',(0.,0.,0.02));
#3774=CARTESIAN_POINT('',(0.00125,-0.0125609481890498,0.02));
#3775=CARTESIAN_POINT('',(-0.00125,-0.0125609481890498,0.02));
#3776=CARTESIAN_POINT('',(-0.0134350288425444,-0.0134350288425444,0.02));
#3777=CARTESIAN_POINT('',(-0.0134350288425444,-0.0134350288425444,0.0196));
#3778=CARTESIAN_POINT('',(-0.0124350288425444,-0.0134350288425444,0.0196));
#3779=CARTESIAN_POINT('',(-0.0134350288425444,-0.0134350288425444,0.02));
#3780=CARTESIAN_POINT('',(-0.0124350288425444,-0.0134350288425444,0.02));
#3781=CARTESIAN_POINT('',(0.,0.,0.02));
#3782=CARTESIAN_POINT('',(-0.0079980481661268,-0.00976581511909316,0.02));
#3783=CARTESIAN_POINT('',(-0.00976581511909316,-0.00799804816612679,0.02));
#3784=CARTESIAN_POINT('',(-0.019,6.12323399573675E-20,0.02));
#3785=CARTESIAN_POINT('',(-0.019,6.12323399573675E-20,0.0196));
#3786=CARTESIAN_POINT('',(-0.018,6.12323399573675E-20,0.0196));
#3787=CARTESIAN_POINT('',(-0.019,6.12323399573675E-20,0.02));
#3788=CARTESIAN_POINT('',(-0.018,6.12323399573675E-20,0.02));
#3789=CARTESIAN_POINT('',(0.,0.,0.02));
#3790=CARTESIAN_POINT('',(-0.0125609481890498,-0.00125,0.02));
#3791=CARTESIAN_POINT('',(-0.0125609481890498,0.00125,0.02));
#3792=CARTESIAN_POINT('',(-0.0134350288425444,0.0134350288425444,0.02));
#3793=CARTESIAN_POINT('',(-0.0134350288425444,0.0134350288425444,0.0196));
#3794=CARTESIAN_POINT('',(-0.0124350288425444,0.0134350288425444,0.0196));
#3795=CARTESIAN_POINT('',(-0.0134350288425444,0.0134350288425444,0.02));
#3796=CARTESIAN_POINT('',(-0.0124350288425444,0.0134350288425444,0.02));
#3797=CARTESIAN_POINT('',(0.,0.,0.02));
#3798=CARTESIAN_POINT('',(-0.00976581511909317,0.0079980481661268,0.02));
#3799=CARTESIAN_POINT('',(-0.0079980481661268,0.00976581511909316,0.02));
#3800=CARTESIAN_POINT('',(3.46944695195361E-18,0.019,0.02));
#3801=CARTESIAN_POINT('',(3.46944695195361E-18,0.019,0.0196));
#3802=CARTESIAN_POINT('',(0.001,0.019,0.0196));
#3803=CARTESIAN_POINT('',(3.46944695195361E-18,0.019,0.02));
#3804=CARTESIAN_POINT('',(0.001,0.019,0.02));
#3805=CARTESIAN_POINT('',(0.,0.,0.02));
#3806=CARTESIAN_POINT('',(-0.00125,0.0125609481890498,0.02));
#3807=CARTESIAN_POINT('',(0.00125,0.0125609481890498,0.02));
#3808=CARTESIAN_POINT('',(0.0134350288425444,0.0134350288425444,0.02));
#3809=CARTESIAN_POINT('',(0.0134350288425444,0.0134350288425444,0.0196));
#3810=CARTESIAN_POINT('',(0.0144350288425444,0.0134350288425444,0.0196));
#3811=CARTESIAN_POINT('',(0.0134350288425444,0.0134350288425444,0.02));
#3812=CARTESIAN_POINT('',(0.0144350288425444,0.0134350288425444,0.02));
#3813=CARTESIAN_POINT('',(0.,0.,0.02));
#3814=CARTESIAN_POINT('',(0.0079980481661268,0.00976581511909317,0.02));
#3815=CARTESIAN_POINT('',(0.00976581511909317,0.0079980481661268,0.02));
#3816=CARTESIAN_POINT('',(0.019,6.12323399573678E-20,0.02));
#3817=CARTESIAN_POINT('',(0.019,6.12323399573678E-20,0.0196));
#3818=CARTESIAN_POINT('',(0.02,6.12323399573678E-20,0.0196));
#3819=CARTESIAN_POINT('',(0.019,6.12323399573678E-20,0.02));
#3820=CARTESIAN_POINT('',(0.02,6.12323399573678E-20,0.02));
#3821=CARTESIAN_POINT('',(0.,0.,0.02));
#3822=CARTESIAN_POINT('',(0.0125609481890498,0.00125,0.02));
#3823=CARTESIAN_POINT('',(0.0125609481890498,-0.00125,0.02));
#3824=CARTESIAN_POINT('',(0.0134350288425444,-0.0134350288425444,0.02));
#3825=CARTESIAN_POINT('',(0.0134350288425444,-0.0134350288425444,0.0196));
#3826=CARTESIAN_POINT('',(0.0144350288425444,-0.0134350288425444,0.0196));
#3827=CARTESIAN_POINT('',(0.0134350288425444,-0.0134350288425444,0.02));
#3828=CARTESIAN_POINT('',(0.0144350288425444,-0.0134350288425444,0.02));
#3829=CARTESIAN_POINT('',(0.,0.,0.02));
#3830=CARTESIAN_POINT('',(0.00976581511909317,-0.0079980481661268,0.02));
#3831=CARTESIAN_POINT('',(0.0079980481661268,-0.00976581511909317,0.02));
#3832=CARTESIAN_POINT('',(0.,0.,0.0196));
#3833=CARTESIAN_POINT('',(0.,0.,0.0196));
#3834=CARTESIAN_POINT('',(0.,0.,0.0196));
#3835=CARTESIAN_POINT('',(0.,0.,0.0196));
#3836=CARTESIAN_POINT('',(0.,0.,0.0196));
#3837=CARTESIAN_POINT('',(0.,0.,0.0196));
#3838=CARTESIAN_POINT('',(0.,0.,0.0196));
#3839=CARTESIAN_POINT('',(0.,0.,0.0196));
#3840=CARTESIAN_POINT('',(0.,6.12323399573677E-20,0.0004));
#3841=CARTESIAN_POINT('',(0.,6.12323399573677E-20,0.0004));
#3842=CARTESIAN_POINT('',(0.001,6.12323399573677E-20,0.0004));
#3843=CARTESIAN_POINT('',(0.,0.,0.0004));
#3844=CARTESIAN_POINT('',(-0.00483654376996964,0.00427336478605867,0.337));
#3845=CARTESIAN_POINT('',(-0.00714594484672814,0.00427336478605867,0.337));
#3846=CARTESIAN_POINT('',(-0.00714594484672814,0.00427336478605867,0.337));
#3847=CARTESIAN_POINT('',(-0.00483654376996964,0.00427336478605867,0.337));
#3848=CARTESIAN_POINT('',(-0.00252714269321113,0.00427336478605867,0.337));
#3849=CARTESIAN_POINT('',(-0.00252714269321113,0.00427336478605867,0.337));
#3850=CARTESIAN_POINT('',(-0.00355536715534448,-0.00194569820394121,0.337));
#3851=CARTESIAN_POINT('',(3.5210536039177E-5,-0.00816476119394109,0.337));
#3852=CARTESIAN_POINT('',(3.5210536039177E-5,-0.00816476119394109,0.337));
#3853=CARTESIAN_POINT('',(-0.00355536715534448,-0.00194569820394121,0.337));
#3854=CARTESIAN_POINT('',(0.00362578822742285,-0.00194569820394121,0.337));
#3855=CARTESIAN_POINT('',(0.00721636591880652,0.00427336478605867,0.337));
#3856=CARTESIAN_POINT('',(0.00721636591880652,0.00427336478605867,0.337));
#3857=CARTESIAN_POINT('',(0.00362578822742285,-0.00194569820394121,0.337));
#3858=CARTESIAN_POINT('',(0.00490696484204801,0.00427336478605867,0.337));
#3859=CARTESIAN_POINT('',(0.00259756376528951,0.00427336478605867,0.337));
#3860=CARTESIAN_POINT('',(0.00259756376528951,0.00427336478605867,0.337));
#3861=CARTESIAN_POINT('',(0.00490696484204801,0.00427336478605867,0.337));
#3862=CARTESIAN_POINT('',(0.00131638715066435,0.00205430179605879,0.337));
#3863=CARTESIAN_POINT('',(3.52105360391851E-5,-0.000164761193941079,0.337));
#3864=CARTESIAN_POINT('',(3.52105360391851E-5,-0.000164761193941079,0.337));
#3865=CARTESIAN_POINT('',(0.00131638715066435,0.00205430179605879,0.337));
#3866=CARTESIAN_POINT('',(-0.00124596607858597,0.00205430179605879,0.337));
#3867=CARTESIAN_POINT('',(-0.00124596607858597,0.00205430179605879,0.337));
#3868=CARTESIAN_POINT('',(6.93889390390723E-18,5.20417042793042E-18,0.337));
#3869=CARTESIAN_POINT('',(-7.02973730066921E-18,0.0625,0.3));
#3870=CARTESIAN_POINT('',(0.000999854881699524,-0.00492932641831303,0.297637427787846));
#3871=CARTESIAN_POINT('',(-6.00881899281942E-7,-0.00503524518783371,0.29743148213733));
#3872=CARTESIAN_POINT('',(-0.000997451354102436,-0.00492969283035214,0.297636643662832));
#3873=CARTESIAN_POINT('',(-0.00181310197384071,-0.0046792859173474,0.298190121504309));
#3874=CARTESIAN_POINT('',(-0.00236165860916289,-0.00441373528231599,0.299001187022642));
#3875=CARTESIAN_POINT('',(-0.0025682743659274,-0.00428881030766551,0.299992547677349));
#3876=CARTESIAN_POINT('',(-0.00236520227631838,-0.00441180964761649,0.300993273681849));
#3877=CARTESIAN_POINT('',(-0.00181545831488317,-0.00467839572754825,0.30180745578716));
#3878=CARTESIAN_POINT('',(-0.00100184135552122,-0.00492860851205669,0.302361182834564));
#3879=CARTESIAN_POINT('',(-8.01163819421589E-6,-0.00503507125076367,0.302568136996245));
#3880=CARTESIAN_POINT('',(0.000992265759445748,-0.00493107761148682,0.302366211433569));
#3881=CARTESIAN_POINT('',(0.00181157420205271,-0.00467999318903134,0.301811756113648));
#3882=CARTESIAN_POINT('',(0.00236144418398379,-0.00441387181053003,0.30099995669773));
#3883=CARTESIAN_POINT('',(0.00256809475905106,-0.00428888906895553,0.300007098327311));
#3884=CARTESIAN_POINT('',(0.00236613113227461,-0.00441136038174554,0.299008655722797));
#3885=CARTESIAN_POINT('',(0.00181436856844253,-0.00467884146789929,0.298191050044976));
#3886=CARTESIAN_POINT('',(0.000999854881699524,-0.00492932641831303,0.297637427787846));
#3887=CARTESIAN_POINT('',(-6.00881899281942E-7,-0.00503524518783371,0.29743148213733));
#3888=CARTESIAN_POINT('',(-0.000997451354102436,-0.00492969283035214,0.297636643662832));
#3889=CARTESIAN_POINT('',(1.26970249133177E-18,-0.005,0.2975));
#3890=CARTESIAN_POINT('',(-7.02973730066921E-18,0.0625,0.3));
#3891=CARTESIAN_POINT('',(-0.000999854881699496,0.00492932641831304,0.297637427787846));
#3892=CARTESIAN_POINT('',(6.00881899256219E-7,0.0050352451878337,0.29743148213733));
#3893=CARTESIAN_POINT('',(0.000997451354102425,0.00492969283035215,0.297636643662832));
#3894=CARTESIAN_POINT('',(0.0018131019738407,0.00467928591734741,0.298190121504309));
#3895=CARTESIAN_POINT('',(0.00236165860916288,0.004413735282316,0.299001187022642));
#3896=CARTESIAN_POINT('',(0.00256827436592738,0.00428881030766552,0.299992547677349));
#3897=CARTESIAN_POINT('',(0.00236520227631838,0.00441180964761649,0.300993273681849));
#3898=CARTESIAN_POINT('',(0.00181545831488312,0.00467839572754827,0.30180745578716));
#3899=CARTESIAN_POINT('',(0.00100184135552121,0.00492860851205669,0.302361182834564));
#3900=CARTESIAN_POINT('',(8.01163819419916E-6,0.00503507125076367,0.302568136996245));
#3901=CARTESIAN_POINT('',(-0.000992265759445763,0.00493107761148681,0.30236621143357));
#3902=CARTESIAN_POINT('',(-0.00181157420205273,0.00467999318903133,0.301811756113647));
#3903=CARTESIAN_POINT('',(-0.0023614441839838,0.00441387181053003,0.30099995669773));
#3904=CARTESIAN_POINT('',(-0.00256809475905108,0.00428888906895552,0.300007098327311));
#3905=CARTESIAN_POINT('',(-0.0023661311322746,0.00441136038174554,0.299008655722797));
#3906=CARTESIAN_POINT('',(-0.00181436856844263,0.00467884146789925,0.298191050044976));
#3907=CARTESIAN_POINT('',(-0.000999854881699496,0.00492932641831304,0.297637427787846));
#3908=CARTESIAN_POINT('',(6.00881899256219E-7,0.0050352451878337,0.29743148213733));
#3909=CARTESIAN_POINT('',(0.000997451354102425,0.00492969283035215,0.297636643662832));
#3910=CARTESIAN_POINT('',(-1.54956096735295E-17,0.005,0.2975));
#3911=CARTESIAN_POINT('',(-7.85846645270348E-18,0.0625,0.275));
#3912=CARTESIAN_POINT('',(0.000999854881699518,-0.00492932641831303,0.272637427787846));
#3913=CARTESIAN_POINT('',(-6.00881899270829E-7,-0.00503524518783371,0.27243148213733));
#3914=CARTESIAN_POINT('',(-0.000997451354102481,-0.00492969283035213,0.272636643662832));
#3915=CARTESIAN_POINT('',(-0.0018131019738407,-0.0046792859173474,0.273190121504309));
#3916=CARTESIAN_POINT('',(-0.00236165860916289,-0.00441373528231599,0.274001187022642));
#3917=CARTESIAN_POINT('',(-0.0025682743659274,-0.00428881030766551,0.274992547677349));
#3918=CARTESIAN_POINT('',(-0.00236520227631839,-0.00441180964761648,0.275993273681849));
#3919=CARTESIAN_POINT('',(-0.00181545831488313,-0.00467839572754826,0.27680745578716));
#3920=CARTESIAN_POINT('',(-0.00100184135552121,-0.00492860851205669,0.277361182834564));
#3921=CARTESIAN_POINT('',(-8.01163819422631E-6,-0.00503507125076367,0.277568136996245));
#3922=CARTESIAN_POINT('',(0.000992265759445751,-0.00493107761148682,0.277366211433569));
#3923=CARTESIAN_POINT('',(0.00181157420205271,-0.00467999318903134,0.276811756113648));
#3924=CARTESIAN_POINT('',(0.00236144418398379,-0.00441387181053004,0.27599995669773));
#3925=CARTESIAN_POINT('',(0.00256809475905106,-0.00428888906895553,0.275007098327312));
#3926=CARTESIAN_POINT('',(0.00236613113227461,-0.00441136038174554,0.274008655722797));
#3927=CARTESIAN_POINT('',(0.00181436856844253,-0.00467884146789929,0.273191050044976));
#3928=CARTESIAN_POINT('',(0.000999854881699518,-0.00492932641831303,0.272637427787846));
#3929=CARTESIAN_POINT('',(-6.00881899270829E-7,-0.00503524518783371,0.27243148213733));
#3930=CARTESIAN_POINT('',(-0.000997451354102481,-0.00492969283035213,0.272636643662832));
#3931=CARTESIAN_POINT('',(1.52090907495558E-19,-0.005,0.2725));
#3932=CARTESIAN_POINT('',(-7.85846645270348E-18,0.0625,0.275));
#3933=CARTESIAN_POINT('',(-0.000999854881699537,0.00492932641831303,0.272637427787847));
#3934=CARTESIAN_POINT('',(6.00881899255433E-7,0.00503524518783371,0.27243148213733));
#3935=CARTESIAN_POINT('',(0.000997451354102467,0.00492969283035214,0.272636643662833));
#3936=CARTESIAN_POINT('',(0.00181310197384069,0.00467928591734741,0.273190121504309));
#3937=CARTESIAN_POINT('',(0.00236165860916288,0.004413735282316,0.274001187022642));
#3938=CARTESIAN_POINT('',(0.00256827436592738,0.00428881030766552,0.274992547677349));
#3939=CARTESIAN_POINT('',(0.00236520227631838,0.00441180964761649,0.275993273681849));
#3940=CARTESIAN_POINT('',(0.00181545831488312,0.00467839572754827,0.27680745578716));
#3941=CARTESIAN_POINT('',(0.0010018413555212,0.00492860851205669,0.277361182834564));
#3942=CARTESIAN_POINT('',(8.01163819420774E-6,0.00503507125076367,0.277568136996245));
#3943=CARTESIAN_POINT('',(-0.000992265759445765,0.00493107761148681,0.277366211433569));
#3944=CARTESIAN_POINT('',(-0.00181157420205272,0.00467999318903133,0.276811756113647));
#3945=CARTESIAN_POINT('',(-0.00236144418398381,0.00441387181053003,0.27599995669773));
#3946=CARTESIAN_POINT('',(-0.00256809475905107,0.00428888906895552,0.275007098327312));
#3947=CARTESIAN_POINT('',(-0.00236613113227462,0.00441136038174553,0.274008655722797));
#3948=CARTESIAN_POINT('',(-0.00181436856844255,0.00467884146789928,0.273191050044976));
#3949=CARTESIAN_POINT('',(-0.000999854881699537,0.00492932641831303,0.272637427787847));
#3950=CARTESIAN_POINT('',(6.00881899255433E-7,0.00503524518783371,0.27243148213733));
#3951=CARTESIAN_POINT('',(0.000997451354102467,0.00492969283035214,0.272636643662833));
#3952=CARTESIAN_POINT('',(-1.60492000916855E-17,0.005,0.2725));
#3953=CARTESIAN_POINT('',(-7.02973730066921E-18,0.0625,0.25));
#3954=CARTESIAN_POINT('',(0.000999854881699461,-0.00492932641831305,0.247637427787846));
#3955=CARTESIAN_POINT('',(-6.00881899250663E-7,-0.00503524518783371,0.24743148213733));
#3956=CARTESIAN_POINT('',(-0.0009974513541025,-0.00492969283035213,0.247636643662832));
#3957=CARTESIAN_POINT('',(-0.0018131019738407,-0.00467928591734741,0.248190121504309));
#3958=CARTESIAN_POINT('',(-0.00236165860916291,-0.00441373528231598,0.249001187022642));
#3959=CARTESIAN_POINT('',(-0.0025682743659274,-0.00428881030766551,0.249992547677349));
#3960=CARTESIAN_POINT('',(-0.00236520227631836,-0.0044118096476165,0.250993273681849));
#3961=CARTESIAN_POINT('',(-0.00181545831488314,-0.00467839572754826,0.25180745578716));
#3962=CARTESIAN_POINT('',(-0.0010018413555212,-0.00492860851205669,0.252361182834564));
#3963=CARTESIAN_POINT('',(-8.01163819418726E-6,-0.00503507125076367,0.252568136996245));
#3964=CARTESIAN_POINT('',(0.000992265759445765,-0.00493107761148681,0.25236621143357));
#3965=CARTESIAN_POINT('',(0.0018115742020527,-0.00467999318903134,0.251811756113647));
#3966=CARTESIAN_POINT('',(0.00236144418398383,-0.00441387181053001,0.25099995669773));
#3967=CARTESIAN_POINT('',(0.00256809475905106,-0.00428888906895553,0.250007098327311));
#3968=CARTESIAN_POINT('',(0.00236613113227458,-0.00441136038174555,0.249008655722797));
#3969=CARTESIAN_POINT('',(0.00181436856844259,-0.00467884146789927,0.248191050044976));
#3970=CARTESIAN_POINT('',(0.000999854881699461,-0.00492932641831305,0.247637427787846));
#3971=CARTESIAN_POINT('',(-6.00881899250663E-7,-0.00503524518783371,0.24743148213733));
#3972=CARTESIAN_POINT('',(-0.0009974513541025,-0.00492969283035213,0.247636643662832));
#3973=CARTESIAN_POINT('',(3.73976967953352E-18,-0.005,0.2475));
#3974=CARTESIAN_POINT('',(-7.02973730066921E-18,0.0625,0.25));
#3975=CARTESIAN_POINT('',(-0.000999854881699477,0.00492932641831304,0.247637427787846));
#3976=CARTESIAN_POINT('',(6.00881899236975E-7,0.0050352451878337,0.24743148213733));
#3977=CARTESIAN_POINT('',(0.000997451354102487,0.00492969283035214,0.247636643662833));
#3978=CARTESIAN_POINT('',(0.00181310197384069,0.00467928591734741,0.248190121504309));
#3979=CARTESIAN_POINT('',(0.0023616586091629,0.00441373528231599,0.249001187022642));
#3980=CARTESIAN_POINT('',(0.00256827436592739,0.00428881030766551,0.249992547677349));
#3981=CARTESIAN_POINT('',(0.00236520227631834,0.00441180964761651,0.250993273681849));
#3982=CARTESIAN_POINT('',(0.00181545831488312,0.00467839572754827,0.25180745578716));
#3983=CARTESIAN_POINT('',(0.00100184135552119,0.0049286085120567,0.252361182834564));
#3984=CARTESIAN_POINT('',(8.01163819417528E-6,0.00503507125076367,0.252568136996245));
#3985=CARTESIAN_POINT('',(-0.000992265759445796,0.00493107761148681,0.252366211433569));
#3986=CARTESIAN_POINT('',(-0.00181157420205271,0.00467999318903134,0.251811756113647));
#3987=CARTESIAN_POINT('',(-0.00236144418398384,0.00441387181053001,0.25099995669773));
#3988=CARTESIAN_POINT('',(-0.00256809475905107,0.00428888906895552,0.250007098327311));
#3989=CARTESIAN_POINT('',(-0.00236613113227459,0.00441136038174555,0.249008655722797));
#3990=CARTESIAN_POINT('',(-0.0018143685684426,0.00467884146789926,0.248191050044976));
#3991=CARTESIAN_POINT('',(-0.000999854881699477,0.00492932641831304,0.247637427787846));
#3992=CARTESIAN_POINT('',(6.00881899236975E-7,0.0050352451878337,0.24743148213733));
#3993=CARTESIAN_POINT('',(0.000997451354102487,0.00492969283035214,0.247636643662833));
#3994=CARTESIAN_POINT('',(-1.78928373015438E-17,0.005,0.2475));
#3995=CARTESIAN_POINT('',(-6.87665645077579E-18,0.0625,0.225));
#3996=CARTESIAN_POINT('',(0.000999854881699486,-0.00492932641831304,0.222637427787846));
#3997=CARTESIAN_POINT('',(-6.00881899257683E-7,-0.00503524518783371,0.22243148213733));
#3998=CARTESIAN_POINT('',(-0.000997451354102497,-0.00492969283035213,0.222636643662833));
#3999=CARTESIAN_POINT('',(-0.0018131019738407,-0.0046792859173474,0.223190121504309));
#4000=CARTESIAN_POINT('',(-0.00236165860916291,-0.00441373528231598,0.224001187022642));
#4001=CARTESIAN_POINT('',(-0.0025682743659274,-0.00428881030766551,0.224992547677349));
#4002=CARTESIAN_POINT('',(-0.00236520227631835,-0.0044118096476165,0.225993273681849));
#4003=CARTESIAN_POINT('',(-0.00181545831488317,-0.00467839572754825,0.22680745578716));
#4004=CARTESIAN_POINT('',(-0.00100184135552116,-0.0049286085120567,0.227361182834564));
#4005=CARTESIAN_POINT('',(-8.01163819420805E-6,-0.00503507125076367,0.227568136996245));
#4006=CARTESIAN_POINT('',(0.000992265759445791,-0.00493107761148681,0.227366211433569));
#4007=CARTESIAN_POINT('',(0.00181157420205271,-0.00467999318903134,0.226811756113647));
#4008=CARTESIAN_POINT('',(0.00236144418398381,-0.00441387181053003,0.22599995669773));
#4009=CARTESIAN_POINT('',(0.00256809475905106,-0.00428888906895552,0.225007098327312));
#4010=CARTESIAN_POINT('',(0.00236613113227459,-0.00441136038174555,0.224008655722797));
#4011=CARTESIAN_POINT('',(0.00181436856844255,-0.00467884146789929,0.223191050044976));
#4012=CARTESIAN_POINT('',(0.000999854881699486,-0.00492932641831304,0.222637427787846));
#4013=CARTESIAN_POINT('',(-6.00881899257683E-7,-0.00503524518783371,0.22243148213733));
#4014=CARTESIAN_POINT('',(-0.000997451354102497,-0.00492969283035213,0.222636643662833));
#4015=CARTESIAN_POINT('',(3.12146065025141E-18,-0.005,0.2225));
#4016=CARTESIAN_POINT('',(-6.87665645077579E-18,0.0625,0.225));
#4017=CARTESIAN_POINT('',(-0.000999854881699502,0.00492932641831304,0.222637427787846));
#4018=CARTESIAN_POINT('',(6.00881899243669E-7,0.00503524518783371,0.22243148213733));
#4019=CARTESIAN_POINT('',(0.000997451354102484,0.00492969283035214,0.222636643662833));
#4020=CARTESIAN_POINT('',(0.00181310197384069,0.00467928591734741,0.223190121504309));
#4021=CARTESIAN_POINT('',(0.0023616586091629,0.00441373528231599,0.224001187022642));
#4022=CARTESIAN_POINT('',(0.00256827436592739,0.00428881030766551,0.224992547677349));
#4023=CARTESIAN_POINT('',(0.00236520227631834,0.00441180964761651,0.225993273681849));
#4024=CARTESIAN_POINT('',(0.00181545831488315,0.00467839572754826,0.22680745578716));
#4025=CARTESIAN_POINT('',(0.00100184135552114,0.00492860851205671,0.227361182834564));
#4026=CARTESIAN_POINT('',(8.01163819419236E-6,0.00503507125076367,0.227568136996245));
#4027=CARTESIAN_POINT('',(-0.000992265759445795,0.00493107761148681,0.227366211433569));
#4028=CARTESIAN_POINT('',(-0.00181157420205269,0.00467999318903135,0.226811756113647));
#4029=CARTESIAN_POINT('',(-0.00236144418398383,0.00441387181053001,0.22599995669773));
#4030=CARTESIAN_POINT('',(-0.00256809475905107,0.00428888906895552,0.225007098327312));
#4031=CARTESIAN_POINT('',(-0.0023661311322746,0.00441136038174554,0.224008655722797));
#4032=CARTESIAN_POINT('',(-0.00181436856844256,0.00467884146789928,0.223191050044976));
#4033=CARTESIAN_POINT('',(-0.000999854881699502,0.00492932641831304,0.222637427787846));
#4034=CARTESIAN_POINT('',(6.00881899243669E-7,0.00503524518783371,0.22243148213733));
#4035=CARTESIAN_POINT('',(0.000997451354102484,0.00492969283035214,0.222636643662833));
#4036=CARTESIAN_POINT('',(-1.7750537730959E-17,0.005,0.2225));
#4037=CARTESIAN_POINT('',(-8.17049025204104E-18,0.0625,0.2));
#4038=CARTESIAN_POINT('',(0.000999854881699475,-0.00492932641831304,0.197637427787846));
#4039=CARTESIAN_POINT('',(-6.0088189925958E-7,-0.00503524518783371,0.19743148213733));
#4040=CARTESIAN_POINT('',(-0.000997451354102487,-0.00492969283035213,0.197636643662833));
#4041=CARTESIAN_POINT('',(-0.00181310197384071,-0.0046792859173474,0.198190121504309));
#4042=CARTESIAN_POINT('',(-0.00236165860916291,-0.00441373528231598,0.199001187022642));
#4043=CARTESIAN_POINT('',(-0.0025682743659274,-0.00428881030766551,0.199992547677349));
#4044=CARTESIAN_POINT('',(-0.00236520227631835,-0.0044118096476165,0.200993273681849));
#4045=CARTESIAN_POINT('',(-0.00181545831488317,-0.00467839572754825,0.20180745578716));
#4046=CARTESIAN_POINT('',(-0.00100184135552116,-0.0049286085120567,0.202361182834564));
#4047=CARTESIAN_POINT('',(-8.01163819421863E-6,-0.00503507125076367,0.202568136996245));
#4048=CARTESIAN_POINT('',(0.000992265759445796,-0.00493107761148681,0.202366211433569));
#4049=CARTESIAN_POINT('',(0.00181157420205267,-0.00467999318903135,0.201811756113647));
#4050=CARTESIAN_POINT('',(0.00236144418398381,-0.00441387181053002,0.20099995669773));
#4051=CARTESIAN_POINT('',(0.00256809475905106,-0.00428888906895553,0.200007098327312));
#4052=CARTESIAN_POINT('',(0.00236613113227459,-0.00441136038174555,0.199008655722797));
#4053=CARTESIAN_POINT('',(0.00181436856844255,-0.00467884146789928,0.198191050044976));
#4054=CARTESIAN_POINT('',(0.000999854881699475,-0.00492932641831304,0.197637427787846));
#4055=CARTESIAN_POINT('',(-6.0088189925958E-7,-0.00503524518783371,0.19743148213733));
#4056=CARTESIAN_POINT('',(-0.000997451354102487,-0.00492969283035213,0.197636643662833));
#4057=CARTESIAN_POINT('',(1.77346127464086E-18,-0.005,0.1975));
#4058=CARTESIAN_POINT('',(-8.17049025204104E-18,0.0625,0.2));
#4059=CARTESIAN_POINT('',(-0.000999854881699494,0.00492932641831304,0.197637427787846));
#4060=CARTESIAN_POINT('',(6.00881899243886E-7,0.00503524518783371,0.19743148213733));
#4061=CARTESIAN_POINT('',(0.000997451354102472,0.00492969283035213,0.197636643662832));
#4062=CARTESIAN_POINT('',(0.00181310197384069,0.00467928591734741,0.198190121504309));
#4063=CARTESIAN_POINT('',(0.0023616586091629,0.00441373528231599,0.199001187022642));
#4064=CARTESIAN_POINT('',(0.00256827436592739,0.00428881030766551,0.199992547677349));
#4065=CARTESIAN_POINT('',(0.00236520227631834,0.00441180964761651,0.200993273681849));
#4066=CARTESIAN_POINT('',(0.00181545831488315,0.00467839572754826,0.20180745578716));
#4067=CARTESIAN_POINT('',(0.00100184135552114,0.00492860851205671,0.202361182834564));
#4068=CARTESIAN_POINT('',(8.01163819419633E-6,0.00503507125076367,0.202568136996245));
#4069=CARTESIAN_POINT('',(-0.0009922657594458,0.00493107761148681,0.202366211433569));
#4070=CARTESIAN_POINT('',(-0.00181157420205273,0.00467999318903133,0.201811756113647));
#4071=CARTESIAN_POINT('',(-0.00236144418398382,0.00441387181053002,0.20099995669773));
#4072=CARTESIAN_POINT('',(-0.00256809475905108,0.00428888906895551,0.200007098327312));
#4073=CARTESIAN_POINT('',(-0.0023661311322746,0.00441136038174554,0.199008655722797));
#4074=CARTESIAN_POINT('',(-0.00181436856844256,0.00467884146789928,0.198191050044976));
#4075=CARTESIAN_POINT('',(-0.000999854881699494,0.00492932641831304,0.197637427787846));
#4076=CARTESIAN_POINT('',(6.00881899243886E-7,0.00503524518783371,0.19743148213733));
#4077=CARTESIAN_POINT('',(0.000997451354102472,0.00492969283035213,0.197636643662832));
#4078=CARTESIAN_POINT('',(-1.85463838113303E-17,0.005,0.1975));
#4079=CARTESIAN_POINT('',(-8.3121401271466E-18,0.0625,0.175));
#4080=CARTESIAN_POINT('',(0.000999854881699471,-0.00492932641831304,0.172637427787846));
#4081=CARTESIAN_POINT('',(-6.00881899259146E-7,-0.00503524518783371,0.17243148213733));
#4082=CARTESIAN_POINT('',(-0.000997451354102487,-0.00492969283035213,0.172636643662832));
#4083=CARTESIAN_POINT('',(-0.00181310197384071,-0.0046792859173474,0.173190121504309));
#4084=CARTESIAN_POINT('',(-0.00236165860916291,-0.00441373528231598,0.174001187022642));
#4085=CARTESIAN_POINT('',(-0.0025682743659274,-0.00428881030766551,0.174992547677349));
#4086=CARTESIAN_POINT('',(-0.00236520227631835,-0.0044118096476165,0.175993273681849));
#4087=CARTESIAN_POINT('',(-0.00181545831488317,-0.00467839572754825,0.17680745578716));
#4088=CARTESIAN_POINT('',(-0.00100184135552117,-0.0049286085120567,0.177361182834564));
#4089=CARTESIAN_POINT('',(-8.01163819421519E-6,-0.00503507125076367,0.177568136996245));
#4090=CARTESIAN_POINT('',(0.0009922657594458,-0.00493107761148681,0.177366211433569));
#4091=CARTESIAN_POINT('',(0.00181157420205267,-0.00467999318903135,0.176811756113648));
#4092=CARTESIAN_POINT('',(0.00236144418398381,-0.00441387181053002,0.17599995669773));
#4093=CARTESIAN_POINT('',(0.00256809475905106,-0.00428888906895552,0.175007098327311));
#4094=CARTESIAN_POINT('',(0.00236613113227459,-0.00441136038174555,0.174008655722797));
#4095=CARTESIAN_POINT('',(0.00181436856844255,-0.00467884146789928,0.173191050044976));
#4096=CARTESIAN_POINT('',(0.000999854881699471,-0.00492932641831304,0.172637427787846));
#4097=CARTESIAN_POINT('',(-6.00881899259146E-7,-0.00503524518783371,0.17243148213733));
#4098=CARTESIAN_POINT('',(-0.000997451354102487,-0.00492969283035213,0.172636643662832));
#4099=CARTESIAN_POINT('',(1.65402828490951E-18,-0.005,0.1725));
#4100=CARTESIAN_POINT('',(-8.3121401271466E-18,0.0625,0.175));
#4101=CARTESIAN_POINT('',(-0.00099985488169948,0.00492932641831304,0.172637427787846));
#4102=CARTESIAN_POINT('',(6.00881899239414E-7,0.00503524518783371,0.17243148213733));
#4103=CARTESIAN_POINT('',(0.000997451354102472,0.00492969283035213,0.172636643662832));
#4104=CARTESIAN_POINT('',(0.00181310197384069,0.00467928591734741,0.173190121504309));
#4105=CARTESIAN_POINT('',(0.0023616586091629,0.00441373528231599,0.174001187022642));
#4106=CARTESIAN_POINT('',(0.00256827436592739,0.00428881030766551,0.174992547677349));
#4107=CARTESIAN_POINT('',(0.00236520227631834,0.00441180964761651,0.175993273681849));
#4108=CARTESIAN_POINT('',(0.00181545831488315,0.00467839572754826,0.17680745578716));
#4109=CARTESIAN_POINT('',(0.00100184135552115,0.0049286085120567,0.177361182834564));
#4110=CARTESIAN_POINT('',(8.01163819419737E-6,0.00503507125076367,0.177568136996245));
#4111=CARTESIAN_POINT('',(-0.000992265759445815,0.0049310776114868,0.177366211433569));
#4112=CARTESIAN_POINT('',(-0.00181157420205269,0.00467999318903135,0.176811756113647));
#4113=CARTESIAN_POINT('',(-0.00236144418398383,0.00441387181053001,0.17599995669773));
#4114=CARTESIAN_POINT('',(-0.00256809475905108,0.00428888906895552,0.175007098327312));
#4115=CARTESIAN_POINT('',(-0.00236613113227459,0.00441136038174555,0.174008655722797));
#4116=CARTESIAN_POINT('',(-0.0018143685684426,0.00467884146789926,0.173191050044976));
#4117=CARTESIAN_POINT('',(-0.00099985488169948,0.00492932641831304,0.172637427787846));
#4118=CARTESIAN_POINT('',(6.00881899239414E-7,0.00503524518783371,0.17243148213733));
#4119=CARTESIAN_POINT('',(0.000997451354102472,0.00492969283035213,0.172636643662832));
#4120=CARTESIAN_POINT('',(-1.88767197331218E-17,0.005,0.1725));
#4121=CARTESIAN_POINT('',(-7.02973730066921E-18,0.0625,0.15));
#4122=CARTESIAN_POINT('',(0.000999854881699489,-0.00492932641831304,0.147637427787846));
#4123=CARTESIAN_POINT('',(-6.00881899262074E-7,-0.00503524518783371,0.14743148213733));
#4124=CARTESIAN_POINT('',(-0.000997451354102484,-0.00492969283035213,0.147636643662832));
#4125=CARTESIAN_POINT('',(-0.0018131019738407,-0.0046792859173474,0.148190121504309));
#4126=CARTESIAN_POINT('',(-0.0023616586091629,-0.00441373528231599,0.149001187022642));
#4127=CARTESIAN_POINT('',(-0.0025682743659274,-0.00428881030766551,0.149992547677349));
#4128=CARTESIAN_POINT('',(-0.00236520227631837,-0.00441180964761649,0.150993273681849));
#4129=CARTESIAN_POINT('',(-0.00181545831488316,-0.00467839572754825,0.15180745578716));
#4130=CARTESIAN_POINT('',(-0.00100184135552119,-0.00492860851205669,0.152361182834564));
#4131=CARTESIAN_POINT('',(-8.01163819422352E-6,-0.00503507125076367,0.152568136996245));
#4132=CARTESIAN_POINT('',(0.00099226575944577,-0.00493107761148681,0.152366211433569));
#4133=CARTESIAN_POINT('',(0.00181157420205268,-0.00467999318903135,0.151811756113648));
#4134=CARTESIAN_POINT('',(0.00236144418398379,-0.00441387181053003,0.15099995669773));
#4135=CARTESIAN_POINT('',(0.00256809475905106,-0.00428888906895553,0.150007098327312));
#4136=CARTESIAN_POINT('',(0.0023661311322746,-0.00441136038174555,0.149008655722797));
#4137=CARTESIAN_POINT('',(0.00181436856844259,-0.00467884146789927,0.148191050044976));
#4138=CARTESIAN_POINT('',(0.000999854881699489,-0.00492932641831304,0.147637427787846));
#4139=CARTESIAN_POINT('',(-6.00881899262074E-7,-0.00503524518783371,0.14743148213733));
#4140=CARTESIAN_POINT('',(-0.000997451354102484,-0.00492969283035213,0.147636643662832));
#4141=CARTESIAN_POINT('',(2.95713605168892E-18,-0.005,0.1475));
#4142=CARTESIAN_POINT('',(-7.02973730066921E-18,0.0625,0.15));
#4143=CARTESIAN_POINT('',(-0.000999854881699523,0.00492932641831303,0.147637427787846));
#4144=CARTESIAN_POINT('',(6.00881899252208E-7,0.00503524518783371,0.14743148213733));
#4145=CARTESIAN_POINT('',(0.000997451354102471,0.00492969283035214,0.147636643662832));
#4146=CARTESIAN_POINT('',(0.00181310197384069,0.00467928591734741,0.148190121504309));
#4147=CARTESIAN_POINT('',(0.00236165860916288,0.00441373528231599,0.149001187022642));
#4148=CARTESIAN_POINT('',(0.00256827436592739,0.00428881030766551,0.149992547677349));
#4149=CARTESIAN_POINT('',(0.00236520227631835,0.0044118096476165,0.150993273681849));
#4150=CARTESIAN_POINT('',(0.00181545831488318,0.00467839572754824,0.15180745578716));
#4151=CARTESIAN_POINT('',(0.00100184135552116,0.0049286085120567,0.152361182834564));
#4152=CARTESIAN_POINT('',(8.01163819420809E-6,0.00503507125076367,0.152568136996245));
#4153=CARTESIAN_POINT('',(-0.000992265759445782,0.00493107761148681,0.152366211433569));
#4154=CARTESIAN_POINT('',(-0.0018115742020527,0.00467999318903134,0.151811756113648));
#4155=CARTESIAN_POINT('',(-0.00236144418398381,0.00441387181053002,0.15099995669773));
#4156=CARTESIAN_POINT('',(-0.00256809475905107,0.00428888906895551,0.150007098327312));
#4157=CARTESIAN_POINT('',(-0.00236613113227461,0.00441136038174554,0.149008655722797));
#4158=CARTESIAN_POINT('',(-0.00181436856844258,0.00467884146789927,0.148191050044976));
#4159=CARTESIAN_POINT('',(-0.000999854881699523,0.00492932641831303,0.147637427787846));
#4160=CARTESIAN_POINT('',(6.00881899252208E-7,0.00503524518783371,0.14743148213733));
#4161=CARTESIAN_POINT('',(0.000997451354102471,0.00492969283035214,0.147636643662832));
#4162=CARTESIAN_POINT('',(-1.78166078518085E-17,0.005,0.1475));
#4163=CARTESIAN_POINT('',(-7.02973730066921E-18,0.0625,0.125));
#4164=CARTESIAN_POINT('',(0.000999854881699507,-0.00492932641831304,0.122637427787846));
#4165=CARTESIAN_POINT('',(-6.00881899268986E-7,-0.00503524518783371,0.12243148213733));
#4166=CARTESIAN_POINT('',(-0.000997451354102473,-0.00492969283035214,0.122636643662833));
#4167=CARTESIAN_POINT('',(-0.00181310197384069,-0.00467928591734741,0.123190121504309));
#4168=CARTESIAN_POINT('',(-0.0023616586091629,-0.00441373528231599,0.124001187022642));
#4169=CARTESIAN_POINT('',(-0.00256827436592741,-0.0042888103076655,0.124992547677349));
#4170=CARTESIAN_POINT('',(-0.00236520227631835,-0.0044118096476165,0.125993273681849));
#4171=CARTESIAN_POINT('',(-0.00181545831488316,-0.00467839572754825,0.12680745578716));
#4172=CARTESIAN_POINT('',(-0.0010018413555212,-0.0049286085120567,0.127361182834564));
#4173=CARTESIAN_POINT('',(-8.01163819419924E-6,-0.00503507125076367,0.127568136996245));
#4174=CARTESIAN_POINT('',(0.000992265759445754,-0.00493107761148681,0.127366211433569));
#4175=CARTESIAN_POINT('',(0.00181157420205268,-0.00467999318903135,0.126811756113648));
#4176=CARTESIAN_POINT('',(0.00236144418398381,-0.00441387181053002,0.12599995669773));
#4177=CARTESIAN_POINT('',(0.00256809475905106,-0.00428888906895553,0.125007098327312));
#4178=CARTESIAN_POINT('',(0.00236613113227459,-0.00441136038174555,0.124008655722797));
#4179=CARTESIAN_POINT('',(0.00181436856844258,-0.00467884146789927,0.123191050044976));
#4180=CARTESIAN_POINT('',(0.000999854881699507,-0.00492932641831304,0.122637427787846));
#4181=CARTESIAN_POINT('',(-6.00881899268986E-7,-0.00503524518783371,0.12243148213733));
#4182=CARTESIAN_POINT('',(-0.000997451354102473,-0.00492969283035214,0.122636643662833));
#4183=CARTESIAN_POINT('',(-2.20984816161145E-19,-0.005,0.1225));
#4184=CARTESIAN_POINT('',(-7.02973730066921E-18,0.0625,0.125));
#4185=CARTESIAN_POINT('',(-0.000999854881699522,0.00492932641831304,0.122637427787846));
#4186=CARTESIAN_POINT('',(6.00881899255813E-7,0.00503524518783371,0.12243148213733));
#4187=CARTESIAN_POINT('',(0.000997451354102458,0.00492969283035214,0.122636643662832));
#4188=CARTESIAN_POINT('',(0.00181310197384068,0.00467928591734741,0.123190121504309));
#4189=CARTESIAN_POINT('',(0.00236165860916288,0.00441373528231599,0.124001187022642));
#4190=CARTESIAN_POINT('',(0.00256827436592739,0.00428881030766551,0.124992547677349));
#4191=CARTESIAN_POINT('',(0.00236520227631834,0.00441180964761651,0.125993273681849));
#4192=CARTESIAN_POINT('',(0.00181545831488314,0.00467839572754826,0.12680745578716));
#4193=CARTESIAN_POINT('',(0.00100184135552118,0.0049286085120567,0.127361182834564));
#4194=CARTESIAN_POINT('',(8.01163819418399E-6,0.00503507125076367,0.127568136996245));
#4195=CARTESIAN_POINT('',(-0.000992265759445759,0.00493107761148681,0.127366211433569));
#4196=CARTESIAN_POINT('',(-0.0018115742020527,0.00467999318903135,0.126811756113648));
#4197=CARTESIAN_POINT('',(-0.00236144418398383,0.00441387181053002,0.12599995669773));
#4198=CARTESIAN_POINT('',(-0.00256809475905107,0.00428888906895552,0.125007098327312));
#4199=CARTESIAN_POINT('',(-0.0023661311322746,0.00441136038174554,0.124008655722797));
#4200=CARTESIAN_POINT('',(-0.00181436856844259,0.00467884146789926,0.123191050044976));
#4201=CARTESIAN_POINT('',(-0.000999854881699522,0.00492932641831304,0.122637427787846));
#4202=CARTESIAN_POINT('',(6.00881899255813E-7,0.00503524518783371,0.12243148213733));
#4203=CARTESIAN_POINT('',(0.000997451354102458,0.00492969283035214,0.122636643662832));
#4204=CARTESIAN_POINT('',(-1.39058276796164E-17,0.005,0.1225));
#4205=CARTESIAN_POINT('',(-1.0189952380471E-16,0.0625,0.325));
#4206=CARTESIAN_POINT('',(-1.06460913133613E-16,7.50228284898274E-20,0.325));
#4207=CARTESIAN_POINT('',(-1.06460913133613E-16,7.50228284898274E-20,0.325));
#4208=CARTESIAN_POINT('',(-3.08013940353038E-17,0.0625,0.1));
#4209=CARTESIAN_POINT('',(-2.92784848254663E-17,2.58386390036215E-17,0.1));
#4210=CARTESIAN_POINT('',(-2.92784848254663E-17,2.58386390036215E-17,0.1));
#4211=CARTESIAN_POINT('',(-7.02973730066921E-18,0.0625,0.075));
#4212=CARTESIAN_POINT('',(-3.5148686503346E-18,7.50228284898151E-20,0.075));
#4213=CARTESIAN_POINT('',(-3.5148686503346E-18,7.50228284898151E-20,0.075));
#4214=CARTESIAN_POINT('',(4.74767084939954E-18,0.0625,0.05));
#4215=CARTESIAN_POINT('',(2.37383542469977E-18,7.50228284898151E-20,0.05));
#4216=CARTESIAN_POINT('',(2.37383542469977E-18,7.50228284898151E-20,0.05));
#4217=CARTESIAN_POINT('',(0.,0.,0.113333333333333));
#4218=CARTESIAN_POINT('',(0.,3.06161699786838E-19,0.113333333333333));
#4219=CARTESIAN_POINT('',(0.005,3.06161699786838E-19,0.113333333333333));
#4220=CARTESIAN_POINT('',(0.,3.06161699786838E-19,0.34));
#4221=CARTESIAN_POINT('',(-0.00492932641831304,0.00099985488169948,0.127362572212154));
#4222=CARTESIAN_POINT('',(-0.00503524518783371,-6.00881899249416E-7,0.12756851786267));
#4223=CARTESIAN_POINT('',(-0.00492969283035213,-0.000997451354102479,0.127363356337168));
#4224=CARTESIAN_POINT('',(-0.00467928591734742,-0.00181310197384067,0.126809878495691));
#4225=CARTESIAN_POINT('',(-0.004413735282316,-0.00236165860916288,0.125998812977358));
#4226=CARTESIAN_POINT('',(-0.00428881030766551,-0.0025682743659274,0.125007452322651));
#4227=CARTESIAN_POINT('',(-0.0044118096476165,-0.00236520227631836,0.124006726318151));
#4228=CARTESIAN_POINT('',(-0.00467839572754826,-0.00181545831488313,0.12319254421284));
#4229=CARTESIAN_POINT('',(-0.0049286085120567,-0.00100184135552118,0.122638817165436));
#4230=CARTESIAN_POINT('',(-0.00503507125076367,-8.01163819417475E-6,0.122431863003755));
#4231=CARTESIAN_POINT('',(-0.00493107761148681,0.000992265759445789,0.122633788566431));
#4232=CARTESIAN_POINT('',(-0.00467999318903133,0.00181157420205272,0.123188243886353));
#4233=CARTESIAN_POINT('',(-0.00441387181053002,0.00236144418398382,0.12400004330227));
#4234=CARTESIAN_POINT('',(-0.00428888906895552,0.00256809475905107,0.124992901672689));
#4235=CARTESIAN_POINT('',(-0.00441136038174555,0.0023661311322746,0.125991344277203));
#4236=CARTESIAN_POINT('',(-0.00467884146789928,0.00181436856844256,0.126808949955024));
#4237=CARTESIAN_POINT('',(-0.00492932641831304,0.00099985488169948,0.127362572212154));
#4238=CARTESIAN_POINT('',(-0.00503524518783371,-6.00881899249416E-7,0.12756851786267));
#4239=CARTESIAN_POINT('',(-0.00492969283035213,-0.000997451354102479,0.127363356337168));
#4240=CARTESIAN_POINT('',(-0.005,7.80612060466063E-18,0.1275));
#4241=CARTESIAN_POINT('',(0.00441319613040326,0.00236262704768686,0.125998280797065));
#4242=CARTESIAN_POINT('',(0.00428867017808388,0.00256852851321209,0.124999533112961));
#4243=CARTESIAN_POINT('',(0.00441288527079438,0.00236325889946477,0.12400358675109));
#4244=CARTESIAN_POINT('',(0.004679070963621,0.00181367400874664,0.123190760862918));
#4245=CARTESIAN_POINT('',(0.00492894910870016,0.00100004869938121,0.122638182265536));
#4246=CARTESIAN_POINT('',(0.00503512288651784,6.41227185240965E-6,0.122431737810208));
#4247=CARTESIAN_POINT('',(0.00493054331010238,-0.000994679932099034,0.122634898563909));
#4248=CARTESIAN_POINT('',(0.00467985306844567,-0.00181165720874911,0.123188662415708));
#4249=CARTESIAN_POINT('',(0.00441402165173665,-0.00236119950776609,0.12399975819171));
#4250=CARTESIAN_POINT('',(0.00428885728478038,-0.00256816724434794,0.124991667981982));
#4251=CARTESIAN_POINT('',(0.00441134558858761,-0.00236607216438395,0.125991373787845));
#4252=CARTESIAN_POINT('',(0.00467843591751458,-0.001815486173267,0.126807774011417));
#4253=CARTESIAN_POINT('',(0.00492883932617547,-0.00100105134995652,0.127361617705912));
#4254=CARTESIAN_POINT('',(0.00503504306764675,-6.42159302644183E-6,0.127568070650247));
#4255=CARTESIAN_POINT('',(0.0049309691272785,0.00099272952936209,0.127366061141143));
#4256=CARTESIAN_POINT('',(0.00467950497898318,0.00181297348205787,0.126810402738105));
#4257=CARTESIAN_POINT('',(0.00441319613040326,0.00236262704768686,0.125998280797065));
#4258=CARTESIAN_POINT('',(0.00428867017808388,0.00256852851321209,0.124999533112961));
#4259=CARTESIAN_POINT('',(0.00441288527079438,0.00236325889946477,0.12400358675109));
#4260=CARTESIAN_POINT('',(0.00433012701892219,0.0025,0.125));
#4261=CARTESIAN_POINT('',(-0.00492932641831304,0.000999854881699482,0.152362572212154));
#4262=CARTESIAN_POINT('',(-0.00503524518783371,-6.00881899247166E-7,0.15256851786267));
#4263=CARTESIAN_POINT('',(-0.00492969283035213,-0.000997451354102489,0.152363356337168));
#4264=CARTESIAN_POINT('',(-0.00467928591734741,-0.00181310197384069,0.151809878495691));
#4265=CARTESIAN_POINT('',(-0.00441373528231598,-0.00236165860916292,0.150998812977358));
#4266=CARTESIAN_POINT('',(-0.00428881030766551,-0.00256827436592739,0.150007452322651));
#4267=CARTESIAN_POINT('',(-0.00441180964761651,-0.00236520227631834,0.149006726318151));
#4268=CARTESIAN_POINT('',(-0.00467839572754827,-0.00181545831488312,0.14819254421284));
#4269=CARTESIAN_POINT('',(-0.0049286085120567,-0.00100184135552116,0.147638817165436));
#4270=CARTESIAN_POINT('',(-0.00503507125076367,-8.01163819414238E-6,0.147431863003755));
#4271=CARTESIAN_POINT('',(-0.0049310776114868,0.000992265759445816,0.147633788566431));
#4272=CARTESIAN_POINT('',(-0.00467999318903134,0.00181157420205272,0.148188243886353));
#4273=CARTESIAN_POINT('',(-0.00441387181053001,0.00236144418398383,0.14900004330227));
#4274=CARTESIAN_POINT('',(-0.00428888906895552,0.00256809475905106,0.149992901672688));
#4275=CARTESIAN_POINT('',(-0.00441136038174555,0.0023661311322746,0.150991344277203));
#4276=CARTESIAN_POINT('',(-0.00467884146789928,0.00181436856844255,0.151808949955024));
#4277=CARTESIAN_POINT('',(-0.00492932641831304,0.000999854881699482,0.152362572212154));
#4278=CARTESIAN_POINT('',(-0.00503524518783371,-6.00881899247166E-7,0.15256851786267));
#4279=CARTESIAN_POINT('',(-0.00492969283035213,-0.000997451354102489,0.152363356337168));
#4280=CARTESIAN_POINT('',(-0.005,7.95011362075445E-18,0.1525));
#4281=CARTESIAN_POINT('',(0.00441319613040326,0.00236262704768684,0.150998280797065));
#4282=CARTESIAN_POINT('',(0.00428867017808388,0.0025685285132121,0.149999533112961));
#4283=CARTESIAN_POINT('',(0.00441288527079438,0.00236325889946477,0.14900358675109));
#4284=CARTESIAN_POINT('',(0.004679070963621,0.00181367400874663,0.148190760862918));
#4285=CARTESIAN_POINT('',(0.00492894910870016,0.00100004869938122,0.147638182265536));
#4286=CARTESIAN_POINT('',(0.00503512288651784,6.41227185240049E-6,0.147431737810208));
#4287=CARTESIAN_POINT('',(0.00493054331010237,-0.000994679932099055,0.147634898563909));
#4288=CARTESIAN_POINT('',(0.00467985306844567,-0.0018116572087491,0.148188662415708));
#4289=CARTESIAN_POINT('',(0.00441402165173664,-0.0023611995077661,0.14899975819171));
#4290=CARTESIAN_POINT('',(0.00428885728478039,-0.00256816724434794,0.149991667981982));
#4291=CARTESIAN_POINT('',(0.0044113455885876,-0.00236607216438395,0.150991373787845));
#4292=CARTESIAN_POINT('',(0.00467843591751458,-0.001815486173267,0.151807774011417));
#4293=CARTESIAN_POINT('',(0.00492883932617547,-0.00100105134995652,0.152361617705912));
#4294=CARTESIAN_POINT('',(0.00503504306764675,-6.42159302643465E-6,0.152568070650247));
#4295=CARTESIAN_POINT('',(0.0049309691272785,0.000992729529362084,0.152366061141143));
#4296=CARTESIAN_POINT('',(0.00467950497898318,0.00181297348205787,0.151810402738105));
#4297=CARTESIAN_POINT('',(0.00441319613040326,0.00236262704768684,0.150998280797065));
#4298=CARTESIAN_POINT('',(0.00428867017808388,0.0025685285132121,0.149999533112961));
#4299=CARTESIAN_POINT('',(0.00441288527079438,0.00236325889946477,0.14900358675109));
#4300=CARTESIAN_POINT('',(0.00433012701892219,0.0025,0.15));
#4301=CARTESIAN_POINT('',(-0.00492932641831304,0.000999854881699488,0.177362572212154));
#4302=CARTESIAN_POINT('',(-0.00503524518783371,-6.00881899251259E-7,0.17756851786267));
#4303=CARTESIAN_POINT('',(-0.00492969283035213,-0.000997451354102481,0.177363356337167));
#4304=CARTESIAN_POINT('',(-0.00467928591734741,-0.0018131019738407,0.176809878495691));
#4305=CARTESIAN_POINT('',(-0.00441373528231598,-0.0023616586091629,0.175998812977358));
#4306=CARTESIAN_POINT('',(-0.00428881030766551,-0.0025682743659274,0.175007452322651));
#4307=CARTESIAN_POINT('',(-0.00441180964761651,-0.00236520227631834,0.174006726318151));
#4308=CARTESIAN_POINT('',(-0.00467839572754827,-0.00181545831488312,0.17319254421284));
#4309=CARTESIAN_POINT('',(-0.0049286085120567,-0.00100184135552116,0.172638817165436));
#4310=CARTESIAN_POINT('',(-0.00503507125076367,-8.01163819419044E-6,0.172431863003755));
#4311=CARTESIAN_POINT('',(-0.00493107761148681,0.000992265759445792,0.172633788566431));
#4312=CARTESIAN_POINT('',(-0.00467999318903133,0.00181157420205272,0.173188243886353));
#4313=CARTESIAN_POINT('',(-0.00441387181053002,0.00236144418398381,0.17400004330227));
#4314=CARTESIAN_POINT('',(-0.00428888906895552,0.00256809475905107,0.174992901672688));
#4315=CARTESIAN_POINT('',(-0.00441136038174555,0.0023661311322746,0.175991344277203));
#4316=CARTESIAN_POINT('',(-0.00467884146789928,0.00181436856844256,0.176808949955024));
#4317=CARTESIAN_POINT('',(-0.00492932641831304,0.000999854881699488,0.177362572212154));
#4318=CARTESIAN_POINT('',(-0.00503524518783371,-6.00881899251259E-7,0.17756851786267));
#4319=CARTESIAN_POINT('',(-0.00492969283035213,-0.000997451354102481,0.177363356337167));
#4320=CARTESIAN_POINT('',(-0.005,7.829224793145E-18,0.1775));
#4321=CARTESIAN_POINT('',(0.00441319613040326,0.00236262704768686,0.175998280797065));
#4322=CARTESIAN_POINT('',(0.00428867017808388,0.00256852851321209,0.174999533112961));
#4323=CARTESIAN_POINT('',(0.00441288527079438,0.00236325889946478,0.17400358675109));
#4324=CARTESIAN_POINT('',(0.00467907096362102,0.0018136740087466,0.173190760862918));
#4325=CARTESIAN_POINT('',(0.00492894910870017,0.00100004869938118,0.172638182265536));
#4326=CARTESIAN_POINT('',(0.00503512288651785,6.4122718524137E-6,0.172431737810208));
#4327=CARTESIAN_POINT('',(0.00493054331010236,-0.00099467993209916,0.172634898563909));
#4328=CARTESIAN_POINT('',(0.00467985306844565,-0.00181165720874915,0.173188662415708));
#4329=CARTESIAN_POINT('',(0.00441402165173663,-0.00236119950776612,0.17399975819171));
#4330=CARTESIAN_POINT('',(0.00428885728478038,-0.00256816724434794,0.174991667981982));
#4331=CARTESIAN_POINT('',(0.00441134558858762,-0.00236607216438392,0.175991373787845));
#4332=CARTESIAN_POINT('',(0.00467843591751459,-0.00181548617326697,0.176807774011417));
#4333=CARTESIAN_POINT('',(0.00492883932617547,-0.00100105134995649,0.177361617705912));
#4334=CARTESIAN_POINT('',(0.00503504306764675,-6.42159302639374E-6,0.177568070650247));
#4335=CARTESIAN_POINT('',(0.0049309691272785,0.000992729529362096,0.177366061141143));
#4336=CARTESIAN_POINT('',(0.00467950497898318,0.00181297348205787,0.176810402738105));
#4337=CARTESIAN_POINT('',(0.00441319613040326,0.00236262704768686,0.175998280797065));
#4338=CARTESIAN_POINT('',(0.00428867017808388,0.00256852851321209,0.174999533112961));
#4339=CARTESIAN_POINT('',(0.00441288527079438,0.00236325889946478,0.17400358675109));
#4340=CARTESIAN_POINT('',(0.00433012701892219,0.0025,0.175));
#4341=CARTESIAN_POINT('',(-0.00492932641831304,0.000999854881699486,0.202362572212154));
#4342=CARTESIAN_POINT('',(-0.00503524518783371,-6.00881899249334E-7,0.20256851786267));
#4343=CARTESIAN_POINT('',(-0.00492969283035213,-0.000997451354102484,0.202363356337168));
#4344=CARTESIAN_POINT('',(-0.00467928591734741,-0.0018131019738407,0.201809878495691));
#4345=CARTESIAN_POINT('',(-0.00441373528231598,-0.00236165860916291,0.200998812977358));
#4346=CARTESIAN_POINT('',(-0.00428881030766551,-0.0025682743659274,0.200007452322651));
#4347=CARTESIAN_POINT('',(-0.0044118096476165,-0.00236520227631835,0.199006726318151));
#4348=CARTESIAN_POINT('',(-0.00467839572754826,-0.00181545831488316,0.19819254421284));
#4349=CARTESIAN_POINT('',(-0.0049286085120567,-0.00100184135552116,0.197638817165436));
#4350=CARTESIAN_POINT('',(-0.00503507125076367,-8.01163819419122E-6,0.197431863003755));
#4351=CARTESIAN_POINT('',(-0.00493107761148681,0.000992265759445793,0.197633788566431));
#4352=CARTESIAN_POINT('',(-0.00467999318903135,0.00181157420205268,0.198188243886353));
#4353=CARTESIAN_POINT('',(-0.00441387181053002,0.00236144418398382,0.19900004330227));
#4354=CARTESIAN_POINT('',(-0.00428888906895552,0.00256809475905107,0.199992901672688));
#4355=CARTESIAN_POINT('',(-0.00441136038174555,0.00236613113227459,0.200991344277203));
#4356=CARTESIAN_POINT('',(-0.00467884146789927,0.00181436856844259,0.201808949955024));
#4357=CARTESIAN_POINT('',(-0.00492932641831304,0.000999854881699486,0.202362572212154));
#4358=CARTESIAN_POINT('',(-0.00503524518783371,-6.00881899249334E-7,0.20256851786267));
#4359=CARTESIAN_POINT('',(-0.00492969283035213,-0.000997451354102484,0.202363356337168));
#4360=CARTESIAN_POINT('',(-0.005,7.94841872767933E-18,0.2025));
#4361=CARTESIAN_POINT('',(0.00441319613040326,0.00236262704768685,0.200998280797065));
#4362=CARTESIAN_POINT('',(0.00428867017808388,0.00256852851321209,0.199999533112961));
#4363=CARTESIAN_POINT('',(0.00441288527079438,0.00236325889946478,0.19900358675109));
#4364=CARTESIAN_POINT('',(0.00467907096362102,0.0018136740087466,0.198190760862918));
#4365=CARTESIAN_POINT('',(0.00492894910870017,0.00100004869938118,0.197638182265536));
#4366=CARTESIAN_POINT('',(0.00503512288651785,6.41227185240338E-6,0.197431737810208));
#4367=CARTESIAN_POINT('',(0.00493054331010236,-0.000994679932099155,0.197634898563909));
#4368=CARTESIAN_POINT('',(0.00467985306844565,-0.00181165720874915,0.198188662415708));
#4369=CARTESIAN_POINT('',(0.00441402165173663,-0.00236119950776612,0.19899975819171));
#4370=CARTESIAN_POINT('',(0.00428885728478038,-0.00256816724434794,0.199991667981982));
#4371=CARTESIAN_POINT('',(0.00441134558858762,-0.00236607216438392,0.200991373787845));
#4372=CARTESIAN_POINT('',(0.00467843591751459,-0.00181548617326698,0.201807774011417));
#4373=CARTESIAN_POINT('',(0.00492883932617548,-0.00100105134995648,0.202361617705913));
#4374=CARTESIAN_POINT('',(0.00503504306764675,-6.42159302639519E-6,0.202568070650247));
#4375=CARTESIAN_POINT('',(0.0049309691272785,0.000992729529362089,0.202366061141143));
#4376=CARTESIAN_POINT('',(0.00467950497898316,0.00181297348205791,0.201810402738105));
#4377=CARTESIAN_POINT('',(0.00441319613040326,0.00236262704768685,0.200998280797065));
#4378=CARTESIAN_POINT('',(0.00428867017808388,0.00256852851321209,0.199999533112961));
#4379=CARTESIAN_POINT('',(0.00441288527079438,0.00236325889946478,0.19900358675109));
#4380=CARTESIAN_POINT('',(0.00433012701892219,0.0025,0.2));
#4381=CARTESIAN_POINT('',(-0.00492932641831304,0.000999854881699493,0.227362572212154));
#4382=CARTESIAN_POINT('',(-0.00503524518783371,-6.00881899256815E-7,0.22756851786267));
#4383=CARTESIAN_POINT('',(-0.00492969283035214,-0.000997451354102459,0.227363356337168));
#4384=CARTESIAN_POINT('',(-0.0046792859173474,-0.00181310197384072,0.226809878495691));
#4385=CARTESIAN_POINT('',(-0.00441373528231597,-0.00236165860916292,0.225998812977358));
#4386=CARTESIAN_POINT('',(-0.00428881030766548,-0.00256827436592745,0.225007452322651));
#4387=CARTESIAN_POINT('',(-0.00441180964761647,-0.00236520227631841,0.224006726318151));
#4388=CARTESIAN_POINT('',(-0.00467839572754821,-0.00181545831488327,0.22319254421284));
#4389=CARTESIAN_POINT('',(-0.00492860851205668,-0.00100184135552127,0.222638817165436));
#4390=CARTESIAN_POINT('',(-0.00503507125076367,-8.01163819432841E-6,0.222431863003755));
#4391=CARTESIAN_POINT('',(-0.00493107761148684,0.000992265759445663,0.222633788566431));
#4392=CARTESIAN_POINT('',(-0.00467999318903138,0.00181157420205262,0.223188243886353));
#4393=CARTESIAN_POINT('',(-0.00441387181053007,0.00236144418398372,0.22400004330227));
#4394=CARTESIAN_POINT('',(-0.00428888906895555,0.00256809475905102,0.224992901672688));
#4395=CARTESIAN_POINT('',(-0.00441136038174555,0.00236613113227459,0.225991344277203));
#4396=CARTESIAN_POINT('',(-0.00467884146789928,0.00181436856844257,0.226808949955024));
#4397=CARTESIAN_POINT('',(-0.00492932641831304,0.000999854881699493,0.227362572212154));
#4398=CARTESIAN_POINT('',(-0.00503524518783371,-6.00881899256815E-7,0.22756851786267));
#4399=CARTESIAN_POINT('',(-0.00492969283035214,-0.000997451354102459,0.227363356337168));
#4400=CARTESIAN_POINT('',(-0.005,8.45960642006975E-18,0.2275));
#4401=CARTESIAN_POINT('',(0.0044131961304033,0.00236262704768678,0.225998280797065));
#4402=CARTESIAN_POINT('',(0.00428867017808388,0.00256852851321209,0.224999533112961));
#4403=CARTESIAN_POINT('',(0.00441288527079441,0.00236325889946472,0.22400358675109));
#4404=CARTESIAN_POINT('',(0.00467907096362103,0.00181367400874656,0.223190760862918));
#4405=CARTESIAN_POINT('',(0.00492894910870018,0.00100004869938112,0.222638182265536));
#4406=CARTESIAN_POINT('',(0.00503512288651785,6.41227185235295E-6,0.222431737810208));
#4407=CARTESIAN_POINT('',(0.00493054331010235,-0.000994679932099202,0.222634898563909));
#4408=CARTESIAN_POINT('',(0.00467985306844563,-0.0018116572087492,0.223188662415708));
#4409=CARTESIAN_POINT('',(0.00441402165173661,-0.00236119950776617,0.22399975819171));
#4410=CARTESIAN_POINT('',(0.00428885728478036,-0.00256816724434798,0.224991667981982));
#4411=CARTESIAN_POINT('',(0.00441134558858759,-0.00236607216438399,0.225991373787845));
#4412=CARTESIAN_POINT('',(0.00467843591751457,-0.00181548617326702,0.226807774011417));
#4413=CARTESIAN_POINT('',(0.00492883932617547,-0.00100105134995653,0.227361617705913));
#4414=CARTESIAN_POINT('',(0.00503504306764675,-6.42159302645121E-6,0.227568070650247));
#4415=CARTESIAN_POINT('',(0.0049309691272785,0.000992729529362056,0.227366061141143));
#4416=CARTESIAN_POINT('',(0.00467950497898319,0.00181297348205783,0.226810402738105));
#4417=CARTESIAN_POINT('',(0.0044131961304033,0.00236262704768678,0.225998280797065));
#4418=CARTESIAN_POINT('',(0.00428867017808388,0.00256852851321209,0.224999533112961));
#4419=CARTESIAN_POINT('',(0.00441288527079441,0.00236325889946472,0.22400358675109));
#4420=CARTESIAN_POINT('',(0.00433012701892221,0.00249999999999997,0.225));
#4421=CARTESIAN_POINT('',(-0.00492932641831304,0.000999854881699507,0.252362572212154));
#4422=CARTESIAN_POINT('',(-0.0050352451878337,-6.00881899270016E-7,0.25256851786267));
#4423=CARTESIAN_POINT('',(-0.00492969283035214,-0.000997451354102424,0.252363356337168));
#4424=CARTESIAN_POINT('',(-0.0046792859173474,-0.00181310197384071,0.251809878495691));
#4425=CARTESIAN_POINT('',(-0.00441373528231599,-0.00236165860916289,0.250998812977358));
#4426=CARTESIAN_POINT('',(-0.00428881030766551,-0.00256827436592739,0.250007452322651));
#4427=CARTESIAN_POINT('',(-0.0044118096476165,-0.00236520227631836,0.249006726318151));
#4428=CARTESIAN_POINT('',(-0.00467839572754826,-0.00181545831488316,0.24819254421284));
#4429=CARTESIAN_POINT('',(-0.0049286085120567,-0.00100184135552118,0.247638817165436));
#4430=CARTESIAN_POINT('',(-0.00503507125076367,-8.01163819421642E-6,0.247431863003755));
#4431=CARTESIAN_POINT('',(-0.00493107761148681,0.000992265759445787,0.247633788566431));
#4432=CARTESIAN_POINT('',(-0.00467999318903135,0.00181157420205268,0.248188243886353));
#4433=CARTESIAN_POINT('',(-0.00441387181053002,0.00236144418398382,0.24900004330227));
#4434=CARTESIAN_POINT('',(-0.00428888906895552,0.00256809475905106,0.249992901672688));
#4435=CARTESIAN_POINT('',(-0.00441136038174554,0.00236613113227461,0.250991344277203));
#4436=CARTESIAN_POINT('',(-0.00467884146789928,0.00181436856844255,0.251808949955024));
#4437=CARTESIAN_POINT('',(-0.00492932641831304,0.000999854881699507,0.252362572212154));
#4438=CARTESIAN_POINT('',(-0.0050352451878337,-6.00881899270016E-7,0.25256851786267));
#4439=CARTESIAN_POINT('',(-0.00492969283035214,-0.000997451354102424,0.252363356337168));
#4440=CARTESIAN_POINT('',(-0.005,1.11053617038965E-17,0.2525));
#4441=CARTESIAN_POINT('',(0.00441319613040325,0.00236262704768687,0.250998280797065));
#4442=CARTESIAN_POINT('',(0.00428867017808389,0.00256852851321209,0.249999533112961));
#4443=CARTESIAN_POINT('',(0.00441288527079438,0.00236325889946476,0.24900358675109));
#4444=CARTESIAN_POINT('',(0.00467907096362101,0.00181367400874661,0.248190760862918));
#4445=CARTESIAN_POINT('',(0.00492894910870017,0.00100004869938117,0.247638182265536));
#4446=CARTESIAN_POINT('',(0.00503512288651785,6.41227185239208E-6,0.247431737810208));
#4447=CARTESIAN_POINT('',(0.00493054331010235,-0.000994679932099157,0.247634898563909));
#4448=CARTESIAN_POINT('',(0.00467985306844564,-0.00181165720874915,0.248188662415708));
#4449=CARTESIAN_POINT('',(0.00441402165173663,-0.00236119950776612,0.24899975819171));
#4450=CARTESIAN_POINT('',(0.00428885728478038,-0.00256816724434794,0.249991667981982));
#4451=CARTESIAN_POINT('',(0.00441134558858762,-0.00236607216438393,0.250991373787845));
#4452=CARTESIAN_POINT('',(0.00467843591751461,-0.00181548617326692,0.251807774011417));
#4453=CARTESIAN_POINT('',(0.00492883932617548,-0.00100105134995644,0.252361617705912));
#4454=CARTESIAN_POINT('',(0.00503504306764675,-6.42159302639673E-6,0.252568070650247));
#4455=CARTESIAN_POINT('',(0.00493096912727849,0.000992729529362136,0.252366061141143));
#4456=CARTESIAN_POINT('',(0.00467950497898318,0.00181297348205787,0.251810402738105));
#4457=CARTESIAN_POINT('',(0.00441319613040325,0.00236262704768687,0.250998280797065));
#4458=CARTESIAN_POINT('',(0.00428867017808389,0.00256852851321209,0.249999533112961));
#4459=CARTESIAN_POINT('',(0.00441288527079438,0.00236325889946476,0.24900358675109));
#4460=CARTESIAN_POINT('',(0.0043301270189222,0.0025,0.25));
#4461=CARTESIAN_POINT('',(-0.00492932641831304,0.000999854881699514,0.277362572212154));
#4462=CARTESIAN_POINT('',(-0.0050352451878337,-6.0088189927381E-7,0.27756851786267));
#4463=CARTESIAN_POINT('',(-0.00492969283035214,-0.000997451354102421,0.277363356337168));
#4464=CARTESIAN_POINT('',(-0.00467928591734741,-0.00181310197384071,0.276809878495691));
#4465=CARTESIAN_POINT('',(-0.00441373528231599,-0.00236165860916288,0.275998812977358));
#4466=CARTESIAN_POINT('',(-0.00428881030766551,-0.00256827436592739,0.275007452322651));
#4467=CARTESIAN_POINT('',(-0.00441180964761648,-0.00236520227631839,0.274006726318151));
#4468=CARTESIAN_POINT('',(-0.00467839572754827,-0.00181545831488312,0.27319254421284));
#4469=CARTESIAN_POINT('',(-0.00492860851205669,-0.00100184135552121,0.272638817165436));
#4470=CARTESIAN_POINT('',(-0.00503507125076367,-8.01163819420979E-6,0.272431863003755));
#4471=CARTESIAN_POINT('',(-0.00493107761148682,0.000992265759445769,0.272633788566431));
#4472=CARTESIAN_POINT('',(-0.00467999318903134,0.00181157420205271,0.273188243886353));
#4473=CARTESIAN_POINT('',(-0.00441387181053003,0.0023614441839838,0.27400004330227));
#4474=CARTESIAN_POINT('',(-0.00428888906895552,0.00256809475905107,0.274992901672689));
#4475=CARTESIAN_POINT('',(-0.00441136038174554,0.00236613113227461,0.275991344277203));
#4476=CARTESIAN_POINT('',(-0.00467884146789928,0.00181436856844255,0.276808949955024));
#4477=CARTESIAN_POINT('',(-0.00492932641831304,0.000999854881699514,0.277362572212154));
#4478=CARTESIAN_POINT('',(-0.0050352451878337,-6.0088189927381E-7,0.27756851786267));
#4479=CARTESIAN_POINT('',(-0.00492969283035214,-0.000997451354102421,0.277363356337168));
#4480=CARTESIAN_POINT('',(-0.005,9.93801671291115E-18,0.2775));
#4481=CARTESIAN_POINT('',(0.00441319613040325,0.00236262704768687,0.275998280797065));
#4482=CARTESIAN_POINT('',(0.00428867017808388,0.00256852851321209,0.274999533112961));
#4483=CARTESIAN_POINT('',(0.00441288527079439,0.00236325889946475,0.274003586751089));
#4484=CARTESIAN_POINT('',(0.004679070963621,0.00181367400874663,0.273190760862918));
#4485=CARTESIAN_POINT('',(0.00492894910870016,0.00100004869938123,0.272638182265536));
#4486=CARTESIAN_POINT('',(0.00503512288651785,6.41227185240861E-6,0.272431737810208));
#4487=CARTESIAN_POINT('',(0.00493054331010236,-0.000994679932099102,0.272634898563909));
#4488=CARTESIAN_POINT('',(0.00467985306844566,-0.00181165720874912,0.273188662415708));
#4489=CARTESIAN_POINT('',(0.00441402165173665,-0.0023611995077661,0.27399975819171));
#4490=CARTESIAN_POINT('',(0.00428885728478038,-0.00256816724434794,0.274991667981982));
#4491=CARTESIAN_POINT('',(0.00441134558858761,-0.00236607216438394,0.275991373787845));
#4492=CARTESIAN_POINT('',(0.00467843591751457,-0.00181548617326702,0.276807774011417));
#4493=CARTESIAN_POINT('',(0.00492883932617547,-0.00100105134995652,0.277361617705912));
#4494=CARTESIAN_POINT('',(0.00503504306764675,-6.42159302643672E-6,0.277568070650247));
#4495=CARTESIAN_POINT('',(0.0049309691272785,0.000992729529362069,0.277366061141143));
#4496=CARTESIAN_POINT('',(0.00467950497898318,0.00181297348205789,0.276810402738105));
#4497=CARTESIAN_POINT('',(0.00441319613040325,0.00236262704768687,0.275998280797065));
#4498=CARTESIAN_POINT('',(0.00428867017808388,0.00256852851321209,0.274999533112961));
#4499=CARTESIAN_POINT('',(0.00441288527079439,0.00236325889946475,0.274003586751089));
#4500=CARTESIAN_POINT('',(0.00433012701892219,0.0025,0.275));
#4501=CARTESIAN_POINT('',(-0.00492932641831304,0.000999854881699514,0.302362572212154));
#4502=CARTESIAN_POINT('',(-0.0050352451878337,-6.00881899272374E-7,0.30256851786267));
#4503=CARTESIAN_POINT('',(-0.00492969283035215,-0.000997451354102424,0.302363356337168));
#4504=CARTESIAN_POINT('',(-0.0046792859173474,-0.00181310197384072,0.301809878495691));
#4505=CARTESIAN_POINT('',(-0.004413735282316,-0.00236165860916288,0.300998812977358));
#4506=CARTESIAN_POINT('',(-0.00428881030766551,-0.00256827436592739,0.300007452322651));
#4507=CARTESIAN_POINT('',(-0.00441180964761649,-0.00236520227631837,0.299006726318151));
#4508=CARTESIAN_POINT('',(-0.00467839572754825,-0.00181545831488317,0.29819254421284));
#4509=CARTESIAN_POINT('',(-0.00492860851205669,-0.0010018413555212,0.297638817165436));
#4510=CARTESIAN_POINT('',(-0.00503507125076367,-8.01163819420016E-6,0.297431863003755));
#4511=CARTESIAN_POINT('',(-0.00493107761148682,0.000992265759445766,0.297633788566431));
#4512=CARTESIAN_POINT('',(-0.00467999318903133,0.00181157420205272,0.298188243886353));
#4513=CARTESIAN_POINT('',(-0.00441387181053003,0.0023614441839838,0.29900004330227));
#4514=CARTESIAN_POINT('',(-0.00428888906895552,0.00256809475905107,0.299992901672689));
#4515=CARTESIAN_POINT('',(-0.00441136038174554,0.00236613113227461,0.300991344277203));
#4516=CARTESIAN_POINT('',(-0.00467884146789928,0.00181436856844255,0.301808949955024));
#4517=CARTESIAN_POINT('',(-0.00492932641831304,0.000999854881699514,0.302362572212154));
#4518=CARTESIAN_POINT('',(-0.0050352451878337,-6.00881899272374E-7,0.30256851786267));
#4519=CARTESIAN_POINT('',(-0.00492969283035215,-0.000997451354102424,0.302363356337168));
#4520=CARTESIAN_POINT('',(-0.005,9.84569218961197E-18,0.3025));
#4521=CARTESIAN_POINT('',(0.00441319613040325,0.00236262704768687,0.300998280797065));
#4522=CARTESIAN_POINT('',(0.00428867017808388,0.00256852851321209,0.299999533112961));
#4523=CARTESIAN_POINT('',(0.00441288527079439,0.00236325889946476,0.299003586751089));
#4524=CARTESIAN_POINT('',(0.004679070963621,0.00181367400874663,0.298190760862918));
#4525=CARTESIAN_POINT('',(0.00492894910870016,0.00100004869938122,0.297638182265536));
#4526=CARTESIAN_POINT('',(0.00503512288651785,6.41227185243105E-6,0.297431737810208));
#4527=CARTESIAN_POINT('',(0.00493054331010235,-0.000994679932099171,0.297634898563909));
#4528=CARTESIAN_POINT('',(0.00467985306844566,-0.0018116572087491,0.298188662415708));
#4529=CARTESIAN_POINT('',(0.00441402165173665,-0.0023611995077661,0.29899975819171));
#4530=CARTESIAN_POINT('',(0.00428885728478039,-0.00256816724434794,0.299991667981982));
#4531=CARTESIAN_POINT('',(0.0044113455885876,-0.00236607216438395,0.300991373787845));
#4532=CARTESIAN_POINT('',(0.00467843591751459,-0.00181548617326698,0.301807774011417));
#4533=CARTESIAN_POINT('',(0.00492883932617546,-0.00100105134995652,0.302361617705912));
#4534=CARTESIAN_POINT('',(0.00503504306764675,-6.4215930264231E-6,0.302568070650247));
#4535=CARTESIAN_POINT('',(0.0049309691272785,0.000992729529362069,0.302366061141143));
#4536=CARTESIAN_POINT('',(0.00467950497898317,0.00181297348205789,0.301810402738105));
#4537=CARTESIAN_POINT('',(0.00441319613040325,0.00236262704768687,0.300998280797065));
#4538=CARTESIAN_POINT('',(0.00428867017808388,0.00256852851321209,0.299999533112961));
#4539=CARTESIAN_POINT('',(0.00441288527079439,0.00236325889946476,0.299003586751089));
#4540=CARTESIAN_POINT('',(0.00433012701892219,0.0025,0.3));
#4541=CARTESIAN_POINT('',(0.,3.06161699786838E-19,0.32));
#4542=CARTESIAN_POINT('',(0.005,3.06161699786838E-19,0.32));
#4543=CARTESIAN_POINT('',(6.93889390390723E-18,5.20417042793042E-18,0.32));
#4544=CARTESIAN_POINT('',(-0.2125,5.01336034393622E-17,0.3));
#4545=CARTESIAN_POINT('',(-0.2125,5.01336034393622E-17,0.3));
#4546=CARTESIAN_POINT('',(-0.2125,4.96106013050783E-17,0.275));
#4547=CARTESIAN_POINT('',(-0.2125,4.96106013050783E-17,0.275));
#4548=CARTESIAN_POINT('',(-0.2125,5.01336034393622E-17,0.25));
#4549=CARTESIAN_POINT('',(-0.2125,5.01336034393622E-17,0.25));
#4550=CARTESIAN_POINT('',(-0.2125,2.43720912019962E-18,0.225));
#4551=CARTESIAN_POINT('',(-0.2125,2.43720912019962E-18,0.225));
#4552=CARTESIAN_POINT('',(-0.2125,4.96106013050783E-17,0.2));
#4553=CARTESIAN_POINT('',(-0.2125,4.96106013050783E-17,0.2));
#4554=CARTESIAN_POINT('',(-0.2125,4.97636821549717E-17,0.175));
#4555=CARTESIAN_POINT('',(-0.2125,4.97636821549717E-17,0.175));
#4556=CARTESIAN_POINT('',(-0.2125,5.01336034393622E-17,0.15));
#4557=CARTESIAN_POINT('',(-0.2125,5.01336034393622E-17,0.15));
#4558=CARTESIAN_POINT('',(-0.2125,5.01336034393622E-17,0.125));
#4559=CARTESIAN_POINT('',(-0.2125,5.01336034393622E-17,0.125));
#4560=CARTESIAN_POINT('',(-0.2125,5.01336034393622E-17,0.05));
#4561=CARTESIAN_POINT('',(-0.2125,5.01336034393622E-17,0.05));
#4562=CARTESIAN_POINT('',(-0.2125,5.01336034393622E-17,0.075));
#4563=CARTESIAN_POINT('',(-0.2125,5.01336034393622E-17,0.075));
#4564=CARTESIAN_POINT('',(-0.2125,7.39052601739968E-17,0.1));
#4565=CARTESIAN_POINT('',(-0.2125,7.39052601739968E-17,0.1));
#4566=CARTESIAN_POINT('',(-0.2125,5.01336034393622E-17,0.325));
#4567=CARTESIAN_POINT('',(-0.2125,5.01336034393622E-17,0.325));
#4568=CARTESIAN_POINT('',(0.0125609481890498,0.00125,0.02));
#4569=CARTESIAN_POINT('',(0.0125609481890498,-0.00125,0.02));
#4570=CARTESIAN_POINT('',(0.00976581511909317,0.0079980481661268,0.02));
#4571=CARTESIAN_POINT('',(0.0079980481661268,0.00976581511909317,0.02));
#4572=CARTESIAN_POINT('',(0.00125,0.0125609481890498,0.02));
#4573=CARTESIAN_POINT('',(-0.00125,0.0125609481890498,0.02));
#4574=CARTESIAN_POINT('',(-0.00976581511909317,0.0079980481661268,0.02));
#4575=CARTESIAN_POINT('',(-0.0079980481661268,0.00976581511909316,0.02));
#4576=CARTESIAN_POINT('',(-0.0125609481890498,0.00125,0.02));
#4577=CARTESIAN_POINT('',(-0.0125609481890498,-0.00125,0.02));
#4578=CARTESIAN_POINT('',(-0.00976581511909316,-0.00799804816612679,0.02));
#4579=CARTESIAN_POINT('',(-0.0079980481661268,-0.00976581511909316,0.02));
#4580=CARTESIAN_POINT('',(0.00125,-0.0125609481890498,0.02));
#4581=CARTESIAN_POINT('',(-0.00125,-0.0125609481890498,0.02));
#4582=CARTESIAN_POINT('',(0.00976581511909317,-0.0079980481661268,0.02));
#4583=CARTESIAN_POINT('',(0.0079980481661268,-0.00976581511909317,0.02));
#4584=MECHANICAL_DESIGN_GEOMETRIC_PRESENTATION_REPRESENTATION('',(#2192),
#4585);
#4585=(
GEOMETRIC_REPRESENTATION_CONTEXT(3)
GLOBAL_UNCERTAINTY_ASSIGNED_CONTEXT((#4586))
GLOBAL_UNIT_ASSIGNED_CONTEXT((#4589,#4588,#4587))
REPRESENTATION_CONTEXT('Part 1','TOP_LEVEL_ASSEMBLY_PART')
);
#4586=UNCERTAINTY_MEASURE_WITH_UNIT(LENGTH_MEASURE(2.E-5),#4589,
'DISTANCE_ACCURACY_VALUE','Maximum Tolerance applied to model');
#4587=(
NAMED_UNIT(*)
SI_UNIT($,.STERADIAN.)
SOLID_ANGLE_UNIT()
);
#4588=(
NAMED_UNIT(*)
PLANE_ANGLE_UNIT()
SI_UNIT($,.RADIAN.)
);
#4589=(
LENGTH_UNIT()
NAMED_UNIT(*)
SI_UNIT($,.METRE.)
);
#4590=PRODUCT_DEFINITION_SHAPE('','',#4591);
#4591=PRODUCT_DEFINITION('','',#4593,#4592);
#4592=PRODUCT_DEFINITION_CONTEXT('',#4599,'design');
#4593=PRODUCT_DEFINITION_FORMATION_WITH_SPECIFIED_SOURCE('','',#4595,
 .NOT_KNOWN.);
#4594=PRODUCT_RELATED_PRODUCT_CATEGORY('','',(#4595));
#4595=PRODUCT('Part 1','Part 1','Part 1',(#4597));
#4596=PRODUCT_CATEGORY('','');
#4597=PRODUCT_CONTEXT('',#4599,'mechanical');
#4598=APPLICATION_PROTOCOL_DEFINITION('international standard',
'ap242_managed_model_based_3d_engineering',2020,#4599);
#4599=APPLICATION_CONTEXT('managed model based 3d engineering');
ENDSEC;
END-ISO-10303-21;
