ISO-10303-21;
HEADER;
/* Generated by software containing ST-Developer
 * from STEP Tools, Inc. (www.steptools.com) 
 */
/* OPTION: using custom renumber hook */

FILE_DESCRIPTION(
/* description */ ('STEP AP242 Edition 2',
'CAx-IF Rec.Pracs.---Representation and Presentation of Product Manufa
cturing Information (PMI)---4.0---2014-10-13',
'CAx-IF Rec.Pracs.---3D Tessellated Geometry---0.4---2014-09-14','2;1',
'CAx-IF Rec.Pracs.---User Defined Attributes---1.5---2016-08-15'),
/* implementation_level */ '2;1');

FILE_NAME(
/* name */ 'Part Studio 6',
/* time_stamp */ '2026-09-09T15:03:42Z',
/* author */ (''),
/* organization */ (''),
/* preprocessor_version */ 'ST-DEVELOPER v20',
/* originating_system */ 'ONSHAPE BY PTC INC, 1.220',
/* authorisation */ '  ');

FILE_SCHEMA (('AP242_MANAGED_MODEL_BASED_3D_ENGINEERING_MIM_LF { 1 0 10303 442 3 1 4 }'));
ENDSEC;

DATA;
#10=SHAPE_REPRESENTATION_RELATIONSHIP('','',#2217,#11);
#11=ADVANCED_BREP_SHAPE_REPRESENTATION('',(#2215),#3547);
#12=CYLINDRICAL_SURFACE('',#2318,0.001);
#13=CYLINDRICAL_SURFACE('',#2321,0.001);
#14=CYLINDRICAL_SURFACE('',#2324,0.001);
#15=CYLINDRICAL_SURFACE('',#2327,0.001);
#16=CYLINDRICAL_SURFACE('',#2330,0.001);
#17=CYLINDRICAL_SURFACE('',#2333,0.001);
#18=CYLINDRICAL_SURFACE('',#2336,0.001);
#19=CYLINDRICAL_SURFACE('',#2339,0.001);
#20=CYLINDRICAL_SURFACE('',#2342,0.001);
#21=CYLINDRICAL_SURFACE('',#2345,0.001);
#22=CYLINDRICAL_SURFACE('',#2348,0.001);
#23=CYLINDRICAL_SURFACE('',#2351,0.001);
#24=CYLINDRICAL_SURFACE('',#2354,0.001);
#25=CYLINDRICAL_SURFACE('',#2357,0.001);
#26=CYLINDRICAL_SURFACE('',#2360,0.001);
#27=CYLINDRICAL_SURFACE('',#2363,0.001);
#28=LINE('',#2930,#292);
#29=LINE('',#2933,#293);
#30=LINE('',#2935,#294);
#31=LINE('',#2937,#295);
#32=LINE('',#2939,#296);
#33=LINE('',#2942,#297);
#34=LINE('',#2944,#298);
#35=LINE('',#2946,#299);
#36=LINE('',#2948,#300);
#37=LINE('',#2950,#301);
#38=LINE('',#2951,#302);
#39=LINE('',#2953,#303);
#40=LINE('',#2955,#304);
#41=LINE('',#2957,#305);
#42=LINE('',#2959,#306);
#43=LINE('',#2963,#307);
#44=LINE('',#2965,#308);
#45=LINE('',#2967,#309);
#46=LINE('',#2969,#310);
#47=LINE('',#2970,#311);
#48=LINE('',#2973,#312);
#49=LINE('',#2975,#313);
#50=LINE('',#2977,#314);
#51=LINE('',#2978,#315);
#52=LINE('',#2980,#316);
#53=LINE('',#2982,#317);
#54=LINE('',#2984,#318);
#55=LINE('',#2986,#319);
#56=LINE('',#2988,#320);
#57=LINE('',#2990,#321);
#58=LINE('',#2992,#322);
#59=LINE('',#2994,#323);
#60=LINE('',#2996,#324);
#61=LINE('',#2998,#325);
#62=LINE('',#3000,#326);
#63=LINE('',#3002,#327);
#64=LINE('',#3004,#328);
#65=LINE('',#3006,#329);
#66=LINE('',#3008,#330);
#67=LINE('',#3010,#331);
#68=LINE('',#3012,#332);
#69=LINE('',#3014,#333);
#70=LINE('',#3016,#334);
#71=LINE('',#3018,#335);
#72=LINE('',#3020,#336);
#73=LINE('',#3022,#337);
#74=LINE('',#3024,#338);
#75=LINE('',#3026,#339);
#76=LINE('',#3028,#340);
#77=LINE('',#3030,#341);
#78=LINE('',#3032,#342);
#79=LINE('',#3034,#343);
#80=LINE('',#3036,#344);
#81=LINE('',#3038,#345);
#82=LINE('',#3040,#346);
#83=LINE('',#3042,#347);
#84=LINE('',#3044,#348);
#85=LINE('',#3046,#349);
#86=LINE('',#3048,#350);
#87=LINE('',#3050,#351);
#88=LINE('',#3052,#352);
#89=LINE('',#3054,#353);
#90=LINE('',#3056,#354);
#91=LINE('',#3058,#355);
#92=LINE('',#3060,#356);
#93=LINE('',#3062,#357);
#94=LINE('',#3064,#358);
#95=LINE('',#3066,#359);
#96=LINE('',#3068,#360);
#97=LINE('',#3070,#361);
#98=LINE('',#3072,#362);
#99=LINE('',#3074,#363);
#100=LINE('',#3076,#364);
#101=LINE('',#3078,#365);
#102=LINE('',#3080,#366);
#103=LINE('',#3082,#367);
#104=LINE('',#3084,#368);
#105=LINE('',#3086,#369);
#106=LINE('',#3087,#370);
#107=LINE('',#3090,#371);
#108=LINE('',#3092,#372);
#109=LINE('',#3094,#373);
#110=LINE('',#3095,#374);
#111=LINE('',#3098,#375);
#112=LINE('',#3100,#376);
#113=LINE('',#3102,#377);
#114=LINE('',#3103,#378);
#115=LINE('',#3106,#379);
#116=LINE('',#3108,#380);
#117=LINE('',#3110,#381);
#118=LINE('',#3111,#382);
#119=LINE('',#3114,#383);
#120=LINE('',#3116,#384);
#121=LINE('',#3118,#385);
#122=LINE('',#3119,#386);
#123=LINE('',#3122,#387);
#124=LINE('',#3124,#388);
#125=LINE('',#3126,#389);
#126=LINE('',#3127,#390);
#127=LINE('',#3130,#391);
#128=LINE('',#3132,#392);
#129=LINE('',#3134,#393);
#130=LINE('',#3136,#394);
#131=LINE('',#3138,#395);
#132=LINE('',#3140,#396);
#133=LINE('',#3141,#397);
#134=LINE('',#3143,#398);
#135=LINE('',#3145,#399);
#136=LINE('',#3146,#400);
#137=LINE('',#3148,#401);
#138=LINE('',#3150,#402);
#139=LINE('',#3152,#403);
#140=LINE('',#3154,#404);
#141=LINE('',#3156,#405);
#142=LINE('',#3157,#406);
#143=LINE('',#3159,#407);
#144=LINE('',#3161,#408);
#145=LINE('',#3162,#409);
#146=LINE('',#3164,#410);
#147=LINE('',#3166,#411);
#148=LINE('',#3170,#412);
#149=LINE('',#3174,#413);
#150=LINE('',#3177,#414);
#151=LINE('',#3179,#415);
#152=LINE('',#3181,#416);
#153=LINE('',#3182,#417);
#154=LINE('',#3184,#418);
#155=LINE('',#3186,#419);
#156=LINE('',#3187,#420);
#157=LINE('',#3189,#421);
#158=LINE('',#3191,#422);
#159=LINE('',#3195,#423);
#160=LINE('',#3197,#424);
#161=LINE('',#3199,#425);
#162=LINE('',#3201,#426);
#163=LINE('',#3203,#427);
#164=LINE('',#3204,#428);
#165=LINE('',#3206,#429);
#166=LINE('',#3207,#430);
#167=LINE('',#3209,#431);
#168=LINE('',#3211,#432);
#169=LINE('',#3215,#433);
#170=LINE('',#3218,#434);
#171=LINE('',#3220,#435);
#172=LINE('',#3222,#436);
#173=LINE('',#3223,#437);
#174=LINE('',#3225,#438);
#175=LINE('',#3227,#439);
#176=LINE('',#3228,#440);
#177=LINE('',#3230,#441);
#178=LINE('',#3232,#442);
#179=LINE('',#3234,#443);
#180=LINE('',#3236,#444);
#181=LINE('',#3238,#445);
#182=LINE('',#3239,#446);
#183=LINE('',#3241,#447);
#184=LINE('',#3243,#448);
#185=LINE('',#3244,#449);
#186=LINE('',#3246,#450);
#187=LINE('',#3248,#451);
#188=LINE('',#3252,#452);
#189=LINE('',#3256,#453);
#190=LINE('',#3259,#454);
#191=LINE('',#3261,#455);
#192=LINE('',#3263,#456);
#193=LINE('',#3264,#457);
#194=LINE('',#3266,#458);
#195=LINE('',#3268,#459);
#196=LINE('',#3269,#460);
#197=LINE('',#3271,#461);
#198=LINE('',#3273,#462);
#199=LINE('',#3277,#463);
#200=LINE('',#3279,#464);
#201=LINE('',#3283,#465);
#202=LINE('',#3285,#466);
#203=LINE('',#3287,#467);
#204=LINE('',#3289,#468);
#205=LINE('',#3291,#469);
#206=LINE('',#3292,#470);
#207=LINE('',#3293,#471);
#208=LINE('',#3295,#472);
#209=LINE('',#3297,#473);
#210=LINE('',#3300,#474);
#211=LINE('',#3302,#475);
#212=LINE('',#3304,#476);
#213=LINE('',#3305,#477);
#214=LINE('',#3307,#478);
#215=LINE('',#3309,#479);
#216=LINE('',#3310,#480);
#217=LINE('',#3312,#481);
#218=LINE('',#3314,#482);
#219=LINE('',#3316,#483);
#220=LINE('',#3318,#484);
#221=LINE('',#3320,#485);
#222=LINE('',#3321,#486);
#223=LINE('',#3323,#487);
#224=LINE('',#3325,#488);
#225=LINE('',#3326,#489);
#226=LINE('',#3328,#490);
#227=LINE('',#3330,#491);
#228=LINE('',#3334,#492);
#229=LINE('',#3338,#493);
#230=LINE('',#3341,#494);
#231=LINE('',#3343,#495);
#232=LINE('',#3345,#496);
#233=LINE('',#3346,#497);
#234=LINE('',#3348,#498);
#235=LINE('',#3350,#499);
#236=LINE('',#3351,#500);
#237=LINE('',#3353,#501);
#238=LINE('',#3355,#502);
#239=LINE('',#3357,#503);
#240=LINE('',#3359,#504);
#241=LINE('',#3361,#505);
#242=LINE('',#3362,#506);
#243=LINE('',#3364,#507);
#244=LINE('',#3366,#508);
#245=LINE('',#3367,#509);
#246=LINE('',#3369,#510);
#247=LINE('',#3371,#511);
#248=LINE('',#3375,#512);
#249=LINE('',#3379,#513);
#250=LINE('',#3382,#514);
#251=LINE('',#3384,#515);
#252=LINE('',#3386,#516);
#253=LINE('',#3387,#517);
#254=LINE('',#3389,#518);
#255=LINE('',#3391,#519);
#256=LINE('',#3392,#520);
#257=LINE('',#3394,#521);
#258=LINE('',#3396,#522);
#259=LINE('',#3398,#523);
#260=LINE('',#3400,#524);
#261=LINE('',#3402,#525);
#262=LINE('',#3406,#526);
#263=LINE('',#3410,#527);
#264=LINE('',#3413,#528);
#265=LINE('',#3415,#529);
#266=LINE('',#3418,#530);
#267=LINE('',#3420,#531);
#268=LINE('',#3423,#532);
#269=LINE('',#3425,#533);
#270=LINE('',#3428,#534);
#271=LINE('',#3430,#535);
#272=LINE('',#3433,#536);
#273=LINE('',#3435,#537);
#274=LINE('',#3438,#538);
#275=LINE('',#3440,#539);
#276=LINE('',#3443,#540);
#277=LINE('',#3445,#541);
#278=LINE('',#3448,#542);
#279=LINE('',#3450,#543);
#280=LINE('',#3453,#544);
#281=LINE('',#3455,#545);
#282=LINE('',#3458,#546);
#283=LINE('',#3460,#547);
#284=LINE('',#3463,#548);
#285=LINE('',#3465,#549);
#286=LINE('',#3468,#550);
#287=LINE('',#3470,#551);
#288=LINE('',#3473,#552);
#289=LINE('',#3475,#553);
#290=LINE('',#3478,#554);
#291=LINE('',#3480,#555);
#292=VECTOR('',#2372,1.);
#293=VECTOR('',#2373,1.);
#294=VECTOR('',#2374,1.);
#295=VECTOR('',#2375,1.);
#296=VECTOR('',#2378,1.);
#297=VECTOR('',#2379,1.);
#298=VECTOR('',#2380,1.);
#299=VECTOR('',#2381,1.);
#300=VECTOR('',#2382,1.);
#301=VECTOR('',#2383,1.);
#302=VECTOR('',#2384,1.);
#303=VECTOR('',#2385,1.);
#304=VECTOR('',#2386,1.);
#305=VECTOR('',#2387,1.);
#306=VECTOR('',#2388,1.);
#307=VECTOR('',#2393,1.);
#308=VECTOR('',#2394,1.);
#309=VECTOR('',#2395,1.);
#310=VECTOR('',#2398,1.);
#311=VECTOR('',#2399,1.);
#312=VECTOR('',#2404,1.);
#313=VECTOR('',#2405,1.);
#314=VECTOR('',#2406,1.);
#315=VECTOR('',#2407,1.);
#316=VECTOR('',#2408,1.);
#317=VECTOR('',#2409,1.);
#318=VECTOR('',#2410,1.);
#319=VECTOR('',#2411,1.);
#320=VECTOR('',#2412,1.);
#321=VECTOR('',#2413,1.);
#322=VECTOR('',#2414,1.);
#323=VECTOR('',#2415,1.);
#324=VECTOR('',#2416,1.);
#325=VECTOR('',#2417,1.);
#326=VECTOR('',#2418,1.);
#327=VECTOR('',#2419,1.);
#328=VECTOR('',#2420,1.);
#329=VECTOR('',#2421,1.);
#330=VECTOR('',#2422,1.);
#331=VECTOR('',#2423,1.);
#332=VECTOR('',#2424,1.);
#333=VECTOR('',#2425,1.);
#334=VECTOR('',#2426,1.);
#335=VECTOR('',#2427,1.);
#336=VECTOR('',#2428,1.);
#337=VECTOR('',#2429,1.);
#338=VECTOR('',#2430,1.);
#339=VECTOR('',#2431,1.);
#340=VECTOR('',#2432,1.);
#341=VECTOR('',#2433,1.);
#342=VECTOR('',#2434,1.);
#343=VECTOR('',#2435,1.);
#344=VECTOR('',#2436,1.);
#345=VECTOR('',#2437,1.);
#346=VECTOR('',#2438,1.);
#347=VECTOR('',#2439,1.);
#348=VECTOR('',#2440,1.);
#349=VECTOR('',#2441,1.);
#350=VECTOR('',#2442,1.);
#351=VECTOR('',#2443,1.);
#352=VECTOR('',#2444,1.);
#353=VECTOR('',#2445,1.);
#354=VECTOR('',#2446,1.);
#355=VECTOR('',#2447,1.);
#356=VECTOR('',#2448,1.);
#357=VECTOR('',#2449,1.);
#358=VECTOR('',#2450,1.);
#359=VECTOR('',#2451,1.);
#360=VECTOR('',#2452,1.);
#361=VECTOR('',#2453,1.);
#362=VECTOR('',#2454,1.);
#363=VECTOR('',#2455,1.);
#364=VECTOR('',#2456,1.);
#365=VECTOR('',#2457,1.);
#366=VECTOR('',#2458,1.);
#367=VECTOR('',#2459,1.);
#368=VECTOR('',#2460,1.);
#369=VECTOR('',#2461,1.);
#370=VECTOR('',#2462,1.);
#371=VECTOR('',#2463,1.);
#372=VECTOR('',#2464,1.);
#373=VECTOR('',#2465,1.);
#374=VECTOR('',#2466,1.);
#375=VECTOR('',#2467,1.);
#376=VECTOR('',#2468,1.);
#377=VECTOR('',#2469,1.);
#378=VECTOR('',#2470,1.);
#379=VECTOR('',#2471,1.);
#380=VECTOR('',#2472,1.);
#381=VECTOR('',#2473,1.);
#382=VECTOR('',#2474,1.);
#383=VECTOR('',#2475,1.);
#384=VECTOR('',#2476,1.);
#385=VECTOR('',#2477,1.);
#386=VECTOR('',#2478,1.);
#387=VECTOR('',#2479,1.);
#388=VECTOR('',#2480,1.);
#389=VECTOR('',#2481,1.);
#390=VECTOR('',#2482,1.);
#391=VECTOR('',#2483,1.);
#392=VECTOR('',#2484,1.);
#393=VECTOR('',#2485,1.);
#394=VECTOR('',#2488,1.);
#395=VECTOR('',#2489,1.);
#396=VECTOR('',#2490,1.);
#397=VECTOR('',#2491,1.);
#398=VECTOR('',#2492,1.);
#399=VECTOR('',#2493,1.);
#400=VECTOR('',#2494,1.);
#401=VECTOR('',#2495,1.);
#402=VECTOR('',#2496,1.);
#403=VECTOR('',#2499,1.);
#404=VECTOR('',#2500,1.);
#405=VECTOR('',#2501,1.);
#406=VECTOR('',#2502,1.);
#407=VECTOR('',#2503,1.);
#408=VECTOR('',#2504,1.);
#409=VECTOR('',#2505,1.);
#410=VECTOR('',#2506,1.);
#411=VECTOR('',#2507,1.);
#412=VECTOR('',#2512,1.);
#413=VECTOR('',#2517,1.);
#414=VECTOR('',#2522,1.);
#415=VECTOR('',#2523,1.);
#416=VECTOR('',#2524,1.);
#417=VECTOR('',#2525,1.);
#418=VECTOR('',#2526,1.);
#419=VECTOR('',#2527,1.);
#420=VECTOR('',#2528,1.);
#421=VECTOR('',#2529,1.);
#422=VECTOR('',#2530,1.);
#423=VECTOR('',#2535,1.);
#424=VECTOR('',#2536,1.);
#425=VECTOR('',#2539,1.);
#426=VECTOR('',#2540,1.);
#427=VECTOR('',#2541,1.);
#428=VECTOR('',#2542,1.);
#429=VECTOR('',#2543,1.);
#430=VECTOR('',#2544,1.);
#431=VECTOR('',#2545,1.);
#432=VECTOR('',#2546,1.);
#433=VECTOR('',#2551,1.);
#434=VECTOR('',#2556,1.);
#435=VECTOR('',#2557,1.);
#436=VECTOR('',#2558,1.);
#437=VECTOR('',#2559,1.);
#438=VECTOR('',#2560,1.);
#439=VECTOR('',#2561,1.);
#440=VECTOR('',#2562,1.);
#441=VECTOR('',#2563,1.);
#442=VECTOR('',#2564,1.);
#443=VECTOR('',#2567,1.);
#444=VECTOR('',#2568,1.);
#445=VECTOR('',#2569,1.);
#446=VECTOR('',#2570,1.);
#447=VECTOR('',#2571,1.);
#448=VECTOR('',#2572,1.);
#449=VECTOR('',#2573,1.);
#450=VECTOR('',#2574,1.);
#451=VECTOR('',#2575,1.);
#452=VECTOR('',#2580,1.);
#453=VECTOR('',#2585,1.);
#454=VECTOR('',#2590,1.);
#455=VECTOR('',#2591,1.);
#456=VECTOR('',#2592,1.);
#457=VECTOR('',#2593,1.);
#458=VECTOR('',#2594,1.);
#459=VECTOR('',#2595,1.);
#460=VECTOR('',#2596,1.);
#461=VECTOR('',#2597,1.);
#462=VECTOR('',#2598,1.);
#463=VECTOR('',#2603,1.);
#464=VECTOR('',#2604,1.);
#465=VECTOR('',#2609,1.);
#466=VECTOR('',#2610,1.);
#467=VECTOR('',#2613,1.);
#468=VECTOR('',#2614,1.);
#469=VECTOR('',#2615,1.);
#470=VECTOR('',#2616,1.);
#471=VECTOR('',#2617,1.);
#472=VECTOR('',#2618,1.);
#473=VECTOR('',#2619,1.);
#474=VECTOR('',#2624,1.);
#475=VECTOR('',#2625,1.);
#476=VECTOR('',#2626,1.);
#477=VECTOR('',#2627,1.);
#478=VECTOR('',#2628,1.);
#479=VECTOR('',#2629,1.);
#480=VECTOR('',#2630,1.);
#481=VECTOR('',#2631,1.);
#482=VECTOR('',#2632,1.);
#483=VECTOR('',#2635,1.);
#484=VECTOR('',#2636,1.);
#485=VECTOR('',#2637,1.);
#486=VECTOR('',#2638,1.);
#487=VECTOR('',#2639,1.);
#488=VECTOR('',#2640,1.);
#489=VECTOR('',#2641,1.);
#490=VECTOR('',#2642,1.);
#491=VECTOR('',#2643,1.);
#492=VECTOR('',#2648,1.);
#493=VECTOR('',#2653,1.);
#494=VECTOR('',#2658,1.);
#495=VECTOR('',#2659,1.);
#496=VECTOR('',#2660,1.);
#497=VECTOR('',#2661,1.);
#498=VECTOR('',#2662,1.);
#499=VECTOR('',#2663,1.);
#500=VECTOR('',#2664,1.);
#501=VECTOR('',#2665,1.);
#502=VECTOR('',#2666,1.);
#503=VECTOR('',#2669,1.);
#504=VECTOR('',#2670,1.);
#505=VECTOR('',#2671,1.);
#506=VECTOR('',#2672,1.);
#507=VECTOR('',#2673,1.);
#508=VECTOR('',#2674,1.);
#509=VECTOR('',#2675,1.);
#510=VECTOR('',#2676,1.);
#511=VECTOR('',#2677,1.);
#512=VECTOR('',#2682,1.);
#513=VECTOR('',#2687,1.);
#514=VECTOR('',#2692,1.);
#515=VECTOR('',#2693,1.);
#516=VECTOR('',#2694,1.);
#517=VECTOR('',#2695,1.);
#518=VECTOR('',#2696,1.);
#519=VECTOR('',#2697,1.);
#520=VECTOR('',#2698,1.);
#521=VECTOR('',#2699,1.);
#522=VECTOR('',#2700,1.);
#523=VECTOR('',#2703,1.);
#524=VECTOR('',#2704,1.);
#525=VECTOR('',#2705,1.);
#526=VECTOR('',#2710,1.);
#527=VECTOR('',#2715,1.);
#528=VECTOR('',#2720,1.);
#529=VECTOR('',#2723,1.);
#530=VECTOR('',#2728,1.);
#531=VECTOR('',#2731,1.);
#532=VECTOR('',#2736,1.);
#533=VECTOR('',#2739,1.);
#534=VECTOR('',#2744,1.);
#535=VECTOR('',#2747,1.);
#536=VECTOR('',#2752,1.);
#537=VECTOR('',#2755,1.);
#538=VECTOR('',#2760,1.);
#539=VECTOR('',#2763,1.);
#540=VECTOR('',#2768,1.);
#541=VECTOR('',#2771,1.);
#542=VECTOR('',#2776,1.);
#543=VECTOR('',#2779,1.);
#544=VECTOR('',#2784,1.);
#545=VECTOR('',#2787,1.);
#546=VECTOR('',#2792,1.);
#547=VECTOR('',#2795,1.);
#548=VECTOR('',#2800,1.);
#549=VECTOR('',#2803,1.);
#550=VECTOR('',#2808,1.);
#551=VECTOR('',#2811,1.);
#552=VECTOR('',#2816,1.);
#553=VECTOR('',#2819,1.);
#554=VECTOR('',#2824,1.);
#555=VECTOR('',#2827,1.);
#556=ORIENTED_EDGE('',*,*,#1148,.F.);
#557=ORIENTED_EDGE('',*,*,#1149,.T.);
#558=ORIENTED_EDGE('',*,*,#1150,.F.);
#559=ORIENTED_EDGE('',*,*,#1151,.F.);
#560=ORIENTED_EDGE('',*,*,#1152,.T.);
#561=ORIENTED_EDGE('',*,*,#1153,.F.);
#562=ORIENTED_EDGE('',*,*,#1154,.F.);
#563=ORIENTED_EDGE('',*,*,#1155,.T.);
#564=ORIENTED_EDGE('',*,*,#1156,.F.);
#565=ORIENTED_EDGE('',*,*,#1157,.F.);
#566=ORIENTED_EDGE('',*,*,#1158,.T.);
#567=ORIENTED_EDGE('',*,*,#1150,.T.);
#568=ORIENTED_EDGE('',*,*,#1159,.F.);
#569=ORIENTED_EDGE('',*,*,#1160,.F.);
#570=ORIENTED_EDGE('',*,*,#1161,.F.);
#571=ORIENTED_EDGE('',*,*,#1162,.T.);
#572=ORIENTED_EDGE('',*,*,#1163,.F.);
#573=ORIENTED_EDGE('',*,*,#1164,.F.);
#574=ORIENTED_EDGE('',*,*,#1165,.F.);
#575=ORIENTED_EDGE('',*,*,#1166,.F.);
#576=ORIENTED_EDGE('',*,*,#1167,.T.);
#577=ORIENTED_EDGE('',*,*,#1157,.T.);
#578=ORIENTED_EDGE('',*,*,#1168,.T.);
#579=ORIENTED_EDGE('',*,*,#1152,.F.);
#580=ORIENTED_EDGE('',*,*,#1169,.F.);
#581=ORIENTED_EDGE('',*,*,#1166,.T.);
#582=ORIENTED_EDGE('',*,*,#1151,.T.);
#583=ORIENTED_EDGE('',*,*,#1158,.F.);
#584=ORIENTED_EDGE('',*,*,#1167,.F.);
#585=ORIENTED_EDGE('',*,*,#1169,.T.);
#586=ORIENTED_EDGE('',*,*,#1170,.F.);
#587=ORIENTED_EDGE('',*,*,#1163,.T.);
#588=ORIENTED_EDGE('',*,*,#1171,.T.);
#589=ORIENTED_EDGE('',*,*,#1172,.F.);
#590=ORIENTED_EDGE('',*,*,#1149,.F.);
#591=ORIENTED_EDGE('',*,*,#1168,.F.);
#592=ORIENTED_EDGE('',*,*,#1165,.T.);
#593=ORIENTED_EDGE('',*,*,#1156,.T.);
#594=ORIENTED_EDGE('',*,*,#1173,.T.);
#595=ORIENTED_EDGE('',*,*,#1174,.F.);
#596=ORIENTED_EDGE('',*,*,#1175,.T.);
#597=ORIENTED_EDGE('',*,*,#1176,.T.);
#598=ORIENTED_EDGE('',*,*,#1177,.T.);
#599=ORIENTED_EDGE('',*,*,#1178,.F.);
#600=ORIENTED_EDGE('',*,*,#1179,.T.);
#601=ORIENTED_EDGE('',*,*,#1180,.T.);
#602=ORIENTED_EDGE('',*,*,#1181,.T.);
#603=ORIENTED_EDGE('',*,*,#1182,.F.);
#604=ORIENTED_EDGE('',*,*,#1183,.T.);
#605=ORIENTED_EDGE('',*,*,#1184,.T.);
#606=ORIENTED_EDGE('',*,*,#1185,.T.);
#607=ORIENTED_EDGE('',*,*,#1186,.F.);
#608=ORIENTED_EDGE('',*,*,#1187,.T.);
#609=ORIENTED_EDGE('',*,*,#1188,.T.);
#610=ORIENTED_EDGE('',*,*,#1189,.T.);
#611=ORIENTED_EDGE('',*,*,#1190,.F.);
#612=ORIENTED_EDGE('',*,*,#1191,.T.);
#613=ORIENTED_EDGE('',*,*,#1192,.T.);
#614=ORIENTED_EDGE('',*,*,#1193,.T.);
#615=ORIENTED_EDGE('',*,*,#1194,.F.);
#616=ORIENTED_EDGE('',*,*,#1195,.T.);
#617=ORIENTED_EDGE('',*,*,#1196,.T.);
#618=ORIENTED_EDGE('',*,*,#1197,.T.);
#619=ORIENTED_EDGE('',*,*,#1198,.F.);
#620=ORIENTED_EDGE('',*,*,#1199,.T.);
#621=ORIENTED_EDGE('',*,*,#1200,.T.);
#622=ORIENTED_EDGE('',*,*,#1201,.F.);
#623=ORIENTED_EDGE('',*,*,#1202,.F.);
#624=ORIENTED_EDGE('',*,*,#1203,.F.);
#625=ORIENTED_EDGE('',*,*,#1204,.T.);
#626=ORIENTED_EDGE('',*,*,#1205,.F.);
#627=ORIENTED_EDGE('',*,*,#1206,.F.);
#628=ORIENTED_EDGE('',*,*,#1207,.F.);
#629=ORIENTED_EDGE('',*,*,#1208,.T.);
#630=ORIENTED_EDGE('',*,*,#1209,.F.);
#631=ORIENTED_EDGE('',*,*,#1210,.F.);
#632=ORIENTED_EDGE('',*,*,#1211,.F.);
#633=ORIENTED_EDGE('',*,*,#1212,.T.);
#634=ORIENTED_EDGE('',*,*,#1213,.F.);
#635=ORIENTED_EDGE('',*,*,#1214,.F.);
#636=ORIENTED_EDGE('',*,*,#1215,.F.);
#637=ORIENTED_EDGE('',*,*,#1216,.T.);
#638=ORIENTED_EDGE('',*,*,#1217,.F.);
#639=ORIENTED_EDGE('',*,*,#1218,.F.);
#640=ORIENTED_EDGE('',*,*,#1219,.F.);
#641=ORIENTED_EDGE('',*,*,#1220,.T.);
#642=ORIENTED_EDGE('',*,*,#1221,.F.);
#643=ORIENTED_EDGE('',*,*,#1222,.F.);
#644=ORIENTED_EDGE('',*,*,#1223,.F.);
#645=ORIENTED_EDGE('',*,*,#1224,.T.);
#646=ORIENTED_EDGE('',*,*,#1225,.F.);
#647=ORIENTED_EDGE('',*,*,#1226,.F.);
#648=ORIENTED_EDGE('',*,*,#1227,.F.);
#649=ORIENTED_EDGE('',*,*,#1159,.T.);
#650=ORIENTED_EDGE('',*,*,#1228,.F.);
#651=ORIENTED_EDGE('',*,*,#1229,.T.);
#652=ORIENTED_EDGE('',*,*,#1230,.T.);
#653=ORIENTED_EDGE('',*,*,#1231,.F.);
#654=ORIENTED_EDGE('',*,*,#1232,.F.);
#655=ORIENTED_EDGE('',*,*,#1233,.T.);
#656=ORIENTED_EDGE('',*,*,#1234,.T.);
#657=ORIENTED_EDGE('',*,*,#1235,.F.);
#658=ORIENTED_EDGE('',*,*,#1236,.F.);
#659=ORIENTED_EDGE('',*,*,#1237,.T.);
#660=ORIENTED_EDGE('',*,*,#1238,.T.);
#661=ORIENTED_EDGE('',*,*,#1239,.F.);
#662=ORIENTED_EDGE('',*,*,#1240,.F.);
#663=ORIENTED_EDGE('',*,*,#1241,.T.);
#664=ORIENTED_EDGE('',*,*,#1242,.T.);
#665=ORIENTED_EDGE('',*,*,#1243,.F.);
#666=ORIENTED_EDGE('',*,*,#1244,.F.);
#667=ORIENTED_EDGE('',*,*,#1245,.T.);
#668=ORIENTED_EDGE('',*,*,#1246,.T.);
#669=ORIENTED_EDGE('',*,*,#1247,.F.);
#670=ORIENTED_EDGE('',*,*,#1248,.F.);
#671=ORIENTED_EDGE('',*,*,#1249,.T.);
#672=ORIENTED_EDGE('',*,*,#1250,.T.);
#673=ORIENTED_EDGE('',*,*,#1251,.F.);
#674=ORIENTED_EDGE('',*,*,#1252,.F.);
#675=ORIENTED_EDGE('',*,*,#1253,.T.);
#676=ORIENTED_EDGE('',*,*,#1254,.T.);
#677=ORIENTED_EDGE('',*,*,#1226,.T.);
#678=ORIENTED_EDGE('',*,*,#1255,.F.);
#679=ORIENTED_EDGE('',*,*,#1256,.F.);
#680=ORIENTED_EDGE('',*,*,#1257,.T.);
#681=ORIENTED_EDGE('',*,*,#1174,.T.);
#682=ORIENTED_EDGE('',*,*,#1258,.F.);
#683=ORIENTED_EDGE('',*,*,#1259,.T.);
#684=ORIENTED_EDGE('',*,*,#1260,.T.);
#685=ORIENTED_EDGE('',*,*,#1172,.T.);
#686=ORIENTED_EDGE('',*,*,#1261,.F.);
#687=ORIENTED_EDGE('',*,*,#1262,.F.);
#688=ORIENTED_EDGE('',*,*,#1263,.T.);
#689=ORIENTED_EDGE('',*,*,#1176,.F.);
#690=ORIENTED_EDGE('',*,*,#1264,.F.);
#691=ORIENTED_EDGE('',*,*,#1265,.T.);
#692=ORIENTED_EDGE('',*,*,#1266,.T.);
#693=ORIENTED_EDGE('',*,*,#1224,.F.);
#694=ORIENTED_EDGE('',*,*,#1267,.F.);
#695=ORIENTED_EDGE('',*,*,#1268,.F.);
#696=ORIENTED_EDGE('',*,*,#1269,.T.);
#697=ORIENTED_EDGE('',*,*,#1229,.F.);
#698=ORIENTED_EDGE('',*,*,#1270,.F.);
#699=ORIENTED_EDGE('',*,*,#1175,.F.);
#700=ORIENTED_EDGE('',*,*,#1257,.F.);
#701=ORIENTED_EDGE('',*,*,#1271,.T.);
#702=ORIENTED_EDGE('',*,*,#1264,.T.);
#703=ORIENTED_EDGE('',*,*,#1272,.F.);
#704=ORIENTED_EDGE('',*,*,#1225,.T.);
#705=ORIENTED_EDGE('',*,*,#1266,.F.);
#706=ORIENTED_EDGE('',*,*,#1273,.F.);
#707=ORIENTED_EDGE('',*,*,#1255,.T.);
#708=ORIENTED_EDGE('',*,*,#1265,.F.);
#709=ORIENTED_EDGE('',*,*,#1271,.F.);
#710=ORIENTED_EDGE('',*,*,#1256,.T.);
#711=ORIENTED_EDGE('',*,*,#1273,.T.);
#712=ORIENTED_EDGE('',*,*,#1274,.F.);
#713=ORIENTED_EDGE('',*,*,#1275,.T.);
#714=ORIENTED_EDGE('',*,*,#1276,.T.);
#715=ORIENTED_EDGE('',*,*,#1222,.T.);
#716=ORIENTED_EDGE('',*,*,#1277,.F.);
#717=ORIENTED_EDGE('',*,*,#1278,.F.);
#718=ORIENTED_EDGE('',*,*,#1279,.T.);
#719=ORIENTED_EDGE('',*,*,#1178,.T.);
#720=ORIENTED_EDGE('',*,*,#1280,.F.);
#721=ORIENTED_EDGE('',*,*,#1281,.T.);
#722=ORIENTED_EDGE('',*,*,#1282,.T.);
#723=ORIENTED_EDGE('',*,*,#1231,.T.);
#724=ORIENTED_EDGE('',*,*,#1283,.F.);
#725=ORIENTED_EDGE('',*,*,#1221,.T.);
#726=ORIENTED_EDGE('',*,*,#1284,.F.);
#727=ORIENTED_EDGE('',*,*,#1285,.F.);
#728=ORIENTED_EDGE('',*,*,#1277,.T.);
#729=ORIENTED_EDGE('',*,*,#1286,.F.);
#730=ORIENTED_EDGE('',*,*,#1287,.F.);
#731=ORIENTED_EDGE('',*,*,#1288,.T.);
#732=ORIENTED_EDGE('',*,*,#1180,.F.);
#733=ORIENTED_EDGE('',*,*,#1289,.F.);
#734=ORIENTED_EDGE('',*,*,#1290,.T.);
#735=ORIENTED_EDGE('',*,*,#1284,.T.);
#736=ORIENTED_EDGE('',*,*,#1220,.F.);
#737=ORIENTED_EDGE('',*,*,#1291,.F.);
#738=ORIENTED_EDGE('',*,*,#1292,.F.);
#739=ORIENTED_EDGE('',*,*,#1293,.T.);
#740=ORIENTED_EDGE('',*,*,#1233,.F.);
#741=ORIENTED_EDGE('',*,*,#1294,.F.);
#742=ORIENTED_EDGE('',*,*,#1179,.F.);
#743=ORIENTED_EDGE('',*,*,#1279,.F.);
#744=ORIENTED_EDGE('',*,*,#1295,.T.);
#745=ORIENTED_EDGE('',*,*,#1289,.T.);
#746=ORIENTED_EDGE('',*,*,#1278,.T.);
#747=ORIENTED_EDGE('',*,*,#1285,.T.);
#748=ORIENTED_EDGE('',*,*,#1290,.F.);
#749=ORIENTED_EDGE('',*,*,#1295,.F.);
#750=ORIENTED_EDGE('',*,*,#1296,.F.);
#751=ORIENTED_EDGE('',*,*,#1297,.T.);
#752=ORIENTED_EDGE('',*,*,#1298,.T.);
#753=ORIENTED_EDGE('',*,*,#1218,.T.);
#754=ORIENTED_EDGE('',*,*,#1299,.F.);
#755=ORIENTED_EDGE('',*,*,#1300,.F.);
#756=ORIENTED_EDGE('',*,*,#1301,.T.);
#757=ORIENTED_EDGE('',*,*,#1182,.T.);
#758=ORIENTED_EDGE('',*,*,#1302,.F.);
#759=ORIENTED_EDGE('',*,*,#1303,.T.);
#760=ORIENTED_EDGE('',*,*,#1304,.T.);
#761=ORIENTED_EDGE('',*,*,#1235,.T.);
#762=ORIENTED_EDGE('',*,*,#1305,.F.);
#763=ORIENTED_EDGE('',*,*,#1306,.F.);
#764=ORIENTED_EDGE('',*,*,#1307,.T.);
#765=ORIENTED_EDGE('',*,*,#1184,.F.);
#766=ORIENTED_EDGE('',*,*,#1308,.F.);
#767=ORIENTED_EDGE('',*,*,#1309,.T.);
#768=ORIENTED_EDGE('',*,*,#1310,.T.);
#769=ORIENTED_EDGE('',*,*,#1216,.F.);
#770=ORIENTED_EDGE('',*,*,#1311,.F.);
#771=ORIENTED_EDGE('',*,*,#1312,.F.);
#772=ORIENTED_EDGE('',*,*,#1313,.T.);
#773=ORIENTED_EDGE('',*,*,#1237,.F.);
#774=ORIENTED_EDGE('',*,*,#1314,.F.);
#775=ORIENTED_EDGE('',*,*,#1183,.F.);
#776=ORIENTED_EDGE('',*,*,#1301,.F.);
#777=ORIENTED_EDGE('',*,*,#1315,.T.);
#778=ORIENTED_EDGE('',*,*,#1308,.T.);
#779=ORIENTED_EDGE('',*,*,#1316,.F.);
#780=ORIENTED_EDGE('',*,*,#1217,.T.);
#781=ORIENTED_EDGE('',*,*,#1310,.F.);
#782=ORIENTED_EDGE('',*,*,#1317,.F.);
#783=ORIENTED_EDGE('',*,*,#1299,.T.);
#784=ORIENTED_EDGE('',*,*,#1309,.F.);
#785=ORIENTED_EDGE('',*,*,#1315,.F.);
#786=ORIENTED_EDGE('',*,*,#1300,.T.);
#787=ORIENTED_EDGE('',*,*,#1317,.T.);
#788=ORIENTED_EDGE('',*,*,#1318,.F.);
#789=ORIENTED_EDGE('',*,*,#1319,.T.);
#790=ORIENTED_EDGE('',*,*,#1320,.T.);
#791=ORIENTED_EDGE('',*,*,#1214,.T.);
#792=ORIENTED_EDGE('',*,*,#1321,.F.);
#793=ORIENTED_EDGE('',*,*,#1322,.F.);
#794=ORIENTED_EDGE('',*,*,#1323,.T.);
#795=ORIENTED_EDGE('',*,*,#1186,.T.);
#796=ORIENTED_EDGE('',*,*,#1324,.F.);
#797=ORIENTED_EDGE('',*,*,#1325,.T.);
#798=ORIENTED_EDGE('',*,*,#1326,.T.);
#799=ORIENTED_EDGE('',*,*,#1239,.T.);
#800=ORIENTED_EDGE('',*,*,#1327,.F.);
#801=ORIENTED_EDGE('',*,*,#1187,.F.);
#802=ORIENTED_EDGE('',*,*,#1323,.F.);
#803=ORIENTED_EDGE('',*,*,#1328,.T.);
#804=ORIENTED_EDGE('',*,*,#1329,.T.);
#805=ORIENTED_EDGE('',*,*,#1330,.F.);
#806=ORIENTED_EDGE('',*,*,#1213,.T.);
#807=ORIENTED_EDGE('',*,*,#1331,.F.);
#808=ORIENTED_EDGE('',*,*,#1332,.F.);
#809=ORIENTED_EDGE('',*,*,#1321,.T.);
#810=ORIENTED_EDGE('',*,*,#1333,.F.);
#811=ORIENTED_EDGE('',*,*,#1334,.F.);
#812=ORIENTED_EDGE('',*,*,#1335,.T.);
#813=ORIENTED_EDGE('',*,*,#1188,.F.);
#814=ORIENTED_EDGE('',*,*,#1329,.F.);
#815=ORIENTED_EDGE('',*,*,#1336,.T.);
#816=ORIENTED_EDGE('',*,*,#1331,.T.);
#817=ORIENTED_EDGE('',*,*,#1212,.F.);
#818=ORIENTED_EDGE('',*,*,#1337,.F.);
#819=ORIENTED_EDGE('',*,*,#1338,.F.);
#820=ORIENTED_EDGE('',*,*,#1339,.T.);
#821=ORIENTED_EDGE('',*,*,#1241,.F.);
#822=ORIENTED_EDGE('',*,*,#1328,.F.);
#823=ORIENTED_EDGE('',*,*,#1322,.T.);
#824=ORIENTED_EDGE('',*,*,#1332,.T.);
#825=ORIENTED_EDGE('',*,*,#1336,.F.);
#826=ORIENTED_EDGE('',*,*,#1340,.F.);
#827=ORIENTED_EDGE('',*,*,#1341,.T.);
#828=ORIENTED_EDGE('',*,*,#1342,.T.);
#829=ORIENTED_EDGE('',*,*,#1210,.T.);
#830=ORIENTED_EDGE('',*,*,#1343,.F.);
#831=ORIENTED_EDGE('',*,*,#1344,.F.);
#832=ORIENTED_EDGE('',*,*,#1345,.T.);
#833=ORIENTED_EDGE('',*,*,#1190,.T.);
#834=ORIENTED_EDGE('',*,*,#1346,.F.);
#835=ORIENTED_EDGE('',*,*,#1347,.T.);
#836=ORIENTED_EDGE('',*,*,#1348,.T.);
#837=ORIENTED_EDGE('',*,*,#1243,.T.);
#838=ORIENTED_EDGE('',*,*,#1349,.F.);
#839=ORIENTED_EDGE('',*,*,#1350,.F.);
#840=ORIENTED_EDGE('',*,*,#1351,.T.);
#841=ORIENTED_EDGE('',*,*,#1192,.F.);
#842=ORIENTED_EDGE('',*,*,#1352,.F.);
#843=ORIENTED_EDGE('',*,*,#1353,.T.);
#844=ORIENTED_EDGE('',*,*,#1354,.T.);
#845=ORIENTED_EDGE('',*,*,#1208,.F.);
#846=ORIENTED_EDGE('',*,*,#1355,.F.);
#847=ORIENTED_EDGE('',*,*,#1356,.F.);
#848=ORIENTED_EDGE('',*,*,#1357,.T.);
#849=ORIENTED_EDGE('',*,*,#1245,.F.);
#850=ORIENTED_EDGE('',*,*,#1358,.F.);
#851=ORIENTED_EDGE('',*,*,#1191,.F.);
#852=ORIENTED_EDGE('',*,*,#1345,.F.);
#853=ORIENTED_EDGE('',*,*,#1359,.T.);
#854=ORIENTED_EDGE('',*,*,#1352,.T.);
#855=ORIENTED_EDGE('',*,*,#1360,.F.);
#856=ORIENTED_EDGE('',*,*,#1209,.T.);
#857=ORIENTED_EDGE('',*,*,#1354,.F.);
#858=ORIENTED_EDGE('',*,*,#1361,.F.);
#859=ORIENTED_EDGE('',*,*,#1343,.T.);
#860=ORIENTED_EDGE('',*,*,#1353,.F.);
#861=ORIENTED_EDGE('',*,*,#1359,.F.);
#862=ORIENTED_EDGE('',*,*,#1344,.T.);
#863=ORIENTED_EDGE('',*,*,#1361,.T.);
#864=ORIENTED_EDGE('',*,*,#1362,.F.);
#865=ORIENTED_EDGE('',*,*,#1363,.T.);
#866=ORIENTED_EDGE('',*,*,#1364,.T.);
#867=ORIENTED_EDGE('',*,*,#1206,.T.);
#868=ORIENTED_EDGE('',*,*,#1365,.F.);
#869=ORIENTED_EDGE('',*,*,#1366,.F.);
#870=ORIENTED_EDGE('',*,*,#1367,.T.);
#871=ORIENTED_EDGE('',*,*,#1194,.T.);
#872=ORIENTED_EDGE('',*,*,#1368,.F.);
#873=ORIENTED_EDGE('',*,*,#1369,.T.);
#874=ORIENTED_EDGE('',*,*,#1370,.T.);
#875=ORIENTED_EDGE('',*,*,#1247,.T.);
#876=ORIENTED_EDGE('',*,*,#1371,.F.);
#877=ORIENTED_EDGE('',*,*,#1372,.F.);
#878=ORIENTED_EDGE('',*,*,#1373,.T.);
#879=ORIENTED_EDGE('',*,*,#1196,.F.);
#880=ORIENTED_EDGE('',*,*,#1374,.F.);
#881=ORIENTED_EDGE('',*,*,#1375,.T.);
#882=ORIENTED_EDGE('',*,*,#1376,.T.);
#883=ORIENTED_EDGE('',*,*,#1204,.F.);
#884=ORIENTED_EDGE('',*,*,#1377,.F.);
#885=ORIENTED_EDGE('',*,*,#1378,.F.);
#886=ORIENTED_EDGE('',*,*,#1379,.T.);
#887=ORIENTED_EDGE('',*,*,#1249,.F.);
#888=ORIENTED_EDGE('',*,*,#1380,.F.);
#889=ORIENTED_EDGE('',*,*,#1195,.F.);
#890=ORIENTED_EDGE('',*,*,#1367,.F.);
#891=ORIENTED_EDGE('',*,*,#1381,.T.);
#892=ORIENTED_EDGE('',*,*,#1374,.T.);
#893=ORIENTED_EDGE('',*,*,#1382,.F.);
#894=ORIENTED_EDGE('',*,*,#1205,.T.);
#895=ORIENTED_EDGE('',*,*,#1376,.F.);
#896=ORIENTED_EDGE('',*,*,#1383,.F.);
#897=ORIENTED_EDGE('',*,*,#1365,.T.);
#898=ORIENTED_EDGE('',*,*,#1375,.F.);
#899=ORIENTED_EDGE('',*,*,#1381,.F.);
#900=ORIENTED_EDGE('',*,*,#1366,.T.);
#901=ORIENTED_EDGE('',*,*,#1383,.T.);
#902=ORIENTED_EDGE('',*,*,#1384,.F.);
#903=ORIENTED_EDGE('',*,*,#1385,.T.);
#904=ORIENTED_EDGE('',*,*,#1386,.T.);
#905=ORIENTED_EDGE('',*,*,#1202,.T.);
#906=ORIENTED_EDGE('',*,*,#1387,.F.);
#907=ORIENTED_EDGE('',*,*,#1388,.F.);
#908=ORIENTED_EDGE('',*,*,#1389,.T.);
#909=ORIENTED_EDGE('',*,*,#1198,.T.);
#910=ORIENTED_EDGE('',*,*,#1390,.F.);
#911=ORIENTED_EDGE('',*,*,#1391,.T.);
#912=ORIENTED_EDGE('',*,*,#1392,.T.);
#913=ORIENTED_EDGE('',*,*,#1251,.T.);
#914=ORIENTED_EDGE('',*,*,#1200,.F.);
#915=ORIENTED_EDGE('',*,*,#1393,.F.);
#916=ORIENTED_EDGE('',*,*,#1394,.T.);
#917=ORIENTED_EDGE('',*,*,#1395,.T.);
#918=ORIENTED_EDGE('',*,*,#1396,.F.);
#919=ORIENTED_EDGE('',*,*,#1199,.F.);
#920=ORIENTED_EDGE('',*,*,#1389,.F.);
#921=ORIENTED_EDGE('',*,*,#1397,.T.);
#922=ORIENTED_EDGE('',*,*,#1393,.T.);
#923=ORIENTED_EDGE('',*,*,#1398,.F.);
#924=ORIENTED_EDGE('',*,*,#1201,.T.);
#925=ORIENTED_EDGE('',*,*,#1395,.F.);
#926=ORIENTED_EDGE('',*,*,#1399,.F.);
#927=ORIENTED_EDGE('',*,*,#1387,.T.);
#928=ORIENTED_EDGE('',*,*,#1394,.F.);
#929=ORIENTED_EDGE('',*,*,#1397,.F.);
#930=ORIENTED_EDGE('',*,*,#1388,.T.);
#931=ORIENTED_EDGE('',*,*,#1399,.T.);
#932=ORIENTED_EDGE('',*,*,#1197,.F.);
#933=ORIENTED_EDGE('',*,*,#1373,.F.);
#934=ORIENTED_EDGE('',*,*,#1400,.T.);
#935=ORIENTED_EDGE('',*,*,#1390,.T.);
#936=ORIENTED_EDGE('',*,*,#1248,.T.);
#937=ORIENTED_EDGE('',*,*,#1392,.F.);
#938=ORIENTED_EDGE('',*,*,#1401,.F.);
#939=ORIENTED_EDGE('',*,*,#1371,.T.);
#940=ORIENTED_EDGE('',*,*,#1400,.F.);
#941=ORIENTED_EDGE('',*,*,#1372,.T.);
#942=ORIENTED_EDGE('',*,*,#1401,.T.);
#943=ORIENTED_EDGE('',*,*,#1391,.F.);
#944=ORIENTED_EDGE('',*,*,#1250,.F.);
#945=ORIENTED_EDGE('',*,*,#1379,.F.);
#946=ORIENTED_EDGE('',*,*,#1402,.T.);
#947=ORIENTED_EDGE('',*,*,#1384,.T.);
#948=ORIENTED_EDGE('',*,*,#1203,.T.);
#949=ORIENTED_EDGE('',*,*,#1386,.F.);
#950=ORIENTED_EDGE('',*,*,#1403,.F.);
#951=ORIENTED_EDGE('',*,*,#1377,.T.);
#952=ORIENTED_EDGE('',*,*,#1402,.F.);
#953=ORIENTED_EDGE('',*,*,#1378,.T.);
#954=ORIENTED_EDGE('',*,*,#1403,.T.);
#955=ORIENTED_EDGE('',*,*,#1385,.F.);
#956=ORIENTED_EDGE('',*,*,#1193,.F.);
#957=ORIENTED_EDGE('',*,*,#1351,.F.);
#958=ORIENTED_EDGE('',*,*,#1404,.T.);
#959=ORIENTED_EDGE('',*,*,#1368,.T.);
#960=ORIENTED_EDGE('',*,*,#1244,.T.);
#961=ORIENTED_EDGE('',*,*,#1370,.F.);
#962=ORIENTED_EDGE('',*,*,#1405,.F.);
#963=ORIENTED_EDGE('',*,*,#1349,.T.);
#964=ORIENTED_EDGE('',*,*,#1404,.F.);
#965=ORIENTED_EDGE('',*,*,#1350,.T.);
#966=ORIENTED_EDGE('',*,*,#1405,.T.);
#967=ORIENTED_EDGE('',*,*,#1369,.F.);
#968=ORIENTED_EDGE('',*,*,#1246,.F.);
#969=ORIENTED_EDGE('',*,*,#1357,.F.);
#970=ORIENTED_EDGE('',*,*,#1406,.T.);
#971=ORIENTED_EDGE('',*,*,#1362,.T.);
#972=ORIENTED_EDGE('',*,*,#1207,.T.);
#973=ORIENTED_EDGE('',*,*,#1364,.F.);
#974=ORIENTED_EDGE('',*,*,#1407,.F.);
#975=ORIENTED_EDGE('',*,*,#1355,.T.);
#976=ORIENTED_EDGE('',*,*,#1406,.F.);
#977=ORIENTED_EDGE('',*,*,#1356,.T.);
#978=ORIENTED_EDGE('',*,*,#1407,.T.);
#979=ORIENTED_EDGE('',*,*,#1363,.F.);
#980=ORIENTED_EDGE('',*,*,#1189,.F.);
#981=ORIENTED_EDGE('',*,*,#1335,.F.);
#982=ORIENTED_EDGE('',*,*,#1408,.T.);
#983=ORIENTED_EDGE('',*,*,#1346,.T.);
#984=ORIENTED_EDGE('',*,*,#1240,.T.);
#985=ORIENTED_EDGE('',*,*,#1348,.F.);
#986=ORIENTED_EDGE('',*,*,#1409,.F.);
#987=ORIENTED_EDGE('',*,*,#1333,.T.);
#988=ORIENTED_EDGE('',*,*,#1408,.F.);
#989=ORIENTED_EDGE('',*,*,#1334,.T.);
#990=ORIENTED_EDGE('',*,*,#1409,.T.);
#991=ORIENTED_EDGE('',*,*,#1347,.F.);
#992=ORIENTED_EDGE('',*,*,#1242,.F.);
#993=ORIENTED_EDGE('',*,*,#1339,.F.);
#994=ORIENTED_EDGE('',*,*,#1410,.T.);
#995=ORIENTED_EDGE('',*,*,#1340,.T.);
#996=ORIENTED_EDGE('',*,*,#1211,.T.);
#997=ORIENTED_EDGE('',*,*,#1342,.F.);
#998=ORIENTED_EDGE('',*,*,#1411,.F.);
#999=ORIENTED_EDGE('',*,*,#1337,.T.);
#1000=ORIENTED_EDGE('',*,*,#1410,.F.);
#1001=ORIENTED_EDGE('',*,*,#1338,.T.);
#1002=ORIENTED_EDGE('',*,*,#1411,.T.);
#1003=ORIENTED_EDGE('',*,*,#1341,.F.);
#1004=ORIENTED_EDGE('',*,*,#1185,.F.);
#1005=ORIENTED_EDGE('',*,*,#1307,.F.);
#1006=ORIENTED_EDGE('',*,*,#1412,.T.);
#1007=ORIENTED_EDGE('',*,*,#1324,.T.);
#1008=ORIENTED_EDGE('',*,*,#1236,.T.);
#1009=ORIENTED_EDGE('',*,*,#1326,.F.);
#1010=ORIENTED_EDGE('',*,*,#1413,.F.);
#1011=ORIENTED_EDGE('',*,*,#1305,.T.);
#1012=ORIENTED_EDGE('',*,*,#1412,.F.);
#1013=ORIENTED_EDGE('',*,*,#1306,.T.);
#1014=ORIENTED_EDGE('',*,*,#1413,.T.);
#1015=ORIENTED_EDGE('',*,*,#1325,.F.);
#1016=ORIENTED_EDGE('',*,*,#1215,.T.);
#1017=ORIENTED_EDGE('',*,*,#1320,.F.);
#1018=ORIENTED_EDGE('',*,*,#1414,.F.);
#1019=ORIENTED_EDGE('',*,*,#1311,.T.);
#1020=ORIENTED_EDGE('',*,*,#1238,.F.);
#1021=ORIENTED_EDGE('',*,*,#1313,.F.);
#1022=ORIENTED_EDGE('',*,*,#1415,.T.);
#1023=ORIENTED_EDGE('',*,*,#1318,.T.);
#1024=ORIENTED_EDGE('',*,*,#1312,.T.);
#1025=ORIENTED_EDGE('',*,*,#1414,.T.);
#1026=ORIENTED_EDGE('',*,*,#1319,.F.);
#1027=ORIENTED_EDGE('',*,*,#1415,.F.);
#1028=ORIENTED_EDGE('',*,*,#1232,.T.);
#1029=ORIENTED_EDGE('',*,*,#1304,.F.);
#1030=ORIENTED_EDGE('',*,*,#1416,.F.);
#1031=ORIENTED_EDGE('',*,*,#1286,.T.);
#1032=ORIENTED_EDGE('',*,*,#1181,.F.);
#1033=ORIENTED_EDGE('',*,*,#1288,.F.);
#1034=ORIENTED_EDGE('',*,*,#1417,.T.);
#1035=ORIENTED_EDGE('',*,*,#1302,.T.);
#1036=ORIENTED_EDGE('',*,*,#1287,.T.);
#1037=ORIENTED_EDGE('',*,*,#1416,.T.);
#1038=ORIENTED_EDGE('',*,*,#1303,.F.);
#1039=ORIENTED_EDGE('',*,*,#1417,.F.);
#1040=ORIENTED_EDGE('',*,*,#1234,.F.);
#1041=ORIENTED_EDGE('',*,*,#1293,.F.);
#1042=ORIENTED_EDGE('',*,*,#1418,.T.);
#1043=ORIENTED_EDGE('',*,*,#1296,.T.);
#1044=ORIENTED_EDGE('',*,*,#1219,.T.);
#1045=ORIENTED_EDGE('',*,*,#1298,.F.);
#1046=ORIENTED_EDGE('',*,*,#1419,.F.);
#1047=ORIENTED_EDGE('',*,*,#1291,.T.);
#1048=ORIENTED_EDGE('',*,*,#1297,.F.);
#1049=ORIENTED_EDGE('',*,*,#1418,.F.);
#1050=ORIENTED_EDGE('',*,*,#1292,.T.);
#1051=ORIENTED_EDGE('',*,*,#1419,.T.);
#1052=ORIENTED_EDGE('',*,*,#1228,.T.);
#1053=ORIENTED_EDGE('',*,*,#1282,.F.);
#1054=ORIENTED_EDGE('',*,*,#1420,.F.);
#1055=ORIENTED_EDGE('',*,*,#1261,.T.);
#1056=ORIENTED_EDGE('',*,*,#1177,.F.);
#1057=ORIENTED_EDGE('',*,*,#1263,.F.);
#1058=ORIENTED_EDGE('',*,*,#1421,.T.);
#1059=ORIENTED_EDGE('',*,*,#1280,.T.);
#1060=ORIENTED_EDGE('',*,*,#1262,.T.);
#1061=ORIENTED_EDGE('',*,*,#1420,.T.);
#1062=ORIENTED_EDGE('',*,*,#1281,.F.);
#1063=ORIENTED_EDGE('',*,*,#1421,.F.);
#1064=ORIENTED_EDGE('',*,*,#1230,.F.);
#1065=ORIENTED_EDGE('',*,*,#1269,.F.);
#1066=ORIENTED_EDGE('',*,*,#1422,.T.);
#1067=ORIENTED_EDGE('',*,*,#1274,.T.);
#1068=ORIENTED_EDGE('',*,*,#1223,.T.);
#1069=ORIENTED_EDGE('',*,*,#1276,.F.);
#1070=ORIENTED_EDGE('',*,*,#1423,.F.);
#1071=ORIENTED_EDGE('',*,*,#1267,.T.);
#1072=ORIENTED_EDGE('',*,*,#1422,.F.);
#1073=ORIENTED_EDGE('',*,*,#1268,.T.);
#1074=ORIENTED_EDGE('',*,*,#1423,.T.);
#1075=ORIENTED_EDGE('',*,*,#1275,.F.);
#1076=ORIENTED_EDGE('',*,*,#1173,.F.);
#1077=ORIENTED_EDGE('',*,*,#1155,.F.);
#1078=ORIENTED_EDGE('',*,*,#1424,.T.);
#1079=ORIENTED_EDGE('',*,*,#1258,.T.);
#1080=ORIENTED_EDGE('',*,*,#1170,.T.);
#1081=ORIENTED_EDGE('',*,*,#1260,.F.);
#1082=ORIENTED_EDGE('',*,*,#1425,.F.);
#1083=ORIENTED_EDGE('',*,*,#1153,.T.);
#1084=ORIENTED_EDGE('',*,*,#1259,.F.);
#1085=ORIENTED_EDGE('',*,*,#1424,.F.);
#1086=ORIENTED_EDGE('',*,*,#1154,.T.);
#1087=ORIENTED_EDGE('',*,*,#1425,.T.);
#1088=ORIENTED_EDGE('',*,*,#1171,.F.);
#1089=ORIENTED_EDGE('',*,*,#1162,.F.);
#1090=ORIENTED_EDGE('',*,*,#1426,.T.);
#1091=ORIENTED_EDGE('',*,*,#1252,.T.);
#1092=ORIENTED_EDGE('',*,*,#1227,.T.);
#1093=ORIENTED_EDGE('',*,*,#1254,.F.);
#1094=ORIENTED_EDGE('',*,*,#1427,.F.);
#1095=ORIENTED_EDGE('',*,*,#1160,.T.);
#1096=ORIENTED_EDGE('',*,*,#1426,.F.);
#1097=ORIENTED_EDGE('',*,*,#1161,.T.);
#1098=ORIENTED_EDGE('',*,*,#1427,.T.);
#1099=ORIENTED_EDGE('',*,*,#1253,.F.);
#1100=ORIENTED_EDGE('',*,*,#1428,.F.);
#1101=ORIENTED_EDGE('',*,*,#1396,.T.);
#1102=ORIENTED_EDGE('',*,*,#1428,.T.);
#1103=ORIENTED_EDGE('',*,*,#1429,.F.);
#1104=ORIENTED_EDGE('',*,*,#1380,.T.);
#1105=ORIENTED_EDGE('',*,*,#1429,.T.);
#1106=ORIENTED_EDGE('',*,*,#1430,.F.);
#1107=ORIENTED_EDGE('',*,*,#1358,.T.);
#1108=ORIENTED_EDGE('',*,*,#1430,.T.);
#1109=ORIENTED_EDGE('',*,*,#1431,.F.);
#1110=ORIENTED_EDGE('',*,*,#1327,.T.);
#1111=ORIENTED_EDGE('',*,*,#1431,.T.);
#1112=ORIENTED_EDGE('',*,*,#1432,.F.);
#1113=ORIENTED_EDGE('',*,*,#1314,.T.);
#1114=ORIENTED_EDGE('',*,*,#1432,.T.);
#1115=ORIENTED_EDGE('',*,*,#1433,.F.);
#1116=ORIENTED_EDGE('',*,*,#1294,.T.);
#1117=ORIENTED_EDGE('',*,*,#1433,.T.);
#1118=ORIENTED_EDGE('',*,*,#1434,.F.);
#1119=ORIENTED_EDGE('',*,*,#1270,.T.);
#1120=ORIENTED_EDGE('',*,*,#1434,.T.);
#1121=ORIENTED_EDGE('',*,*,#1435,.F.);
#1122=ORIENTED_EDGE('',*,*,#1164,.T.);
#1123=ORIENTED_EDGE('',*,*,#1435,.T.);
#1124=ORIENTED_EDGE('',*,*,#1436,.F.);
#1125=ORIENTED_EDGE('',*,*,#1398,.T.);
#1126=ORIENTED_EDGE('',*,*,#1436,.T.);
#1127=ORIENTED_EDGE('',*,*,#1437,.F.);
#1128=ORIENTED_EDGE('',*,*,#1382,.T.);
#1129=ORIENTED_EDGE('',*,*,#1437,.T.);
#1130=ORIENTED_EDGE('',*,*,#1438,.F.);
#1131=ORIENTED_EDGE('',*,*,#1360,.T.);
#1132=ORIENTED_EDGE('',*,*,#1438,.T.);
#1133=ORIENTED_EDGE('',*,*,#1439,.F.);
#1134=ORIENTED_EDGE('',*,*,#1330,.T.);
#1135=ORIENTED_EDGE('',*,*,#1439,.T.);
#1136=ORIENTED_EDGE('',*,*,#1440,.F.);
#1137=ORIENTED_EDGE('',*,*,#1316,.T.);
#1138=ORIENTED_EDGE('',*,*,#1440,.T.);
#1139=ORIENTED_EDGE('',*,*,#1441,.F.);
#1140=ORIENTED_EDGE('',*,*,#1283,.T.);
#1141=ORIENTED_EDGE('',*,*,#1441,.T.);
#1142=ORIENTED_EDGE('',*,*,#1442,.F.);
#1143=ORIENTED_EDGE('',*,*,#1272,.T.);
#1144=ORIENTED_EDGE('',*,*,#1442,.T.);
#1145=ORIENTED_EDGE('',*,*,#1443,.F.);
#1146=ORIENTED_EDGE('',*,*,#1148,.T.);
#1147=ORIENTED_EDGE('',*,*,#1443,.T.);
#1148=EDGE_CURVE('',#1444,#1444,#1652,.T.);
#1149=EDGE_CURVE('',#1445,#1446,#28,.T.);
#1150=EDGE_CURVE('',#1447,#1446,#29,.T.);
#1151=EDGE_CURVE('',#1448,#1447,#30,.T.);
#1152=EDGE_CURVE('',#1448,#1445,#31,.T.);
#1153=EDGE_CURVE('',#1449,#1450,#32,.T.);
#1154=EDGE_CURVE('',#1451,#1449,#33,.T.);
#1155=EDGE_CURVE('',#1451,#1452,#34,.T.);
#1156=EDGE_CURVE('',#1453,#1452,#35,.T.);
#1157=EDGE_CURVE('',#1454,#1453,#36,.T.);
#1158=EDGE_CURVE('',#1454,#1447,#37,.T.);
#1159=EDGE_CURVE('',#1455,#1446,#38,.T.);
#1160=EDGE_CURVE('',#1456,#1455,#39,.T.);
#1161=EDGE_CURVE('',#1457,#1456,#40,.T.);
#1162=EDGE_CURVE('',#1457,#1458,#41,.T.);
#1163=EDGE_CURVE('',#1450,#1458,#42,.T.);
#1164=EDGE_CURVE('',#1459,#1459,#1653,.T.);
#1165=EDGE_CURVE('',#1460,#1453,#43,.T.);
#1166=EDGE_CURVE('',#1461,#1460,#44,.T.);
#1167=EDGE_CURVE('',#1461,#1454,#45,.T.);
#1168=EDGE_CURVE('',#1460,#1445,#46,.T.);
#1169=EDGE_CURVE('',#1461,#1448,#47,.T.);
#1170=EDGE_CURVE('',#1450,#1462,#48,.T.);
#1171=EDGE_CURVE('',#1458,#1463,#49,.T.);
#1172=EDGE_CURVE('',#1462,#1463,#50,.T.);
#1173=EDGE_CURVE('',#1452,#1464,#51,.T.);
#1174=EDGE_CURVE('',#1465,#1464,#52,.T.);
#1175=EDGE_CURVE('',#1465,#1466,#53,.T.);
#1176=EDGE_CURVE('',#1466,#1467,#54,.T.);
#1177=EDGE_CURVE('',#1467,#1468,#55,.T.);
#1178=EDGE_CURVE('',#1469,#1468,#56,.T.);
#1179=EDGE_CURVE('',#1469,#1470,#57,.T.);
#1180=EDGE_CURVE('',#1470,#1471,#58,.T.);
#1181=EDGE_CURVE('',#1471,#1472,#59,.T.);
#1182=EDGE_CURVE('',#1473,#1472,#60,.T.);
#1183=EDGE_CURVE('',#1473,#1474,#61,.T.);
#1184=EDGE_CURVE('',#1474,#1475,#62,.T.);
#1185=EDGE_CURVE('',#1475,#1476,#63,.T.);
#1186=EDGE_CURVE('',#1477,#1476,#64,.T.);
#1187=EDGE_CURVE('',#1477,#1478,#65,.T.);
#1188=EDGE_CURVE('',#1478,#1479,#66,.T.);
#1189=EDGE_CURVE('',#1479,#1480,#67,.T.);
#1190=EDGE_CURVE('',#1481,#1480,#68,.T.);
#1191=EDGE_CURVE('',#1481,#1482,#69,.T.);
#1192=EDGE_CURVE('',#1482,#1483,#70,.T.);
#1193=EDGE_CURVE('',#1483,#1484,#71,.T.);
#1194=EDGE_CURVE('',#1485,#1484,#72,.T.);
#1195=EDGE_CURVE('',#1485,#1486,#73,.T.);
#1196=EDGE_CURVE('',#1486,#1487,#74,.T.);
#1197=EDGE_CURVE('',#1487,#1488,#75,.T.);
#1198=EDGE_CURVE('',#1489,#1488,#76,.T.);
#1199=EDGE_CURVE('',#1489,#1490,#77,.T.);
#1200=EDGE_CURVE('',#1490,#1491,#78,.T.);
#1201=EDGE_CURVE('',#1492,#1491,#79,.T.);
#1202=EDGE_CURVE('',#1493,#1492,#80,.T.);
#1203=EDGE_CURVE('',#1494,#1493,#81,.T.);
#1204=EDGE_CURVE('',#1494,#1495,#82,.T.);
#1205=EDGE_CURVE('',#1496,#1495,#83,.T.);
#1206=EDGE_CURVE('',#1497,#1496,#84,.T.);
#1207=EDGE_CURVE('',#1498,#1497,#85,.T.);
#1208=EDGE_CURVE('',#1498,#1499,#86,.T.);
#1209=EDGE_CURVE('',#1500,#1499,#87,.T.);
#1210=EDGE_CURVE('',#1501,#1500,#88,.T.);
#1211=EDGE_CURVE('',#1502,#1501,#89,.T.);
#1212=EDGE_CURVE('',#1502,#1503,#90,.T.);
#1213=EDGE_CURVE('',#1504,#1503,#91,.T.);
#1214=EDGE_CURVE('',#1505,#1504,#92,.T.);
#1215=EDGE_CURVE('',#1506,#1505,#93,.T.);
#1216=EDGE_CURVE('',#1506,#1507,#94,.T.);
#1217=EDGE_CURVE('',#1508,#1507,#95,.T.);
#1218=EDGE_CURVE('',#1509,#1508,#96,.T.);
#1219=EDGE_CURVE('',#1510,#1509,#97,.T.);
#1220=EDGE_CURVE('',#1510,#1511,#98,.T.);
#1221=EDGE_CURVE('',#1512,#1511,#99,.T.);
#1222=EDGE_CURVE('',#1513,#1512,#100,.T.);
#1223=EDGE_CURVE('',#1514,#1513,#101,.T.);
#1224=EDGE_CURVE('',#1514,#1515,#102,.T.);
#1225=EDGE_CURVE('',#1516,#1515,#103,.T.);
#1226=EDGE_CURVE('',#1517,#1516,#104,.T.);
#1227=EDGE_CURVE('',#1455,#1517,#105,.T.);
#1228=EDGE_CURVE('',#1518,#1519,#106,.T.);
#1229=EDGE_CURVE('',#1518,#1520,#107,.T.);
#1230=EDGE_CURVE('',#1520,#1521,#108,.T.);
#1231=EDGE_CURVE('',#1519,#1521,#109,.T.);
#1232=EDGE_CURVE('',#1522,#1523,#110,.T.);
#1233=EDGE_CURVE('',#1522,#1524,#111,.T.);
#1234=EDGE_CURVE('',#1524,#1525,#112,.T.);
#1235=EDGE_CURVE('',#1523,#1525,#113,.T.);
#1236=EDGE_CURVE('',#1526,#1527,#114,.T.);
#1237=EDGE_CURVE('',#1526,#1528,#115,.T.);
#1238=EDGE_CURVE('',#1528,#1529,#116,.T.);
#1239=EDGE_CURVE('',#1527,#1529,#117,.T.);
#1240=EDGE_CURVE('',#1530,#1531,#118,.T.);
#1241=EDGE_CURVE('',#1530,#1532,#119,.T.);
#1242=EDGE_CURVE('',#1532,#1533,#120,.T.);
#1243=EDGE_CURVE('',#1531,#1533,#121,.T.);
#1244=EDGE_CURVE('',#1534,#1535,#122,.T.);
#1245=EDGE_CURVE('',#1534,#1536,#123,.T.);
#1246=EDGE_CURVE('',#1536,#1537,#124,.T.);
#1247=EDGE_CURVE('',#1535,#1537,#125,.T.);
#1248=EDGE_CURVE('',#1538,#1539,#126,.T.);
#1249=EDGE_CURVE('',#1538,#1540,#127,.T.);
#1250=EDGE_CURVE('',#1540,#1541,#128,.T.);
#1251=EDGE_CURVE('',#1539,#1541,#129,.T.);
#1252=EDGE_CURVE('',#1542,#1463,#130,.T.);
#1253=EDGE_CURVE('',#1542,#1543,#131,.T.);
#1254=EDGE_CURVE('',#1543,#1517,#132,.T.);
#1255=EDGE_CURVE('',#1544,#1516,#133,.T.);
#1256=EDGE_CURVE('',#1545,#1544,#134,.T.);
#1257=EDGE_CURVE('',#1545,#1465,#135,.T.);
#1258=EDGE_CURVE('',#1546,#1464,#136,.T.);
#1259=EDGE_CURVE('',#1546,#1547,#137,.T.);
#1260=EDGE_CURVE('',#1547,#1462,#138,.T.);
#1261=EDGE_CURVE('',#1548,#1518,#139,.T.);
#1262=EDGE_CURVE('',#1549,#1548,#140,.T.);
#1263=EDGE_CURVE('',#1549,#1467,#141,.T.);
#1264=EDGE_CURVE('',#1550,#1466,#142,.T.);
#1265=EDGE_CURVE('',#1550,#1551,#143,.T.);
#1266=EDGE_CURVE('',#1551,#1515,#144,.T.);
#1267=EDGE_CURVE('',#1552,#1514,#145,.T.);
#1268=EDGE_CURVE('',#1553,#1552,#146,.T.);
#1269=EDGE_CURVE('',#1553,#1520,#147,.T.);
#1270=EDGE_CURVE('',#1554,#1554,#1654,.T.);
#1271=EDGE_CURVE('',#1545,#1550,#148,.T.);
#1272=EDGE_CURVE('',#1555,#1555,#1655,.T.);
#1273=EDGE_CURVE('',#1544,#1551,#149,.T.);
#1274=EDGE_CURVE('',#1556,#1521,#150,.T.);
#1275=EDGE_CURVE('',#1556,#1557,#151,.T.);
#1276=EDGE_CURVE('',#1557,#1513,#152,.T.);
#1277=EDGE_CURVE('',#1558,#1512,#153,.T.);
#1278=EDGE_CURVE('',#1559,#1558,#154,.T.);
#1279=EDGE_CURVE('',#1559,#1469,#155,.T.);
#1280=EDGE_CURVE('',#1560,#1468,#156,.T.);
#1281=EDGE_CURVE('',#1560,#1561,#157,.T.);
#1282=EDGE_CURVE('',#1561,#1519,#158,.T.);
#1283=EDGE_CURVE('',#1562,#1562,#1656,.T.);
#1284=EDGE_CURVE('',#1563,#1511,#159,.T.);
#1285=EDGE_CURVE('',#1558,#1563,#160,.T.);
#1286=EDGE_CURVE('',#1564,#1522,#161,.T.);
#1287=EDGE_CURVE('',#1565,#1564,#162,.T.);
#1288=EDGE_CURVE('',#1565,#1471,#163,.T.);
#1289=EDGE_CURVE('',#1566,#1470,#164,.T.);
#1290=EDGE_CURVE('',#1566,#1563,#165,.T.);
#1291=EDGE_CURVE('',#1567,#1510,#166,.T.);
#1292=EDGE_CURVE('',#1568,#1567,#167,.T.);
#1293=EDGE_CURVE('',#1568,#1524,#168,.T.);
#1294=EDGE_CURVE('',#1569,#1569,#1657,.T.);
#1295=EDGE_CURVE('',#1559,#1566,#169,.T.);
#1296=EDGE_CURVE('',#1570,#1525,#170,.T.);
#1297=EDGE_CURVE('',#1570,#1571,#171,.T.);
#1298=EDGE_CURVE('',#1571,#1509,#172,.T.);
#1299=EDGE_CURVE('',#1572,#1508,#173,.T.);
#1300=EDGE_CURVE('',#1573,#1572,#174,.T.);
#1301=EDGE_CURVE('',#1573,#1473,#175,.T.);
#1302=EDGE_CURVE('',#1574,#1472,#176,.T.);
#1303=EDGE_CURVE('',#1574,#1575,#177,.T.);
#1304=EDGE_CURVE('',#1575,#1523,#178,.T.);
#1305=EDGE_CURVE('',#1576,#1526,#179,.T.);
#1306=EDGE_CURVE('',#1577,#1576,#180,.T.);
#1307=EDGE_CURVE('',#1577,#1475,#181,.T.);
#1308=EDGE_CURVE('',#1578,#1474,#182,.T.);
#1309=EDGE_CURVE('',#1578,#1579,#183,.T.);
#1310=EDGE_CURVE('',#1579,#1507,#184,.T.);
#1311=EDGE_CURVE('',#1580,#1506,#185,.T.);
#1312=EDGE_CURVE('',#1581,#1580,#186,.T.);
#1313=EDGE_CURVE('',#1581,#1528,#187,.T.);
#1314=EDGE_CURVE('',#1582,#1582,#1658,.T.);
#1315=EDGE_CURVE('',#1573,#1578,#188,.T.);
#1316=EDGE_CURVE('',#1583,#1583,#1659,.T.);
#1317=EDGE_CURVE('',#1572,#1579,#189,.T.);
#1318=EDGE_CURVE('',#1584,#1529,#190,.T.);
#1319=EDGE_CURVE('',#1584,#1585,#191,.T.);
#1320=EDGE_CURVE('',#1585,#1505,#192,.T.);
#1321=EDGE_CURVE('',#1586,#1504,#193,.T.);
#1322=EDGE_CURVE('',#1587,#1586,#194,.T.);
#1323=EDGE_CURVE('',#1587,#1477,#195,.T.);
#1324=EDGE_CURVE('',#1588,#1476,#196,.T.);
#1325=EDGE_CURVE('',#1588,#1589,#197,.T.);
#1326=EDGE_CURVE('',#1589,#1527,#198,.T.);
#1327=EDGE_CURVE('',#1590,#1590,#1660,.T.);
#1328=EDGE_CURVE('',#1587,#1591,#199,.T.);
#1329=EDGE_CURVE('',#1591,#1478,#200,.T.);
#1330=EDGE_CURVE('',#1592,#1592,#1661,.T.);
#1331=EDGE_CURVE('',#1593,#1503,#201,.T.);
#1332=EDGE_CURVE('',#1586,#1593,#202,.T.);
#1333=EDGE_CURVE('',#1594,#1530,#203,.T.);
#1334=EDGE_CURVE('',#1595,#1594,#204,.T.);
#1335=EDGE_CURVE('',#1595,#1479,#205,.T.);
#1336=EDGE_CURVE('',#1591,#1593,#206,.T.);
#1337=EDGE_CURVE('',#1596,#1502,#207,.T.);
#1338=EDGE_CURVE('',#1597,#1596,#208,.T.);
#1339=EDGE_CURVE('',#1597,#1532,#209,.T.);
#1340=EDGE_CURVE('',#1598,#1533,#210,.T.);
#1341=EDGE_CURVE('',#1598,#1599,#211,.T.);
#1342=EDGE_CURVE('',#1599,#1501,#212,.T.);
#1343=EDGE_CURVE('',#1600,#1500,#213,.T.);
#1344=EDGE_CURVE('',#1601,#1600,#214,.T.);
#1345=EDGE_CURVE('',#1601,#1481,#215,.T.);
#1346=EDGE_CURVE('',#1602,#1480,#216,.T.);
#1347=EDGE_CURVE('',#1602,#1603,#217,.T.);
#1348=EDGE_CURVE('',#1603,#1531,#218,.T.);
#1349=EDGE_CURVE('',#1604,#1534,#219,.T.);
#1350=EDGE_CURVE('',#1605,#1604,#220,.T.);
#1351=EDGE_CURVE('',#1605,#1483,#221,.T.);
#1352=EDGE_CURVE('',#1606,#1482,#222,.T.);
#1353=EDGE_CURVE('',#1606,#1607,#223,.T.);
#1354=EDGE_CURVE('',#1607,#1499,#224,.T.);
#1355=EDGE_CURVE('',#1608,#1498,#225,.T.);
#1356=EDGE_CURVE('',#1609,#1608,#226,.T.);
#1357=EDGE_CURVE('',#1609,#1536,#227,.T.);
#1358=EDGE_CURVE('',#1610,#1610,#1662,.T.);
#1359=EDGE_CURVE('',#1601,#1606,#228,.T.);
#1360=EDGE_CURVE('',#1611,#1611,#1663,.T.);
#1361=EDGE_CURVE('',#1600,#1607,#229,.T.);
#1362=EDGE_CURVE('',#1612,#1537,#230,.T.);
#1363=EDGE_CURVE('',#1612,#1613,#231,.T.);
#1364=EDGE_CURVE('',#1613,#1497,#232,.T.);
#1365=EDGE_CURVE('',#1614,#1496,#233,.T.);
#1366=EDGE_CURVE('',#1615,#1614,#234,.T.);
#1367=EDGE_CURVE('',#1615,#1485,#235,.T.);
#1368=EDGE_CURVE('',#1616,#1484,#236,.T.);
#1369=EDGE_CURVE('',#1616,#1617,#237,.T.);
#1370=EDGE_CURVE('',#1617,#1535,#238,.T.);
#1371=EDGE_CURVE('',#1618,#1538,#239,.T.);
#1372=EDGE_CURVE('',#1619,#1618,#240,.T.);
#1373=EDGE_CURVE('',#1619,#1487,#241,.T.);
#1374=EDGE_CURVE('',#1620,#1486,#242,.T.);
#1375=EDGE_CURVE('',#1620,#1621,#243,.T.);
#1376=EDGE_CURVE('',#1621,#1495,#244,.T.);
#1377=EDGE_CURVE('',#1622,#1494,#245,.T.);
#1378=EDGE_CURVE('',#1623,#1622,#246,.T.);
#1379=EDGE_CURVE('',#1623,#1540,#247,.T.);
#1380=EDGE_CURVE('',#1624,#1624,#1664,.T.);
#1381=EDGE_CURVE('',#1615,#1620,#248,.T.);
#1382=EDGE_CURVE('',#1625,#1625,#1665,.T.);
#1383=EDGE_CURVE('',#1614,#1621,#249,.T.);
#1384=EDGE_CURVE('',#1626,#1541,#250,.T.);
#1385=EDGE_CURVE('',#1626,#1627,#251,.T.);
#1386=EDGE_CURVE('',#1627,#1493,#252,.T.);
#1387=EDGE_CURVE('',#1628,#1492,#253,.T.);
#1388=EDGE_CURVE('',#1629,#1628,#254,.T.);
#1389=EDGE_CURVE('',#1629,#1489,#255,.T.);
#1390=EDGE_CURVE('',#1630,#1488,#256,.T.);
#1391=EDGE_CURVE('',#1630,#1631,#257,.T.);
#1392=EDGE_CURVE('',#1631,#1539,#258,.T.);
#1393=EDGE_CURVE('',#1632,#1490,#259,.T.);
#1394=EDGE_CURVE('',#1632,#1633,#260,.T.);
#1395=EDGE_CURVE('',#1633,#1491,#261,.T.);
#1396=EDGE_CURVE('',#1634,#1634,#1666,.T.);
#1397=EDGE_CURVE('',#1629,#1632,#262,.T.);
#1398=EDGE_CURVE('',#1635,#1635,#1667,.T.);
#1399=EDGE_CURVE('',#1628,#1633,#263,.T.);
#1400=EDGE_CURVE('',#1619,#1630,#264,.T.);
#1401=EDGE_CURVE('',#1618,#1631,#265,.T.);
#1402=EDGE_CURVE('',#1623,#1626,#266,.T.);
#1403=EDGE_CURVE('',#1622,#1627,#267,.T.);
#1404=EDGE_CURVE('',#1605,#1616,#268,.T.);
#1405=EDGE_CURVE('',#1604,#1617,#269,.T.);
#1406=EDGE_CURVE('',#1609,#1612,#270,.T.);
#1407=EDGE_CURVE('',#1608,#1613,#271,.T.);
#1408=EDGE_CURVE('',#1595,#1602,#272,.T.);
#1409=EDGE_CURVE('',#1594,#1603,#273,.T.);
#1410=EDGE_CURVE('',#1597,#1598,#274,.T.);
#1411=EDGE_CURVE('',#1596,#1599,#275,.T.);
#1412=EDGE_CURVE('',#1577,#1588,#276,.T.);
#1413=EDGE_CURVE('',#1576,#1589,#277,.T.);
#1414=EDGE_CURVE('',#1580,#1585,#278,.T.);
#1415=EDGE_CURVE('',#1581,#1584,#279,.T.);
#1416=EDGE_CURVE('',#1564,#1575,#280,.T.);
#1417=EDGE_CURVE('',#1565,#1574,#281,.T.);
#1418=EDGE_CURVE('',#1568,#1570,#282,.T.);
#1419=EDGE_CURVE('',#1567,#1571,#283,.T.);
#1420=EDGE_CURVE('',#1548,#1561,#284,.T.);
#1421=EDGE_CURVE('',#1549,#1560,#285,.T.);
#1422=EDGE_CURVE('',#1553,#1556,#286,.T.);
#1423=EDGE_CURVE('',#1552,#1557,#287,.T.);
#1424=EDGE_CURVE('',#1451,#1546,#288,.T.);
#1425=EDGE_CURVE('',#1449,#1547,#289,.T.);
#1426=EDGE_CURVE('',#1457,#1542,#290,.T.);
#1427=EDGE_CURVE('',#1456,#1543,#291,.T.);
#1428=EDGE_CURVE('',#1636,#1636,#1668,.T.);
#1429=EDGE_CURVE('',#1637,#1637,#1669,.T.);
#1430=EDGE_CURVE('',#1638,#1638,#1670,.T.);
#1431=EDGE_CURVE('',#1639,#1639,#1671,.T.);
#1432=EDGE_CURVE('',#1640,#1640,#1672,.T.);
#1433=EDGE_CURVE('',#1641,#1641,#1673,.T.);
#1434=EDGE_CURVE('',#1642,#1642,#1674,.T.);
#1435=EDGE_CURVE('',#1643,#1643,#1675,.T.);
#1436=EDGE_CURVE('',#1644,#1644,#1676,.T.);
#1437=EDGE_CURVE('',#1645,#1645,#1677,.T.);
#1438=EDGE_CURVE('',#1646,#1646,#1678,.T.);
#1439=EDGE_CURVE('',#1647,#1647,#1679,.T.);
#1440=EDGE_CURVE('',#1648,#1648,#1680,.T.);
#1441=EDGE_CURVE('',#1649,#1649,#1681,.T.);
#1442=EDGE_CURVE('',#1650,#1650,#1682,.T.);
#1443=EDGE_CURVE('',#1651,#1651,#1683,.T.);
#1444=VERTEX_POINT('',#2929);
#1445=VERTEX_POINT('',#2931);
#1446=VERTEX_POINT('',#2932);
#1447=VERTEX_POINT('',#2934);
#1448=VERTEX_POINT('',#2936);
#1449=VERTEX_POINT('',#2940);
#1450=VERTEX_POINT('',#2941);
#1451=VERTEX_POINT('',#2943);
#1452=VERTEX_POINT('',#2945);
#1453=VERTEX_POINT('',#2947);
#1454=VERTEX_POINT('',#2949);
#1455=VERTEX_POINT('',#2952);
#1456=VERTEX_POINT('',#2954);
#1457=VERTEX_POINT('',#2956);
#1458=VERTEX_POINT('',#2958);
#1459=VERTEX_POINT('',#2962);
#1460=VERTEX_POINT('',#2964);
#1461=VERTEX_POINT('',#2966);
#1462=VERTEX_POINT('',#2974);
#1463=VERTEX_POINT('',#2976);
#1464=VERTEX_POINT('',#2979);
#1465=VERTEX_POINT('',#2981);
#1466=VERTEX_POINT('',#2983);
#1467=VERTEX_POINT('',#2985);
#1468=VERTEX_POINT('',#2987);
#1469=VERTEX_POINT('',#2989);
#1470=VERTEX_POINT('',#2991);
#1471=VERTEX_POINT('',#2993);
#1472=VERTEX_POINT('',#2995);
#1473=VERTEX_POINT('',#2997);
#1474=VERTEX_POINT('',#2999);
#1475=VERTEX_POINT('',#3001);
#1476=VERTEX_POINT('',#3003);
#1477=VERTEX_POINT('',#3005);
#1478=VERTEX_POINT('',#3007);
#1479=VERTEX_POINT('',#3009);
#1480=VERTEX_POINT('',#3011);
#1481=VERTEX_POINT('',#3013);
#1482=VERTEX_POINT('',#3015);
#1483=VERTEX_POINT('',#3017);
#1484=VERTEX_POINT('',#3019);
#1485=VERTEX_POINT('',#3021);
#1486=VERTEX_POINT('',#3023);
#1487=VERTEX_POINT('',#3025);
#1488=VERTEX_POINT('',#3027);
#1489=VERTEX_POINT('',#3029);
#1490=VERTEX_POINT('',#3031);
#1491=VERTEX_POINT('',#3033);
#1492=VERTEX_POINT('',#3035);
#1493=VERTEX_POINT('',#3037);
#1494=VERTEX_POINT('',#3039);
#1495=VERTEX_POINT('',#3041);
#1496=VERTEX_POINT('',#3043);
#1497=VERTEX_POINT('',#3045);
#1498=VERTEX_POINT('',#3047);
#1499=VERTEX_POINT('',#3049);
#1500=VERTEX_POINT('',#3051);
#1501=VERTEX_POINT('',#3053);
#1502=VERTEX_POINT('',#3055);
#1503=VERTEX_POINT('',#3057);
#1504=VERTEX_POINT('',#3059);
#1505=VERTEX_POINT('',#3061);
#1506=VERTEX_POINT('',#3063);
#1507=VERTEX_POINT('',#3065);
#1508=VERTEX_POINT('',#3067);
#1509=VERTEX_POINT('',#3069);
#1510=VERTEX_POINT('',#3071);
#1511=VERTEX_POINT('',#3073);
#1512=VERTEX_POINT('',#3075);
#1513=VERTEX_POINT('',#3077);
#1514=VERTEX_POINT('',#3079);
#1515=VERTEX_POINT('',#3081);
#1516=VERTEX_POINT('',#3083);
#1517=VERTEX_POINT('',#3085);
#1518=VERTEX_POINT('',#3088);
#1519=VERTEX_POINT('',#3089);
#1520=VERTEX_POINT('',#3091);
#1521=VERTEX_POINT('',#3093);
#1522=VERTEX_POINT('',#3096);
#1523=VERTEX_POINT('',#3097);
#1524=VERTEX_POINT('',#3099);
#1525=VERTEX_POINT('',#3101);
#1526=VERTEX_POINT('',#3104);
#1527=VERTEX_POINT('',#3105);
#1528=VERTEX_POINT('',#3107);
#1529=VERTEX_POINT('',#3109);
#1530=VERTEX_POINT('',#3112);
#1531=VERTEX_POINT('',#3113);
#1532=VERTEX_POINT('',#3115);
#1533=VERTEX_POINT('',#3117);
#1534=VERTEX_POINT('',#3120);
#1535=VERTEX_POINT('',#3121);
#1536=VERTEX_POINT('',#3123);
#1537=VERTEX_POINT('',#3125);
#1538=VERTEX_POINT('',#3128);
#1539=VERTEX_POINT('',#3129);
#1540=VERTEX_POINT('',#3131);
#1541=VERTEX_POINT('',#3133);
#1542=VERTEX_POINT('',#3137);
#1543=VERTEX_POINT('',#3139);
#1544=VERTEX_POINT('',#3142);
#1545=VERTEX_POINT('',#3144);
#1546=VERTEX_POINT('',#3147);
#1547=VERTEX_POINT('',#3149);
#1548=VERTEX_POINT('',#3153);
#1549=VERTEX_POINT('',#3155);
#1550=VERTEX_POINT('',#3158);
#1551=VERTEX_POINT('',#3160);
#1552=VERTEX_POINT('',#3163);
#1553=VERTEX_POINT('',#3165);
#1554=VERTEX_POINT('',#3169);
#1555=VERTEX_POINT('',#3173);
#1556=VERTEX_POINT('',#3178);
#1557=VERTEX_POINT('',#3180);
#1558=VERTEX_POINT('',#3183);
#1559=VERTEX_POINT('',#3185);
#1560=VERTEX_POINT('',#3188);
#1561=VERTEX_POINT('',#3190);
#1562=VERTEX_POINT('',#3194);
#1563=VERTEX_POINT('',#3196);
#1564=VERTEX_POINT('',#3200);
#1565=VERTEX_POINT('',#3202);
#1566=VERTEX_POINT('',#3205);
#1567=VERTEX_POINT('',#3208);
#1568=VERTEX_POINT('',#3210);
#1569=VERTEX_POINT('',#3214);
#1570=VERTEX_POINT('',#3219);
#1571=VERTEX_POINT('',#3221);
#1572=VERTEX_POINT('',#3224);
#1573=VERTEX_POINT('',#3226);
#1574=VERTEX_POINT('',#3229);
#1575=VERTEX_POINT('',#3231);
#1576=VERTEX_POINT('',#3235);
#1577=VERTEX_POINT('',#3237);
#1578=VERTEX_POINT('',#3240);
#1579=VERTEX_POINT('',#3242);
#1580=VERTEX_POINT('',#3245);
#1581=VERTEX_POINT('',#3247);
#1582=VERTEX_POINT('',#3251);
#1583=VERTEX_POINT('',#3255);
#1584=VERTEX_POINT('',#3260);
#1585=VERTEX_POINT('',#3262);
#1586=VERTEX_POINT('',#3265);
#1587=VERTEX_POINT('',#3267);
#1588=VERTEX_POINT('',#3270);
#1589=VERTEX_POINT('',#3272);
#1590=VERTEX_POINT('',#3276);
#1591=VERTEX_POINT('',#3278);
#1592=VERTEX_POINT('',#3282);
#1593=VERTEX_POINT('',#3284);
#1594=VERTEX_POINT('',#3288);
#1595=VERTEX_POINT('',#3290);
#1596=VERTEX_POINT('',#3294);
#1597=VERTEX_POINT('',#3296);
#1598=VERTEX_POINT('',#3301);
#1599=VERTEX_POINT('',#3303);
#1600=VERTEX_POINT('',#3306);
#1601=VERTEX_POINT('',#3308);
#1602=VERTEX_POINT('',#3311);
#1603=VERTEX_POINT('',#3313);
#1604=VERTEX_POINT('',#3317);
#1605=VERTEX_POINT('',#3319);
#1606=VERTEX_POINT('',#3322);
#1607=VERTEX_POINT('',#3324);
#1608=VERTEX_POINT('',#3327);
#1609=VERTEX_POINT('',#3329);
#1610=VERTEX_POINT('',#3333);
#1611=VERTEX_POINT('',#3337);
#1612=VERTEX_POINT('',#3342);
#1613=VERTEX_POINT('',#3344);
#1614=VERTEX_POINT('',#3347);
#1615=VERTEX_POINT('',#3349);
#1616=VERTEX_POINT('',#3352);
#1617=VERTEX_POINT('',#3354);
#1618=VERTEX_POINT('',#3358);
#1619=VERTEX_POINT('',#3360);
#1620=VERTEX_POINT('',#3363);
#1621=VERTEX_POINT('',#3365);
#1622=VERTEX_POINT('',#3368);
#1623=VERTEX_POINT('',#3370);
#1624=VERTEX_POINT('',#3374);
#1625=VERTEX_POINT('',#3378);
#1626=VERTEX_POINT('',#3383);
#1627=VERTEX_POINT('',#3385);
#1628=VERTEX_POINT('',#3388);
#1629=VERTEX_POINT('',#3390);
#1630=VERTEX_POINT('',#3393);
#1631=VERTEX_POINT('',#3395);
#1632=VERTEX_POINT('',#3399);
#1633=VERTEX_POINT('',#3401);
#1634=VERTEX_POINT('',#3405);
#1635=VERTEX_POINT('',#3409);
#1636=VERTEX_POINT('',#3484);
#1637=VERTEX_POINT('',#3488);
#1638=VERTEX_POINT('',#3492);
#1639=VERTEX_POINT('',#3496);
#1640=VERTEX_POINT('',#3500);
#1641=VERTEX_POINT('',#3504);
#1642=VERTEX_POINT('',#3508);
#1643=VERTEX_POINT('',#3512);
#1644=VERTEX_POINT('',#3516);
#1645=VERTEX_POINT('',#3520);
#1646=VERTEX_POINT('',#3524);
#1647=VERTEX_POINT('',#3528);
#1648=VERTEX_POINT('',#3532);
#1649=VERTEX_POINT('',#3536);
#1650=VERTEX_POINT('',#3540);
#1651=VERTEX_POINT('',#3544);
#1652=CIRCLE('',#2220,0.001);
#1653=CIRCLE('',#2223,0.001);
#1654=CIRCLE('',#2230,0.001);
#1655=CIRCLE('',#2232,0.001);
#1656=CIRCLE('',#2236,0.001);
#1657=CIRCLE('',#2239,0.001);
#1658=CIRCLE('',#2244,0.001);
#1659=CIRCLE('',#2246,0.001);
#1660=CIRCLE('',#2250,0.001);
#1661=CIRCLE('',#2252,0.001);
#1662=CIRCLE('',#2258,0.001);
#1663=CIRCLE('',#2260,0.001);
#1664=CIRCLE('',#2265,0.001);
#1665=CIRCLE('',#2267,0.001);
#1666=CIRCLE('',#2272,0.001);
#1667=CIRCLE('',#2274,0.001);
#1668=CIRCLE('',#2319,0.001);
#1669=CIRCLE('',#2322,0.001);
#1670=CIRCLE('',#2325,0.001);
#1671=CIRCLE('',#2328,0.001);
#1672=CIRCLE('',#2331,0.001);
#1673=CIRCLE('',#2334,0.001);
#1674=CIRCLE('',#2337,0.001);
#1675=CIRCLE('',#2340,0.001);
#1676=CIRCLE('',#2343,0.001);
#1677=CIRCLE('',#2346,0.001);
#1678=CIRCLE('',#2349,0.001);
#1679=CIRCLE('',#2352,0.001);
#1680=CIRCLE('',#2355,0.001);
#1681=CIRCLE('',#2358,0.001);
#1682=CIRCLE('',#2361,0.001);
#1683=CIRCLE('',#2364,0.001);
#1684=EDGE_LOOP('',(#556));
#1685=EDGE_LOOP('',(#557,#558,#559,#560));
#1686=EDGE_LOOP('',(#561,#562,#563,#564,#565,#566,#567,#568,#569,#570,#571,
#572));
#1687=EDGE_LOOP('',(#573));
#1688=EDGE_LOOP('',(#574,#575,#576,#577));
#1689=EDGE_LOOP('',(#578,#579,#580,#581));
#1690=EDGE_LOOP('',(#582,#583,#584,#585));
#1691=EDGE_LOOP('',(#586,#587,#588,#589));
#1692=EDGE_LOOP('',(#590,#591,#592,#593,#594,#595,#596,#597,#598,#599,#600,
#601,#602,#603,#604,#605,#606,#607,#608,#609,#610,#611,#612,#613,#614,#615,
#616,#617,#618,#619,#620,#621,#622,#623,#624,#625,#626,#627,#628,#629,#630,
#631,#632,#633,#634,#635,#636,#637,#638,#639,#640,#641,#642,#643,#644,#645,
#646,#647,#648,#649));
#1693=EDGE_LOOP('',(#650,#651,#652,#653));
#1694=EDGE_LOOP('',(#654,#655,#656,#657));
#1695=EDGE_LOOP('',(#658,#659,#660,#661));
#1696=EDGE_LOOP('',(#662,#663,#664,#665));
#1697=EDGE_LOOP('',(#666,#667,#668,#669));
#1698=EDGE_LOOP('',(#670,#671,#672,#673));
#1699=EDGE_LOOP('',(#674,#675,#676,#677,#678,#679,#680,#681,#682,#683,#684,
#685));
#1700=EDGE_LOOP('',(#686,#687,#688,#689,#690,#691,#692,#693,#694,#695,#696,
#697));
#1701=EDGE_LOOP('',(#698));
#1702=EDGE_LOOP('',(#699,#700,#701,#702));
#1703=EDGE_LOOP('',(#703));
#1704=EDGE_LOOP('',(#704,#705,#706,#707));
#1705=EDGE_LOOP('',(#708,#709,#710,#711));
#1706=EDGE_LOOP('',(#712,#713,#714,#715,#716,#717,#718,#719,#720,#721,#722,
#723));
#1707=EDGE_LOOP('',(#724));
#1708=EDGE_LOOP('',(#725,#726,#727,#728));
#1709=EDGE_LOOP('',(#729,#730,#731,#732,#733,#734,#735,#736,#737,#738,#739,
#740));
#1710=EDGE_LOOP('',(#741));
#1711=EDGE_LOOP('',(#742,#743,#744,#745));
#1712=EDGE_LOOP('',(#746,#747,#748,#749));
#1713=EDGE_LOOP('',(#750,#751,#752,#753,#754,#755,#756,#757,#758,#759,#760,
#761));
#1714=EDGE_LOOP('',(#762,#763,#764,#765,#766,#767,#768,#769,#770,#771,#772,
#773));
#1715=EDGE_LOOP('',(#774));
#1716=EDGE_LOOP('',(#775,#776,#777,#778));
#1717=EDGE_LOOP('',(#779));
#1718=EDGE_LOOP('',(#780,#781,#782,#783));
#1719=EDGE_LOOP('',(#784,#785,#786,#787));
#1720=EDGE_LOOP('',(#788,#789,#790,#791,#792,#793,#794,#795,#796,#797,#798,
#799));
#1721=EDGE_LOOP('',(#800));
#1722=EDGE_LOOP('',(#801,#802,#803,#804));
#1723=EDGE_LOOP('',(#805));
#1724=EDGE_LOOP('',(#806,#807,#808,#809));
#1725=EDGE_LOOP('',(#810,#811,#812,#813,#814,#815,#816,#817,#818,#819,#820,
#821));
#1726=EDGE_LOOP('',(#822,#823,#824,#825));
#1727=EDGE_LOOP('',(#826,#827,#828,#829,#830,#831,#832,#833,#834,#835,#836,
#837));
#1728=EDGE_LOOP('',(#838,#839,#840,#841,#842,#843,#844,#845,#846,#847,#848,
#849));
#1729=EDGE_LOOP('',(#850));
#1730=EDGE_LOOP('',(#851,#852,#853,#854));
#1731=EDGE_LOOP('',(#855));
#1732=EDGE_LOOP('',(#856,#857,#858,#859));
#1733=EDGE_LOOP('',(#860,#861,#862,#863));
#1734=EDGE_LOOP('',(#864,#865,#866,#867,#868,#869,#870,#871,#872,#873,#874,
#875));
#1735=EDGE_LOOP('',(#876,#877,#878,#879,#880,#881,#882,#883,#884,#885,#886,
#887));
#1736=EDGE_LOOP('',(#888));
#1737=EDGE_LOOP('',(#889,#890,#891,#892));
#1738=EDGE_LOOP('',(#893));
#1739=EDGE_LOOP('',(#894,#895,#896,#897));
#1740=EDGE_LOOP('',(#898,#899,#900,#901));
#1741=EDGE_LOOP('',(#902,#903,#904,#905,#906,#907,#908,#909,#910,#911,#912,
#913));
#1742=EDGE_LOOP('',(#914,#915,#916,#917));
#1743=EDGE_LOOP('',(#918));
#1744=EDGE_LOOP('',(#919,#920,#921,#922));
#1745=EDGE_LOOP('',(#923));
#1746=EDGE_LOOP('',(#924,#925,#926,#927));
#1747=EDGE_LOOP('',(#928,#929,#930,#931));
#1748=EDGE_LOOP('',(#932,#933,#934,#935));
#1749=EDGE_LOOP('',(#936,#937,#938,#939));
#1750=EDGE_LOOP('',(#940,#941,#942,#943));
#1751=EDGE_LOOP('',(#944,#945,#946,#947));
#1752=EDGE_LOOP('',(#948,#949,#950,#951));
#1753=EDGE_LOOP('',(#952,#953,#954,#955));
#1754=EDGE_LOOP('',(#956,#957,#958,#959));
#1755=EDGE_LOOP('',(#960,#961,#962,#963));
#1756=EDGE_LOOP('',(#964,#965,#966,#967));
#1757=EDGE_LOOP('',(#968,#969,#970,#971));
#1758=EDGE_LOOP('',(#972,#973,#974,#975));
#1759=EDGE_LOOP('',(#976,#977,#978,#979));
#1760=EDGE_LOOP('',(#980,#981,#982,#983));
#1761=EDGE_LOOP('',(#984,#985,#986,#987));
#1762=EDGE_LOOP('',(#988,#989,#990,#991));
#1763=EDGE_LOOP('',(#992,#993,#994,#995));
#1764=EDGE_LOOP('',(#996,#997,#998,#999));
#1765=EDGE_LOOP('',(#1000,#1001,#1002,#1003));
#1766=EDGE_LOOP('',(#1004,#1005,#1006,#1007));
#1767=EDGE_LOOP('',(#1008,#1009,#1010,#1011));
#1768=EDGE_LOOP('',(#1012,#1013,#1014,#1015));
#1769=EDGE_LOOP('',(#1016,#1017,#1018,#1019));
#1770=EDGE_LOOP('',(#1020,#1021,#1022,#1023));
#1771=EDGE_LOOP('',(#1024,#1025,#1026,#1027));
#1772=EDGE_LOOP('',(#1028,#1029,#1030,#1031));
#1773=EDGE_LOOP('',(#1032,#1033,#1034,#1035));
#1774=EDGE_LOOP('',(#1036,#1037,#1038,#1039));
#1775=EDGE_LOOP('',(#1040,#1041,#1042,#1043));
#1776=EDGE_LOOP('',(#1044,#1045,#1046,#1047));
#1777=EDGE_LOOP('',(#1048,#1049,#1050,#1051));
#1778=EDGE_LOOP('',(#1052,#1053,#1054,#1055));
#1779=EDGE_LOOP('',(#1056,#1057,#1058,#1059));
#1780=EDGE_LOOP('',(#1060,#1061,#1062,#1063));
#1781=EDGE_LOOP('',(#1064,#1065,#1066,#1067));
#1782=EDGE_LOOP('',(#1068,#1069,#1070,#1071));
#1783=EDGE_LOOP('',(#1072,#1073,#1074,#1075));
#1784=EDGE_LOOP('',(#1076,#1077,#1078,#1079));
#1785=EDGE_LOOP('',(#1080,#1081,#1082,#1083));
#1786=EDGE_LOOP('',(#1084,#1085,#1086,#1087));
#1787=EDGE_LOOP('',(#1088,#1089,#1090,#1091));
#1788=EDGE_LOOP('',(#1092,#1093,#1094,#1095));
#1789=EDGE_LOOP('',(#1096,#1097,#1098,#1099));
#1790=EDGE_LOOP('',(#1100));
#1791=EDGE_LOOP('',(#1101));
#1792=EDGE_LOOP('',(#1102));
#1793=EDGE_LOOP('',(#1103));
#1794=EDGE_LOOP('',(#1104));
#1795=EDGE_LOOP('',(#1105));
#1796=EDGE_LOOP('',(#1106));
#1797=EDGE_LOOP('',(#1107));
#1798=EDGE_LOOP('',(#1108));
#1799=EDGE_LOOP('',(#1109));
#1800=EDGE_LOOP('',(#1110));
#1801=EDGE_LOOP('',(#1111));
#1802=EDGE_LOOP('',(#1112));
#1803=EDGE_LOOP('',(#1113));
#1804=EDGE_LOOP('',(#1114));
#1805=EDGE_LOOP('',(#1115));
#1806=EDGE_LOOP('',(#1116));
#1807=EDGE_LOOP('',(#1117));
#1808=EDGE_LOOP('',(#1118));
#1809=EDGE_LOOP('',(#1119));
#1810=EDGE_LOOP('',(#1120));
#1811=EDGE_LOOP('',(#1121));
#1812=EDGE_LOOP('',(#1122));
#1813=EDGE_LOOP('',(#1123));
#1814=EDGE_LOOP('',(#1124));
#1815=EDGE_LOOP('',(#1125));
#1816=EDGE_LOOP('',(#1126));
#1817=EDGE_LOOP('',(#1127));
#1818=EDGE_LOOP('',(#1128));
#1819=EDGE_LOOP('',(#1129));
#1820=EDGE_LOOP('',(#1130));
#1821=EDGE_LOOP('',(#1131));
#1822=EDGE_LOOP('',(#1132));
#1823=EDGE_LOOP('',(#1133));
#1824=EDGE_LOOP('',(#1134));
#1825=EDGE_LOOP('',(#1135));
#1826=EDGE_LOOP('',(#1136));
#1827=EDGE_LOOP('',(#1137));
#1828=EDGE_LOOP('',(#1138));
#1829=EDGE_LOOP('',(#1139));
#1830=EDGE_LOOP('',(#1140));
#1831=EDGE_LOOP('',(#1141));
#1832=EDGE_LOOP('',(#1142));
#1833=EDGE_LOOP('',(#1143));
#1834=EDGE_LOOP('',(#1144));
#1835=EDGE_LOOP('',(#1145));
#1836=EDGE_LOOP('',(#1146));
#1837=EDGE_LOOP('',(#1147));
#1838=FACE_BOUND('',#1684,.T.);
#1839=FACE_BOUND('',#1685,.T.);
#1840=FACE_BOUND('',#1686,.T.);
#1841=FACE_BOUND('',#1687,.T.);
#1842=FACE_BOUND('',#1688,.T.);
#1843=FACE_BOUND('',#1689,.T.);
#1844=FACE_BOUND('',#1690,.T.);
#1845=FACE_BOUND('',#1691,.T.);
#1846=FACE_BOUND('',#1692,.T.);
#1847=FACE_BOUND('',#1693,.T.);
#1848=FACE_BOUND('',#1694,.T.);
#1849=FACE_BOUND('',#1695,.T.);
#1850=FACE_BOUND('',#1696,.T.);
#1851=FACE_BOUND('',#1697,.T.);
#1852=FACE_BOUND('',#1698,.T.);
#1853=FACE_BOUND('',#1699,.T.);
#1854=FACE_BOUND('',#1700,.T.);
#1855=FACE_BOUND('',#1701,.T.);
#1856=FACE_BOUND('',#1702,.T.);
#1857=FACE_BOUND('',#1703,.T.);
#1858=FACE_BOUND('',#1704,.T.);
#1859=FACE_BOUND('',#1705,.T.);
#1860=FACE_BOUND('',#1706,.T.);
#1861=FACE_BOUND('',#1707,.T.);
#1862=FACE_BOUND('',#1708,.T.);
#1863=FACE_BOUND('',#1709,.T.);
#1864=FACE_BOUND('',#1710,.T.);
#1865=FACE_BOUND('',#1711,.T.);
#1866=FACE_BOUND('',#1712,.T.);
#1867=FACE_BOUND('',#1713,.T.);
#1868=FACE_BOUND('',#1714,.T.);
#1869=FACE_BOUND('',#1715,.T.);
#1870=FACE_BOUND('',#1716,.T.);
#1871=FACE_BOUND('',#1717,.T.);
#1872=FACE_BOUND('',#1718,.T.);
#1873=FACE_BOUND('',#1719,.T.);
#1874=FACE_BOUND('',#1720,.T.);
#1875=FACE_BOUND('',#1721,.T.);
#1876=FACE_BOUND('',#1722,.T.);
#1877=FACE_BOUND('',#1723,.T.);
#1878=FACE_BOUND('',#1724,.T.);
#1879=FACE_BOUND('',#1725,.T.);
#1880=FACE_BOUND('',#1726,.T.);
#1881=FACE_BOUND('',#1727,.T.);
#1882=FACE_BOUND('',#1728,.T.);
#1883=FACE_BOUND('',#1729,.T.);
#1884=FACE_BOUND('',#1730,.T.);
#1885=FACE_BOUND('',#1731,.T.);
#1886=FACE_BOUND('',#1732,.T.);
#1887=FACE_BOUND('',#1733,.T.);
#1888=FACE_BOUND('',#1734,.T.);
#1889=FACE_BOUND('',#1735,.T.);
#1890=FACE_BOUND('',#1736,.T.);
#1891=FACE_BOUND('',#1737,.T.);
#1892=FACE_BOUND('',#1738,.T.);
#1893=FACE_BOUND('',#1739,.T.);
#1894=FACE_BOUND('',#1740,.T.);
#1895=FACE_BOUND('',#1741,.T.);
#1896=FACE_BOUND('',#1742,.T.);
#1897=FACE_BOUND('',#1743,.T.);
#1898=FACE_BOUND('',#1744,.T.);
#1899=FACE_BOUND('',#1745,.T.);
#1900=FACE_BOUND('',#1746,.T.);
#1901=FACE_BOUND('',#1747,.T.);
#1902=FACE_BOUND('',#1748,.T.);
#1903=FACE_BOUND('',#1749,.T.);
#1904=FACE_BOUND('',#1750,.T.);
#1905=FACE_BOUND('',#1751,.T.);
#1906=FACE_BOUND('',#1752,.T.);
#1907=FACE_BOUND('',#1753,.T.);
#1908=FACE_BOUND('',#1754,.T.);
#1909=FACE_BOUND('',#1755,.T.);
#1910=FACE_BOUND('',#1756,.T.);
#1911=FACE_BOUND('',#1757,.T.);
#1912=FACE_BOUND('',#1758,.T.);
#1913=FACE_BOUND('',#1759,.T.);
#1914=FACE_BOUND('',#1760,.T.);
#1915=FACE_BOUND('',#1761,.T.);
#1916=FACE_BOUND('',#1762,.T.);
#1917=FACE_BOUND('',#1763,.T.);
#1918=FACE_BOUND('',#1764,.T.);
#1919=FACE_BOUND('',#1765,.T.);
#1920=FACE_BOUND('',#1766,.T.);
#1921=FACE_BOUND('',#1767,.T.);
#1922=FACE_BOUND('',#1768,.T.);
#1923=FACE_BOUND('',#1769,.T.);
#1924=FACE_BOUND('',#1770,.T.);
#1925=FACE_BOUND('',#1771,.T.);
#1926=FACE_BOUND('',#1772,.T.);
#1927=FACE_BOUND('',#1773,.T.);
#1928=FACE_BOUND('',#1774,.T.);
#1929=FACE_BOUND('',#1775,.T.);
#1930=FACE_BOUND('',#1776,.T.);
#1931=FACE_BOUND('',#1777,.T.);
#1932=FACE_BOUND('',#1778,.T.);
#1933=FACE_BOUND('',#1779,.T.);
#1934=FACE_BOUND('',#1780,.T.);
#1935=FACE_BOUND('',#1781,.T.);
#1936=FACE_BOUND('',#1782,.T.);
#1937=FACE_BOUND('',#1783,.T.);
#1938=FACE_BOUND('',#1784,.T.);
#1939=FACE_BOUND('',#1785,.T.);
#1940=FACE_BOUND('',#1786,.T.);
#1941=FACE_BOUND('',#1787,.T.);
#1942=FACE_BOUND('',#1788,.T.);
#1943=FACE_BOUND('',#1789,.T.);
#1944=FACE_BOUND('',#1790,.T.);
#1945=FACE_BOUND('',#1791,.T.);
#1946=FACE_BOUND('',#1792,.T.);
#1947=FACE_BOUND('',#1793,.T.);
#1948=FACE_BOUND('',#1794,.T.);
#1949=FACE_BOUND('',#1795,.T.);
#1950=FACE_BOUND('',#1796,.T.);
#1951=FACE_BOUND('',#1797,.T.);
#1952=FACE_BOUND('',#1798,.T.);
#1953=FACE_BOUND('',#1799,.T.);
#1954=FACE_BOUND('',#1800,.T.);
#1955=FACE_BOUND('',#1801,.T.);
#1956=FACE_BOUND('',#1802,.T.);
#1957=FACE_BOUND('',#1803,.T.);
#1958=FACE_BOUND('',#1804,.T.);
#1959=FACE_BOUND('',#1805,.T.);
#1960=FACE_BOUND('',#1806,.T.);
#1961=FACE_BOUND('',#1807,.T.);
#1962=FACE_BOUND('',#1808,.T.);
#1963=FACE_BOUND('',#1809,.T.);
#1964=FACE_BOUND('',#1810,.T.);
#1965=FACE_BOUND('',#1811,.T.);
#1966=FACE_BOUND('',#1812,.T.);
#1967=FACE_BOUND('',#1813,.T.);
#1968=FACE_BOUND('',#1814,.T.);
#1969=FACE_BOUND('',#1815,.T.);
#1970=FACE_BOUND('',#1816,.T.);
#1971=FACE_BOUND('',#1817,.T.);
#1972=FACE_BOUND('',#1818,.T.);
#1973=FACE_BOUND('',#1819,.T.);
#1974=FACE_BOUND('',#1820,.T.);
#1975=FACE_BOUND('',#1821,.T.);
#1976=FACE_BOUND('',#1822,.T.);
#1977=FACE_BOUND('',#1823,.T.);
#1978=FACE_BOUND('',#1824,.T.);
#1979=FACE_BOUND('',#1825,.T.);
#1980=FACE_BOUND('',#1826,.T.);
#1981=FACE_BOUND('',#1827,.T.);
#1982=FACE_BOUND('',#1828,.T.);
#1983=FACE_BOUND('',#1829,.T.);
#1984=FACE_BOUND('',#1830,.T.);
#1985=FACE_BOUND('',#1831,.T.);
#1986=FACE_BOUND('',#1832,.T.);
#1987=FACE_BOUND('',#1833,.T.);
#1988=FACE_BOUND('',#1834,.T.);
#1989=FACE_BOUND('',#1835,.T.);
#1990=FACE_BOUND('',#1836,.T.);
#1991=FACE_BOUND('',#1837,.T.);
#1992=PLANE('',#2219);
#1993=PLANE('',#2221);
#1994=PLANE('',#2222);
#1995=PLANE('',#2224);
#1996=PLANE('',#2225);
#1997=PLANE('',#2226);
#1998=PLANE('',#2227);
#1999=PLANE('',#2228);
#2000=PLANE('',#2229);
#2001=PLANE('',#2231);
#2002=PLANE('',#2233);
#2003=PLANE('',#2234);
#2004=PLANE('',#2235);
#2005=PLANE('',#2237);
#2006=PLANE('',#2238);
#2007=PLANE('',#2240);
#2008=PLANE('',#2241);
#2009=PLANE('',#2242);
#2010=PLANE('',#2243);
#2011=PLANE('',#2245);
#2012=PLANE('',#2247);
#2013=PLANE('',#2248);
#2014=PLANE('',#2249);
#2015=PLANE('',#2251);
#2016=PLANE('',#2253);
#2017=PLANE('',#2254);
#2018=PLANE('',#2255);
#2019=PLANE('',#2256);
#2020=PLANE('',#2257);
#2021=PLANE('',#2259);
#2022=PLANE('',#2261);
#2023=PLANE('',#2262);
#2024=PLANE('',#2263);
#2025=PLANE('',#2264);
#2026=PLANE('',#2266);
#2027=PLANE('',#2268);
#2028=PLANE('',#2269);
#2029=PLANE('',#2270);
#2030=PLANE('',#2271);
#2031=PLANE('',#2273);
#2032=PLANE('',#2275);
#2033=PLANE('',#2276);
#2034=PLANE('',#2277);
#2035=PLANE('',#2278);
#2036=PLANE('',#2279);
#2037=PLANE('',#2280);
#2038=PLANE('',#2281);
#2039=PLANE('',#2282);
#2040=PLANE('',#2283);
#2041=PLANE('',#2284);
#2042=PLANE('',#2285);
#2043=PLANE('',#2286);
#2044=PLANE('',#2287);
#2045=PLANE('',#2288);
#2046=PLANE('',#2289);
#2047=PLANE('',#2290);
#2048=PLANE('',#2291);
#2049=PLANE('',#2292);
#2050=PLANE('',#2293);
#2051=PLANE('',#2294);
#2052=PLANE('',#2295);
#2053=PLANE('',#2296);
#2054=PLANE('',#2297);
#2055=PLANE('',#2298);
#2056=PLANE('',#2299);
#2057=PLANE('',#2300);
#2058=PLANE('',#2301);
#2059=PLANE('',#2302);
#2060=PLANE('',#2303);
#2061=PLANE('',#2304);
#2062=PLANE('',#2305);
#2063=PLANE('',#2306);
#2064=PLANE('',#2307);
#2065=PLANE('',#2308);
#2066=PLANE('',#2309);
#2067=PLANE('',#2310);
#2068=PLANE('',#2311);
#2069=PLANE('',#2312);
#2070=PLANE('',#2313);
#2071=PLANE('',#2314);
#2072=PLANE('',#2315);
#2073=PLANE('',#2316);
#2074=PLANE('',#2317);
#2075=PLANE('',#2320);
#2076=PLANE('',#2323);
#2077=PLANE('',#2326);
#2078=PLANE('',#2329);
#2079=PLANE('',#2332);
#2080=PLANE('',#2335);
#2081=PLANE('',#2338);
#2082=PLANE('',#2341);
#2083=PLANE('',#2344);
#2084=PLANE('',#2347);
#2085=PLANE('',#2350);
#2086=PLANE('',#2353);
#2087=PLANE('',#2356);
#2088=PLANE('',#2359);
#2089=PLANE('',#2362);
#2090=PLANE('',#2365);
#2091=ADVANCED_FACE('',(#1838,#1839),#1992,.F.);
#2092=ADVANCED_FACE('',(#1840),#1993,.T.);
#2093=ADVANCED_FACE('',(#1841,#1842),#1994,.T.);
#2094=ADVANCED_FACE('',(#1843),#1995,.F.);
#2095=ADVANCED_FACE('',(#1844),#1996,.T.);
#2096=ADVANCED_FACE('',(#1845,#1846,#1847,#1848,#1849,#1850,#1851,#1852),
#1997,.F.);
#2097=ADVANCED_FACE('',(#1853),#1998,.F.);
#2098=ADVANCED_FACE('',(#1854),#1999,.T.);
#2099=ADVANCED_FACE('',(#1855,#1856),#2000,.T.);
#2100=ADVANCED_FACE('',(#1857,#1858),#2001,.F.);
#2101=ADVANCED_FACE('',(#1859),#2002,.T.);
#2102=ADVANCED_FACE('',(#1860),#2003,.F.);
#2103=ADVANCED_FACE('',(#1861,#1862),#2004,.F.);
#2104=ADVANCED_FACE('',(#1863),#2005,.T.);
#2105=ADVANCED_FACE('',(#1864,#1865),#2006,.T.);
#2106=ADVANCED_FACE('',(#1866),#2007,.T.);
#2107=ADVANCED_FACE('',(#1867),#2008,.F.);
#2108=ADVANCED_FACE('',(#1868),#2009,.T.);
#2109=ADVANCED_FACE('',(#1869,#1870),#2010,.T.);
#2110=ADVANCED_FACE('',(#1871,#1872),#2011,.F.);
#2111=ADVANCED_FACE('',(#1873),#2012,.T.);
#2112=ADVANCED_FACE('',(#1874),#2013,.F.);
#2113=ADVANCED_FACE('',(#1875,#1876),#2014,.T.);
#2114=ADVANCED_FACE('',(#1877,#1878),#2015,.F.);
#2115=ADVANCED_FACE('',(#1879),#2016,.T.);
#2116=ADVANCED_FACE('',(#1880),#2017,.T.);
#2117=ADVANCED_FACE('',(#1881),#2018,.F.);
#2118=ADVANCED_FACE('',(#1882),#2019,.T.);
#2119=ADVANCED_FACE('',(#1883,#1884),#2020,.T.);
#2120=ADVANCED_FACE('',(#1885,#1886),#2021,.F.);
#2121=ADVANCED_FACE('',(#1887),#2022,.T.);
#2122=ADVANCED_FACE('',(#1888),#2023,.F.);
#2123=ADVANCED_FACE('',(#1889),#2024,.T.);
#2124=ADVANCED_FACE('',(#1890,#1891),#2025,.T.);
#2125=ADVANCED_FACE('',(#1892,#1893),#2026,.F.);
#2126=ADVANCED_FACE('',(#1894),#2027,.T.);
#2127=ADVANCED_FACE('',(#1895),#2028,.F.);
#2128=ADVANCED_FACE('',(#1896),#2029,.T.);
#2129=ADVANCED_FACE('',(#1897,#1898),#2030,.T.);
#2130=ADVANCED_FACE('',(#1899,#1900),#2031,.F.);
#2131=ADVANCED_FACE('',(#1901),#2032,.T.);
#2132=ADVANCED_FACE('',(#1902),#2033,.T.);
#2133=ADVANCED_FACE('',(#1903),#2034,.F.);
#2134=ADVANCED_FACE('',(#1904),#2035,.T.);
#2135=ADVANCED_FACE('',(#1905),#2036,.T.);
#2136=ADVANCED_FACE('',(#1906),#2037,.F.);
#2137=ADVANCED_FACE('',(#1907),#2038,.T.);
#2138=ADVANCED_FACE('',(#1908),#2039,.T.);
#2139=ADVANCED_FACE('',(#1909),#2040,.F.);
#2140=ADVANCED_FACE('',(#1910),#2041,.T.);
#2141=ADVANCED_FACE('',(#1911),#2042,.T.);
#2142=ADVANCED_FACE('',(#1912),#2043,.F.);
#2143=ADVANCED_FACE('',(#1913),#2044,.T.);
#2144=ADVANCED_FACE('',(#1914),#2045,.T.);
#2145=ADVANCED_FACE('',(#1915),#2046,.F.);
#2146=ADVANCED_FACE('',(#1916),#2047,.T.);
#2147=ADVANCED_FACE('',(#1917),#2048,.T.);
#2148=ADVANCED_FACE('',(#1918),#2049,.F.);
#2149=ADVANCED_FACE('',(#1919),#2050,.T.);
#2150=ADVANCED_FACE('',(#1920),#2051,.T.);
#2151=ADVANCED_FACE('',(#1921),#2052,.F.);
#2152=ADVANCED_FACE('',(#1922),#2053,.T.);
#2153=ADVANCED_FACE('',(#1923),#2054,.F.);
#2154=ADVANCED_FACE('',(#1924),#2055,.T.);
#2155=ADVANCED_FACE('',(#1925),#2056,.T.);
#2156=ADVANCED_FACE('',(#1926),#2057,.F.);
#2157=ADVANCED_FACE('',(#1927),#2058,.T.);
#2158=ADVANCED_FACE('',(#1928),#2059,.T.);
#2159=ADVANCED_FACE('',(#1929),#2060,.T.);
#2160=ADVANCED_FACE('',(#1930),#2061,.F.);
#2161=ADVANCED_FACE('',(#1931),#2062,.T.);
#2162=ADVANCED_FACE('',(#1932),#2063,.F.);
#2163=ADVANCED_FACE('',(#1933),#2064,.T.);
#2164=ADVANCED_FACE('',(#1934),#2065,.T.);
#2165=ADVANCED_FACE('',(#1935),#2066,.T.);
#2166=ADVANCED_FACE('',(#1936),#2067,.F.);
#2167=ADVANCED_FACE('',(#1937),#2068,.T.);
#2168=ADVANCED_FACE('',(#1938),#2069,.T.);
#2169=ADVANCED_FACE('',(#1939),#2070,.F.);
#2170=ADVANCED_FACE('',(#1940),#2071,.T.);
#2171=ADVANCED_FACE('',(#1941),#2072,.T.);
#2172=ADVANCED_FACE('',(#1942),#2073,.F.);
#2173=ADVANCED_FACE('',(#1943),#2074,.T.);
#2174=ADVANCED_FACE('',(#1944,#1945),#12,.F.);
#2175=ADVANCED_FACE('',(#1946),#2075,.T.);
#2176=ADVANCED_FACE('',(#1947,#1948),#13,.F.);
#2177=ADVANCED_FACE('',(#1949),#2076,.T.);
#2178=ADVANCED_FACE('',(#1950,#1951),#14,.F.);
#2179=ADVANCED_FACE('',(#1952),#2077,.T.);
#2180=ADVANCED_FACE('',(#1953,#1954),#15,.F.);
#2181=ADVANCED_FACE('',(#1955),#2078,.T.);
#2182=ADVANCED_FACE('',(#1956,#1957),#16,.F.);
#2183=ADVANCED_FACE('',(#1958),#2079,.T.);
#2184=ADVANCED_FACE('',(#1959,#1960),#17,.F.);
#2185=ADVANCED_FACE('',(#1961),#2080,.T.);
#2186=ADVANCED_FACE('',(#1962,#1963),#18,.F.);
#2187=ADVANCED_FACE('',(#1964),#2081,.T.);
#2188=ADVANCED_FACE('',(#1965,#1966),#19,.F.);
#2189=ADVANCED_FACE('',(#1967),#2082,.T.);
#2190=ADVANCED_FACE('',(#1968,#1969),#20,.F.);
#2191=ADVANCED_FACE('',(#1970),#2083,.T.);
#2192=ADVANCED_FACE('',(#1971,#1972),#21,.F.);
#2193=ADVANCED_FACE('',(#1973),#2084,.T.);
#2194=ADVANCED_FACE('',(#1974,#1975),#22,.F.);
#2195=ADVANCED_FACE('',(#1976),#2085,.T.);
#2196=ADVANCED_FACE('',(#1977,#1978),#23,.F.);
#2197=ADVANCED_FACE('',(#1979),#2086,.T.);
#2198=ADVANCED_FACE('',(#1980,#1981),#24,.F.);
#2199=ADVANCED_FACE('',(#1982),#2087,.T.);
#2200=ADVANCED_FACE('',(#1983,#1984),#25,.F.);
#2201=ADVANCED_FACE('',(#1985),#2088,.T.);
#2202=ADVANCED_FACE('',(#1986,#1987),#26,.F.);
#2203=ADVANCED_FACE('',(#1988),#2089,.T.);
#2204=ADVANCED_FACE('',(#1989,#1990),#27,.F.);
#2205=ADVANCED_FACE('',(#1991),#2090,.T.);
#2206=CLOSED_SHELL('',(#2091,#2092,#2093,#2094,#2095,#2096,#2097,#2098,
#2099,#2100,#2101,#2102,#2103,#2104,#2105,#2106,#2107,#2108,#2109,#2110,
#2111,#2112,#2113,#2114,#2115,#2116,#2117,#2118,#2119,#2120,#2121,#2122,
#2123,#2124,#2125,#2126,#2127,#2128,#2129,#2130,#2131,#2132,#2133,#2134,
#2135,#2136,#2137,#2138,#2139,#2140,#2141,#2142,#2143,#2144,#2145,#2146,
#2147,#2148,#2149,#2150,#2151,#2152,#2153,#2154,#2155,#2156,#2157,#2158,
#2159,#2160,#2161,#2162,#2163,#2164,#2165,#2166,#2167,#2168,#2169,#2170,
#2171,#2172,#2173,#2174,#2175,#2176,#2177,#2178,#2179,#2180,#2181,#2182,
#2183,#2184,#2185,#2186,#2187,#2188,#2189,#2190,#2191,#2192,#2193,#2194,
#2195,#2196,#2197,#2198,#2199,#2200,#2201,#2202,#2203,#2204,#2205));
#2207=STYLED_ITEM('',(#2208),#2215);
#2208=PRESENTATION_STYLE_ASSIGNMENT((#2209));
#2209=SURFACE_STYLE_USAGE(.BOTH.,#2210);
#2210=SURFACE_SIDE_STYLE('',(#2211));
#2211=SURFACE_STYLE_FILL_AREA(#2212);
#2212=FILL_AREA_STYLE('',(#2213));
#2213=FILL_AREA_STYLE_COLOUR('',#2214);
#2214=COLOUR_RGB('',0.615686274509804,0.811764705882353,0.929411764705882);
#2215=MANIFOLD_SOLID_BREP('Part 1',#2206);
#2216=SHAPE_DEFINITION_REPRESENTATION(#3552,#2217);
#2217=SHAPE_REPRESENTATION('Part 1',(#2218),#3547);
#2218=AXIS2_PLACEMENT_3D('',#2926,#2366,#2367);
#2219=AXIS2_PLACEMENT_3D('',#2927,#2368,#2369);
#2220=AXIS2_PLACEMENT_3D('',#2928,#2370,#2371);
#2221=AXIS2_PLACEMENT_3D('',#2938,#2376,#2377);
#2222=AXIS2_PLACEMENT_3D('',#2960,#2389,#2390);
#2223=AXIS2_PLACEMENT_3D('',#2961,#2391,#2392);
#2224=AXIS2_PLACEMENT_3D('',#2968,#2396,#2397);
#2225=AXIS2_PLACEMENT_3D('',#2971,#2400,#2401);
#2226=AXIS2_PLACEMENT_3D('',#2972,#2402,#2403);
#2227=AXIS2_PLACEMENT_3D('',#3135,#2486,#2487);
#2228=AXIS2_PLACEMENT_3D('',#3151,#2497,#2498);
#2229=AXIS2_PLACEMENT_3D('',#3167,#2508,#2509);
#2230=AXIS2_PLACEMENT_3D('',#3168,#2510,#2511);
#2231=AXIS2_PLACEMENT_3D('',#3171,#2513,#2514);
#2232=AXIS2_PLACEMENT_3D('',#3172,#2515,#2516);
#2233=AXIS2_PLACEMENT_3D('',#3175,#2518,#2519);
#2234=AXIS2_PLACEMENT_3D('',#3176,#2520,#2521);
#2235=AXIS2_PLACEMENT_3D('',#3192,#2531,#2532);
#2236=AXIS2_PLACEMENT_3D('',#3193,#2533,#2534);
#2237=AXIS2_PLACEMENT_3D('',#3198,#2537,#2538);
#2238=AXIS2_PLACEMENT_3D('',#3212,#2547,#2548);
#2239=AXIS2_PLACEMENT_3D('',#3213,#2549,#2550);
#2240=AXIS2_PLACEMENT_3D('',#3216,#2552,#2553);
#2241=AXIS2_PLACEMENT_3D('',#3217,#2554,#2555);
#2242=AXIS2_PLACEMENT_3D('',#3233,#2565,#2566);
#2243=AXIS2_PLACEMENT_3D('',#3249,#2576,#2577);
#2244=AXIS2_PLACEMENT_3D('',#3250,#2578,#2579);
#2245=AXIS2_PLACEMENT_3D('',#3253,#2581,#2582);
#2246=AXIS2_PLACEMENT_3D('',#3254,#2583,#2584);
#2247=AXIS2_PLACEMENT_3D('',#3257,#2586,#2587);
#2248=AXIS2_PLACEMENT_3D('',#3258,#2588,#2589);
#2249=AXIS2_PLACEMENT_3D('',#3274,#2599,#2600);
#2250=AXIS2_PLACEMENT_3D('',#3275,#2601,#2602);
#2251=AXIS2_PLACEMENT_3D('',#3280,#2605,#2606);
#2252=AXIS2_PLACEMENT_3D('',#3281,#2607,#2608);
#2253=AXIS2_PLACEMENT_3D('',#3286,#2611,#2612);
#2254=AXIS2_PLACEMENT_3D('',#3298,#2620,#2621);
#2255=AXIS2_PLACEMENT_3D('',#3299,#2622,#2623);
#2256=AXIS2_PLACEMENT_3D('',#3315,#2633,#2634);
#2257=AXIS2_PLACEMENT_3D('',#3331,#2644,#2645);
#2258=AXIS2_PLACEMENT_3D('',#3332,#2646,#2647);
#2259=AXIS2_PLACEMENT_3D('',#3335,#2649,#2650);
#2260=AXIS2_PLACEMENT_3D('',#3336,#2651,#2652);
#2261=AXIS2_PLACEMENT_3D('',#3339,#2654,#2655);
#2262=AXIS2_PLACEMENT_3D('',#3340,#2656,#2657);
#2263=AXIS2_PLACEMENT_3D('',#3356,#2667,#2668);
#2264=AXIS2_PLACEMENT_3D('',#3372,#2678,#2679);
#2265=AXIS2_PLACEMENT_3D('',#3373,#2680,#2681);
#2266=AXIS2_PLACEMENT_3D('',#3376,#2683,#2684);
#2267=AXIS2_PLACEMENT_3D('',#3377,#2685,#2686);
#2268=AXIS2_PLACEMENT_3D('',#3380,#2688,#2689);
#2269=AXIS2_PLACEMENT_3D('',#3381,#2690,#2691);
#2270=AXIS2_PLACEMENT_3D('',#3397,#2701,#2702);
#2271=AXIS2_PLACEMENT_3D('',#3403,#2706,#2707);
#2272=AXIS2_PLACEMENT_3D('',#3404,#2708,#2709);
#2273=AXIS2_PLACEMENT_3D('',#3407,#2711,#2712);
#2274=AXIS2_PLACEMENT_3D('',#3408,#2713,#2714);
#2275=AXIS2_PLACEMENT_3D('',#3411,#2716,#2717);
#2276=AXIS2_PLACEMENT_3D('',#3412,#2718,#2719);
#2277=AXIS2_PLACEMENT_3D('',#3414,#2721,#2722);
#2278=AXIS2_PLACEMENT_3D('',#3416,#2724,#2725);
#2279=AXIS2_PLACEMENT_3D('',#3417,#2726,#2727);
#2280=AXIS2_PLACEMENT_3D('',#3419,#2729,#2730);
#2281=AXIS2_PLACEMENT_3D('',#3421,#2732,#2733);
#2282=AXIS2_PLACEMENT_3D('',#3422,#2734,#2735);
#2283=AXIS2_PLACEMENT_3D('',#3424,#2737,#2738);
#2284=AXIS2_PLACEMENT_3D('',#3426,#2740,#2741);
#2285=AXIS2_PLACEMENT_3D('',#3427,#2742,#2743);
#2286=AXIS2_PLACEMENT_3D('',#3429,#2745,#2746);
#2287=AXIS2_PLACEMENT_3D('',#3431,#2748,#2749);
#2288=AXIS2_PLACEMENT_3D('',#3432,#2750,#2751);
#2289=AXIS2_PLACEMENT_3D('',#3434,#2753,#2754);
#2290=AXIS2_PLACEMENT_3D('',#3436,#2756,#2757);
#2291=AXIS2_PLACEMENT_3D('',#3437,#2758,#2759);
#2292=AXIS2_PLACEMENT_3D('',#3439,#2761,#2762);
#2293=AXIS2_PLACEMENT_3D('',#3441,#2764,#2765);
#2294=AXIS2_PLACEMENT_3D('',#3442,#2766,#2767);
#2295=AXIS2_PLACEMENT_3D('',#3444,#2769,#2770);
#2296=AXIS2_PLACEMENT_3D('',#3446,#2772,#2773);
#2297=AXIS2_PLACEMENT_3D('',#3447,#2774,#2775);
#2298=AXIS2_PLACEMENT_3D('',#3449,#2777,#2778);
#2299=AXIS2_PLACEMENT_3D('',#3451,#2780,#2781);
#2300=AXIS2_PLACEMENT_3D('',#3452,#2782,#2783);
#2301=AXIS2_PLACEMENT_3D('',#3454,#2785,#2786);
#2302=AXIS2_PLACEMENT_3D('',#3456,#2788,#2789);
#2303=AXIS2_PLACEMENT_3D('',#3457,#2790,#2791);
#2304=AXIS2_PLACEMENT_3D('',#3459,#2793,#2794);
#2305=AXIS2_PLACEMENT_3D('',#3461,#2796,#2797);
#2306=AXIS2_PLACEMENT_3D('',#3462,#2798,#2799);
#2307=AXIS2_PLACEMENT_3D('',#3464,#2801,#2802);
#2308=AXIS2_PLACEMENT_3D('',#3466,#2804,#2805);
#2309=AXIS2_PLACEMENT_3D('',#3467,#2806,#2807);
#2310=AXIS2_PLACEMENT_3D('',#3469,#2809,#2810);
#2311=AXIS2_PLACEMENT_3D('',#3471,#2812,#2813);
#2312=AXIS2_PLACEMENT_3D('',#3472,#2814,#2815);
#2313=AXIS2_PLACEMENT_3D('',#3474,#2817,#2818);
#2314=AXIS2_PLACEMENT_3D('',#3476,#2820,#2821);
#2315=AXIS2_PLACEMENT_3D('',#3477,#2822,#2823);
#2316=AXIS2_PLACEMENT_3D('',#3479,#2825,#2826);
#2317=AXIS2_PLACEMENT_3D('',#3481,#2828,#2829);
#2318=AXIS2_PLACEMENT_3D('',#3482,#2830,#2831);
#2319=AXIS2_PLACEMENT_3D('',#3483,#2832,#2833);
#2320=AXIS2_PLACEMENT_3D('',#3485,#2834,#2835);
#2321=AXIS2_PLACEMENT_3D('',#3486,#2836,#2837);
#2322=AXIS2_PLACEMENT_3D('',#3487,#2838,#2839);
#2323=AXIS2_PLACEMENT_3D('',#3489,#2840,#2841);
#2324=AXIS2_PLACEMENT_3D('',#3490,#2842,#2843);
#2325=AXIS2_PLACEMENT_3D('',#3491,#2844,#2845);
#2326=AXIS2_PLACEMENT_3D('',#3493,#2846,#2847);
#2327=AXIS2_PLACEMENT_3D('',#3494,#2848,#2849);
#2328=AXIS2_PLACEMENT_3D('',#3495,#2850,#2851);
#2329=AXIS2_PLACEMENT_3D('',#3497,#2852,#2853);
#2330=AXIS2_PLACEMENT_3D('',#3498,#2854,#2855);
#2331=AXIS2_PLACEMENT_3D('',#3499,#2856,#2857);
#2332=AXIS2_PLACEMENT_3D('',#3501,#2858,#2859);
#2333=AXIS2_PLACEMENT_3D('',#3502,#2860,#2861);
#2334=AXIS2_PLACEMENT_3D('',#3503,#2862,#2863);
#2335=AXIS2_PLACEMENT_3D('',#3505,#2864,#2865);
#2336=AXIS2_PLACEMENT_3D('',#3506,#2866,#2867);
#2337=AXIS2_PLACEMENT_3D('',#3507,#2868,#2869);
#2338=AXIS2_PLACEMENT_3D('',#3509,#2870,#2871);
#2339=AXIS2_PLACEMENT_3D('',#3510,#2872,#2873);
#2340=AXIS2_PLACEMENT_3D('',#3511,#2874,#2875);
#2341=AXIS2_PLACEMENT_3D('',#3513,#2876,#2877);
#2342=AXIS2_PLACEMENT_3D('',#3514,#2878,#2879);
#2343=AXIS2_PLACEMENT_3D('',#3515,#2880,#2881);
#2344=AXIS2_PLACEMENT_3D('',#3517,#2882,#2883);
#2345=AXIS2_PLACEMENT_3D('',#3518,#2884,#2885);
#2346=AXIS2_PLACEMENT_3D('',#3519,#2886,#2887);
#2347=AXIS2_PLACEMENT_3D('',#3521,#2888,#2889);
#2348=AXIS2_PLACEMENT_3D('',#3522,#2890,#2891);
#2349=AXIS2_PLACEMENT_3D('',#3523,#2892,#2893);
#2350=AXIS2_PLACEMENT_3D('',#3525,#2894,#2895);
#2351=AXIS2_PLACEMENT_3D('',#3526,#2896,#2897);
#2352=AXIS2_PLACEMENT_3D('',#3527,#2898,#2899);
#2353=AXIS2_PLACEMENT_3D('',#3529,#2900,#2901);
#2354=AXIS2_PLACEMENT_3D('',#3530,#2902,#2903);
#2355=AXIS2_PLACEMENT_3D('',#3531,#2904,#2905);
#2356=AXIS2_PLACEMENT_3D('',#3533,#2906,#2907);
#2357=AXIS2_PLACEMENT_3D('',#3534,#2908,#2909);
#2358=AXIS2_PLACEMENT_3D('',#3535,#2910,#2911);
#2359=AXIS2_PLACEMENT_3D('',#3537,#2912,#2913);
#2360=AXIS2_PLACEMENT_3D('',#3538,#2914,#2915);
#2361=AXIS2_PLACEMENT_3D('',#3539,#2916,#2917);
#2362=AXIS2_PLACEMENT_3D('',#3541,#2918,#2919);
#2363=AXIS2_PLACEMENT_3D('',#3542,#2920,#2921);
#2364=AXIS2_PLACEMENT_3D('',#3543,#2922,#2923);
#2365=AXIS2_PLACEMENT_3D('',#3545,#2924,#2925);
#2366=DIRECTION('',(0.,0.,1.));
#2367=DIRECTION('',(1.,0.,0.));
#2368=DIRECTION('',(0.,1.,0.));
#2369=DIRECTION('',(0.,0.,1.));
#2370=DIRECTION('',(0.,-1.,0.));
#2371=DIRECTION('',(0.,0.,-1.));
#2372=DIRECTION('',(1.,0.,0.));
#2373=DIRECTION('',(0.,0.,-1.));
#2374=DIRECTION('',(1.,0.,0.));
#2375=DIRECTION('',(0.,0.,-1.));
#2376=DIRECTION('',(1.,0.,0.));
#2377=DIRECTION('',(0.,0.,-1.));
#2378=DIRECTION('',(0.,0.,-1.));
#2379=DIRECTION('',(0.,-1.,0.));
#2380=DIRECTION('',(0.,0.,-1.));
#2381=DIRECTION('',(0.,-1.,0.));
#2382=DIRECTION('',(0.,0.,-1.));
#2383=DIRECTION('',(0.,-1.,0.));
#2384=DIRECTION('',(0.,-1.,0.));
#2385=DIRECTION('',(0.,0.,-1.));
#2386=DIRECTION('',(0.,-1.,0.));
#2387=DIRECTION('',(0.,0.,-1.));
#2388=DIRECTION('',(0.,-1.,0.));
#2389=DIRECTION('',(0.,1.,0.));
#2390=DIRECTION('',(0.,0.,1.));
#2391=DIRECTION('',(0.,1.,0.));
#2392=DIRECTION('',(0.,0.,1.));
#2393=DIRECTION('',(1.,0.,0.));
#2394=DIRECTION('',(0.,0.,-1.));
#2395=DIRECTION('',(1.,0.,0.));
#2396=DIRECTION('',(1.,0.,0.));
#2397=DIRECTION('',(0.,0.,-1.));
#2398=DIRECTION('',(0.,-1.,0.));
#2399=DIRECTION('',(0.,-1.,0.));
#2400=DIRECTION('',(0.,0.,1.));
#2401=DIRECTION('',(1.,0.,0.));
#2402=DIRECTION('',(0.,0.,1.));
#2403=DIRECTION('',(1.,0.,0.));
#2404=DIRECTION('',(1.,0.,0.));
#2405=DIRECTION('',(1.,0.,0.));
#2406=DIRECTION('',(0.,-1.,0.));
#2407=DIRECTION('',(1.,0.,0.));
#2408=DIRECTION('',(0.,-1.,0.));
#2409=DIRECTION('',(1.,0.,0.));
#2410=DIRECTION('',(0.,-1.,0.));
#2411=DIRECTION('',(1.,0.,0.));
#2412=DIRECTION('',(0.,-1.,0.));
#2413=DIRECTION('',(1.,0.,0.));
#2414=DIRECTION('',(0.,-1.,0.));
#2415=DIRECTION('',(1.,0.,0.));
#2416=DIRECTION('',(-4.0907965384393E-15,-1.,0.));
#2417=DIRECTION('',(1.,0.,0.));
#2418=DIRECTION('',(-3.85494105772623E-15,-1.,0.));
#2419=DIRECTION('',(1.,0.,0.));
#2420=DIRECTION('',(0.,-1.,0.));
#2421=DIRECTION('',(1.,0.,0.));
#2422=DIRECTION('',(0.,-1.,0.));
#2423=DIRECTION('',(1.,0.,0.));
#2424=DIRECTION('',(3.85494105772623E-16,-1.,0.));
#2425=DIRECTION('',(1.,0.,0.));
#2426=DIRECTION('',(3.85494105772623E-16,-1.,0.));
#2427=DIRECTION('',(1.,0.,0.));
#2428=DIRECTION('',(0.,-1.,0.));
#2429=DIRECTION('',(1.,0.,0.));
#2430=DIRECTION('',(0.,-1.,0.));
#2431=DIRECTION('',(1.,0.,0.));
#2432=DIRECTION('',(9.63735264431558E-17,-1.,0.));
#2433=DIRECTION('',(1.,0.,0.));
#2434=DIRECTION('',(4.8186763221578E-17,-1.,0.));
#2435=DIRECTION('',(1.,8.32667268468866E-15,0.));
#2436=DIRECTION('',(9.63735264431558E-17,-1.,0.));
#2437=DIRECTION('',(1.,0.,0.));
#2438=DIRECTION('',(0.,-1.,0.));
#2439=DIRECTION('',(1.,0.,0.));
#2440=DIRECTION('',(0.,-1.,0.));
#2441=DIRECTION('',(1.,0.,0.));
#2442=DIRECTION('',(3.85494105772623E-16,-1.,0.));
#2443=DIRECTION('',(1.,0.,0.));
#2444=DIRECTION('',(3.85494105772623E-16,-1.,0.));
#2445=DIRECTION('',(1.,0.,0.));
#2446=DIRECTION('',(0.,-1.,0.));
#2447=DIRECTION('',(1.,0.,0.));
#2448=DIRECTION('',(0.,-1.,0.));
#2449=DIRECTION('',(1.,2.723442809983E-16,0.));
#2450=DIRECTION('',(-3.85494105772623E-15,-1.,0.));
#2451=DIRECTION('',(1.,0.,0.));
#2452=DIRECTION('',(-4.0907965384393E-15,-1.,0.));
#2453=DIRECTION('',(1.,0.,0.));
#2454=DIRECTION('',(0.,-1.,0.));
#2455=DIRECTION('',(1.,0.,0.));
#2456=DIRECTION('',(0.,-1.,0.));
#2457=DIRECTION('',(1.,0.,0.));
#2458=DIRECTION('',(0.,-1.,0.));
#2459=DIRECTION('',(1.,0.,0.));
#2460=DIRECTION('',(0.,-1.,0.));
#2461=DIRECTION('',(1.,0.,0.));
#2462=DIRECTION('',(1.,0.,0.));
#2463=DIRECTION('',(0.,-1.,0.));
#2464=DIRECTION('',(1.,0.,0.));
#2465=DIRECTION('',(0.,-1.,0.));
#2466=DIRECTION('',(1.,0.,0.));
#2467=DIRECTION('',(0.,-1.,0.));
#2468=DIRECTION('',(1.,0.,0.));
#2469=DIRECTION('',(-4.0907965384393E-15,-1.,0.));
#2470=DIRECTION('',(1.,0.,0.));
#2471=DIRECTION('',(-3.85494105772623E-15,-1.,0.));
#2472=DIRECTION('',(1.,4.35750849597279E-16,0.));
#2473=DIRECTION('',(0.,-1.,0.));
#2474=DIRECTION('',(1.,0.,0.));
#2475=DIRECTION('',(0.,-1.,0.));
#2476=DIRECTION('',(1.,0.,0.));
#2477=DIRECTION('',(3.85494105772623E-16,-1.,0.));
#2478=DIRECTION('',(1.,0.,0.));
#2479=DIRECTION('',(3.85494105772623E-16,-1.,0.));
#2480=DIRECTION('',(1.,0.,0.));
#2481=DIRECTION('',(0.,-1.,0.));
#2482=DIRECTION('',(1.,0.,0.));
#2483=DIRECTION('',(0.,-1.,0.));
#2484=DIRECTION('',(1.,0.,0.));
#2485=DIRECTION('',(9.63735264431558E-17,-1.,0.));
#2486=DIRECTION('',(1.,0.,0.));
#2487=DIRECTION('',(0.,0.,-1.));
#2488=DIRECTION('',(0.,0.,-1.));
#2489=DIRECTION('',(0.,-1.,0.));
#2490=DIRECTION('',(0.,0.,-1.));
#2491=DIRECTION('',(0.,0.,-1.));
#2492=DIRECTION('',(0.,-1.,0.));
#2493=DIRECTION('',(0.,0.,-1.));
#2494=DIRECTION('',(0.,0.,-1.));
#2495=DIRECTION('',(0.,-1.,0.));
#2496=DIRECTION('',(0.,0.,-1.));
#2497=DIRECTION('',(1.,0.,0.));
#2498=DIRECTION('',(0.,0.,-1.));
#2499=DIRECTION('',(0.,0.,-1.));
#2500=DIRECTION('',(0.,-1.,0.));
#2501=DIRECTION('',(0.,0.,-1.));
#2502=DIRECTION('',(0.,0.,-1.));
#2503=DIRECTION('',(0.,-1.,0.));
#2504=DIRECTION('',(0.,0.,-1.));
#2505=DIRECTION('',(0.,0.,-1.));
#2506=DIRECTION('',(0.,-1.,0.));
#2507=DIRECTION('',(0.,0.,-1.));
#2508=DIRECTION('',(0.,1.,0.));
#2509=DIRECTION('',(0.,0.,1.));
#2510=DIRECTION('',(0.,1.,0.));
#2511=DIRECTION('',(0.,0.,1.));
#2512=DIRECTION('',(1.,0.,0.));
#2513=DIRECTION('',(0.,1.,0.));
#2514=DIRECTION('',(0.,0.,1.));
#2515=DIRECTION('',(0.,-1.,0.));
#2516=DIRECTION('',(0.,0.,-1.));
#2517=DIRECTION('',(1.,0.,0.));
#2518=DIRECTION('',(0.,0.,1.));
#2519=DIRECTION('',(1.,0.,0.));
#2520=DIRECTION('',(1.,0.,0.));
#2521=DIRECTION('',(0.,0.,-1.));
#2522=DIRECTION('',(0.,0.,-1.));
#2523=DIRECTION('',(0.,-1.,0.));
#2524=DIRECTION('',(0.,0.,-1.));
#2525=DIRECTION('',(0.,0.,-1.));
#2526=DIRECTION('',(0.,-1.,0.));
#2527=DIRECTION('',(0.,0.,-1.));
#2528=DIRECTION('',(0.,0.,-1.));
#2529=DIRECTION('',(0.,-1.,0.));
#2530=DIRECTION('',(0.,0.,-1.));
#2531=DIRECTION('',(0.,1.,0.));
#2532=DIRECTION('',(0.,0.,1.));
#2533=DIRECTION('',(0.,-1.,0.));
#2534=DIRECTION('',(0.,0.,-1.));
#2535=DIRECTION('',(0.,0.,-1.));
#2536=DIRECTION('',(1.,0.,0.));
#2537=DIRECTION('',(1.,0.,0.));
#2538=DIRECTION('',(0.,0.,-1.));
#2539=DIRECTION('',(0.,0.,-1.));
#2540=DIRECTION('',(0.,-1.,0.));
#2541=DIRECTION('',(0.,0.,-1.));
#2542=DIRECTION('',(0.,0.,-1.));
#2543=DIRECTION('',(0.,-1.,0.));
#2544=DIRECTION('',(0.,0.,-1.));
#2545=DIRECTION('',(0.,-1.,0.));
#2546=DIRECTION('',(0.,0.,-1.));
#2547=DIRECTION('',(0.,1.,0.));
#2548=DIRECTION('',(0.,0.,1.));
#2549=DIRECTION('',(0.,1.,0.));
#2550=DIRECTION('',(0.,0.,1.));
#2551=DIRECTION('',(1.,0.,0.));
#2552=DIRECTION('',(0.,0.,1.));
#2553=DIRECTION('',(1.,0.,0.));
#2554=DIRECTION('',(1.,-4.0907965384393E-15,0.));
#2555=DIRECTION('',(4.0907965384393E-15,1.,0.));
#2556=DIRECTION('',(0.,0.,-1.));
#2557=DIRECTION('',(-2.77555756156289E-15,-1.,0.));
#2558=DIRECTION('',(0.,0.,-1.));
#2559=DIRECTION('',(0.,0.,-1.));
#2560=DIRECTION('',(-4.0907965384393E-15,-1.,0.));
#2561=DIRECTION('',(0.,0.,-1.));
#2562=DIRECTION('',(0.,0.,-1.));
#2563=DIRECTION('',(-2.77555756156289E-15,-1.,0.));
#2564=DIRECTION('',(0.,0.,-1.));
#2565=DIRECTION('',(1.,-3.85494105772623E-15,0.));
#2566=DIRECTION('',(3.85494105772623E-15,1.,0.));
#2567=DIRECTION('',(0.,0.,-1.));
#2568=DIRECTION('',(-2.77555756156289E-15,-1.,0.));
#2569=DIRECTION('',(0.,0.,-1.));
#2570=DIRECTION('',(0.,0.,-1.));
#2571=DIRECTION('',(-3.85494105772623E-15,-1.,0.));
#2572=DIRECTION('',(0.,0.,-1.));
#2573=DIRECTION('',(0.,0.,-1.));
#2574=DIRECTION('',(-2.77555756156289E-15,-1.,0.));
#2575=DIRECTION('',(0.,0.,-1.));
#2576=DIRECTION('',(0.,1.,0.));
#2577=DIRECTION('',(0.,0.,1.));
#2578=DIRECTION('',(0.,1.,0.));
#2579=DIRECTION('',(0.,0.,1.));
#2580=DIRECTION('',(1.,0.,0.));
#2581=DIRECTION('',(0.,1.,0.));
#2582=DIRECTION('',(0.,0.,1.));
#2583=DIRECTION('',(0.,-1.,0.));
#2584=DIRECTION('',(0.,0.,-1.));
#2585=DIRECTION('',(1.,0.,0.));
#2586=DIRECTION('',(0.,0.,1.));
#2587=DIRECTION('',(1.,0.,0.));
#2588=DIRECTION('',(1.,0.,0.));
#2589=DIRECTION('',(0.,0.,-1.));
#2590=DIRECTION('',(0.,0.,-1.));
#2591=DIRECTION('',(0.,-1.,0.));
#2592=DIRECTION('',(0.,0.,-1.));
#2593=DIRECTION('',(0.,0.,-1.));
#2594=DIRECTION('',(0.,-1.,0.));
#2595=DIRECTION('',(0.,0.,-1.));
#2596=DIRECTION('',(0.,0.,-1.));
#2597=DIRECTION('',(0.,-1.,0.));
#2598=DIRECTION('',(0.,0.,-1.));
#2599=DIRECTION('',(0.,1.,0.));
#2600=DIRECTION('',(0.,0.,1.));
#2601=DIRECTION('',(0.,1.,0.));
#2602=DIRECTION('',(0.,0.,1.));
#2603=DIRECTION('',(1.,0.,0.));
#2604=DIRECTION('',(0.,0.,-1.));
#2605=DIRECTION('',(0.,1.,0.));
#2606=DIRECTION('',(0.,0.,1.));
#2607=DIRECTION('',(0.,-1.,0.));
#2608=DIRECTION('',(0.,0.,-1.));
#2609=DIRECTION('',(0.,0.,-1.));
#2610=DIRECTION('',(1.,0.,0.));
#2611=DIRECTION('',(1.,0.,0.));
#2612=DIRECTION('',(0.,0.,-1.));
#2613=DIRECTION('',(0.,0.,-1.));
#2614=DIRECTION('',(0.,-1.,0.));
#2615=DIRECTION('',(0.,0.,-1.));
#2616=DIRECTION('',(0.,-1.,0.));
#2617=DIRECTION('',(0.,0.,-1.));
#2618=DIRECTION('',(0.,-1.,0.));
#2619=DIRECTION('',(0.,0.,-1.));
#2620=DIRECTION('',(0.,0.,1.));
#2621=DIRECTION('',(1.,0.,0.));
#2622=DIRECTION('',(1.,3.85494105772623E-16,0.));
#2623=DIRECTION('',(-3.85494105772623E-16,1.,0.));
#2624=DIRECTION('',(0.,0.,-1.));
#2625=DIRECTION('',(0.,-1.,0.));
#2626=DIRECTION('',(0.,0.,-1.));
#2627=DIRECTION('',(0.,0.,-1.));
#2628=DIRECTION('',(3.85494105772623E-16,-1.,0.));
#2629=DIRECTION('',(0.,0.,-1.));
#2630=DIRECTION('',(0.,0.,-1.));
#2631=DIRECTION('',(0.,-1.,0.));
#2632=DIRECTION('',(0.,0.,-1.));
#2633=DIRECTION('',(1.,3.85494105772623E-16,0.));
#2634=DIRECTION('',(-3.85494105772623E-16,1.,0.));
#2635=DIRECTION('',(0.,0.,-1.));
#2636=DIRECTION('',(0.,-1.,0.));
#2637=DIRECTION('',(0.,0.,-1.));
#2638=DIRECTION('',(0.,0.,-1.));
#2639=DIRECTION('',(3.85494105772623E-16,-1.,0.));
#2640=DIRECTION('',(0.,0.,-1.));
#2641=DIRECTION('',(0.,0.,-1.));
#2642=DIRECTION('',(0.,-1.,0.));
#2643=DIRECTION('',(0.,0.,-1.));
#2644=DIRECTION('',(0.,1.,0.));
#2645=DIRECTION('',(0.,0.,1.));
#2646=DIRECTION('',(0.,1.,0.));
#2647=DIRECTION('',(0.,0.,1.));
#2648=DIRECTION('',(1.,0.,0.));
#2649=DIRECTION('',(0.,1.,0.));
#2650=DIRECTION('',(0.,0.,1.));
#2651=DIRECTION('',(0.,-1.,0.));
#2652=DIRECTION('',(0.,0.,-1.));
#2653=DIRECTION('',(1.,0.,0.));
#2654=DIRECTION('',(0.,0.,1.));
#2655=DIRECTION('',(1.,0.,0.));
#2656=DIRECTION('',(1.,0.,0.));
#2657=DIRECTION('',(0.,0.,-1.));
#2658=DIRECTION('',(0.,0.,-1.));
#2659=DIRECTION('',(0.,-1.,0.));
#2660=DIRECTION('',(0.,0.,-1.));
#2661=DIRECTION('',(0.,0.,-1.));
#2662=DIRECTION('',(0.,-1.,0.));
#2663=DIRECTION('',(0.,0.,-1.));
#2664=DIRECTION('',(0.,0.,-1.));
#2665=DIRECTION('',(0.,-1.,0.));
#2666=DIRECTION('',(0.,0.,-1.));
#2667=DIRECTION('',(1.,0.,0.));
#2668=DIRECTION('',(0.,0.,-1.));
#2669=DIRECTION('',(0.,0.,-1.));
#2670=DIRECTION('',(0.,-1.,0.));
#2671=DIRECTION('',(0.,0.,-1.));
#2672=DIRECTION('',(0.,0.,-1.));
#2673=DIRECTION('',(0.,-1.,0.));
#2674=DIRECTION('',(0.,0.,-1.));
#2675=DIRECTION('',(0.,0.,-1.));
#2676=DIRECTION('',(0.,-1.,0.));
#2677=DIRECTION('',(0.,0.,-1.));
#2678=DIRECTION('',(0.,1.,0.));
#2679=DIRECTION('',(0.,0.,1.));
#2680=DIRECTION('',(0.,1.,0.));
#2681=DIRECTION('',(0.,0.,1.));
#2682=DIRECTION('',(1.,0.,0.));
#2683=DIRECTION('',(0.,1.,0.));
#2684=DIRECTION('',(0.,0.,1.));
#2685=DIRECTION('',(0.,-1.,0.));
#2686=DIRECTION('',(0.,0.,-1.));
#2687=DIRECTION('',(1.,0.,0.));
#2688=DIRECTION('',(0.,0.,1.));
#2689=DIRECTION('',(1.,0.,0.));
#2690=DIRECTION('',(1.,9.63735264431558E-17,0.));
#2691=DIRECTION('',(-9.63735264431558E-17,1.,0.));
#2692=DIRECTION('',(0.,0.,-1.));
#2693=DIRECTION('',(0.,-1.,0.));
#2694=DIRECTION('',(0.,0.,-1.));
#2695=DIRECTION('',(0.,0.,-1.));
#2696=DIRECTION('',(9.63735264431558E-17,-1.,0.));
#2697=DIRECTION('',(0.,0.,-1.));
#2698=DIRECTION('',(0.,0.,-1.));
#2699=DIRECTION('',(1.7347234759768E-16,-1.,0.));
#2700=DIRECTION('',(0.,0.,-1.));
#2701=DIRECTION('',(1.,4.8186763221578E-17,0.));
#2702=DIRECTION('',(-4.8186763221578E-17,1.,0.));
#2703=DIRECTION('',(0.,0.,-1.));
#2704=DIRECTION('',(4.8186763221578E-17,-1.,0.));
#2705=DIRECTION('',(0.,0.,-1.));
#2706=DIRECTION('',(0.,1.,0.));
#2707=DIRECTION('',(0.,0.,1.));
#2708=DIRECTION('',(0.,1.,0.));
#2709=DIRECTION('',(0.,0.,1.));
#2710=DIRECTION('',(1.,0.,0.));
#2711=DIRECTION('',(-8.32667268468866E-15,1.,0.));
#2712=DIRECTION('',(-1.,-8.32667268468866E-15,0.));
#2713=DIRECTION('',(0.,-1.,0.));
#2714=DIRECTION('',(0.,0.,-1.));
#2715=DIRECTION('',(1.,8.32667268468866E-15,0.));
#2716=DIRECTION('',(0.,0.,1.));
#2717=DIRECTION('',(1.,0.,0.));
#2718=DIRECTION('',(0.,1.,0.));
#2719=DIRECTION('',(0.,0.,1.));
#2720=DIRECTION('',(1.,0.,0.));
#2721=DIRECTION('',(0.,1.,0.));
#2722=DIRECTION('',(0.,0.,1.));
#2723=DIRECTION('',(1.,0.,0.));
#2724=DIRECTION('',(0.,0.,1.));
#2725=DIRECTION('',(1.,0.,0.));
#2726=DIRECTION('',(0.,1.,0.));
#2727=DIRECTION('',(0.,0.,1.));
#2728=DIRECTION('',(1.,0.,0.));
#2729=DIRECTION('',(0.,1.,0.));
#2730=DIRECTION('',(0.,0.,1.));
#2731=DIRECTION('',(1.,0.,0.));
#2732=DIRECTION('',(0.,0.,1.));
#2733=DIRECTION('',(1.,0.,0.));
#2734=DIRECTION('',(0.,1.,0.));
#2735=DIRECTION('',(0.,0.,1.));
#2736=DIRECTION('',(1.,0.,0.));
#2737=DIRECTION('',(0.,1.,0.));
#2738=DIRECTION('',(0.,0.,1.));
#2739=DIRECTION('',(1.,0.,0.));
#2740=DIRECTION('',(0.,0.,1.));
#2741=DIRECTION('',(1.,0.,0.));
#2742=DIRECTION('',(0.,1.,0.));
#2743=DIRECTION('',(0.,0.,1.));
#2744=DIRECTION('',(1.,0.,0.));
#2745=DIRECTION('',(0.,1.,0.));
#2746=DIRECTION('',(0.,0.,1.));
#2747=DIRECTION('',(1.,0.,0.));
#2748=DIRECTION('',(0.,0.,1.));
#2749=DIRECTION('',(1.,0.,0.));
#2750=DIRECTION('',(0.,1.,0.));
#2751=DIRECTION('',(0.,0.,1.));
#2752=DIRECTION('',(1.,0.,0.));
#2753=DIRECTION('',(0.,1.,0.));
#2754=DIRECTION('',(0.,0.,1.));
#2755=DIRECTION('',(1.,0.,0.));
#2756=DIRECTION('',(0.,0.,1.));
#2757=DIRECTION('',(1.,0.,0.));
#2758=DIRECTION('',(0.,1.,0.));
#2759=DIRECTION('',(0.,0.,1.));
#2760=DIRECTION('',(1.,0.,0.));
#2761=DIRECTION('',(0.,1.,0.));
#2762=DIRECTION('',(0.,0.,1.));
#2763=DIRECTION('',(1.,0.,0.));
#2764=DIRECTION('',(0.,0.,1.));
#2765=DIRECTION('',(1.,0.,0.));
#2766=DIRECTION('',(0.,1.,0.));
#2767=DIRECTION('',(0.,0.,1.));
#2768=DIRECTION('',(1.,0.,0.));
#2769=DIRECTION('',(0.,1.,0.));
#2770=DIRECTION('',(0.,0.,1.));
#2771=DIRECTION('',(1.,0.,0.));
#2772=DIRECTION('',(0.,0.,1.));
#2773=DIRECTION('',(1.,0.,0.));
#2774=DIRECTION('',(-2.723442809983E-16,1.,0.));
#2775=DIRECTION('',(-1.,-2.723442809983E-16,0.));
#2776=DIRECTION('',(1.,2.723442809983E-16,0.));
#2777=DIRECTION('',(-4.35750849597279E-16,1.,0.));
#2778=DIRECTION('',(-1.,-4.35750849597279E-16,0.));
#2779=DIRECTION('',(1.,4.35750849597279E-16,0.));
#2780=DIRECTION('',(0.,0.,1.));
#2781=DIRECTION('',(1.,0.,0.));
#2782=DIRECTION('',(0.,1.,0.));
#2783=DIRECTION('',(0.,0.,1.));
#2784=DIRECTION('',(1.,0.,0.));
#2785=DIRECTION('',(0.,1.,0.));
#2786=DIRECTION('',(0.,0.,1.));
#2787=DIRECTION('',(1.,0.,0.));
#2788=DIRECTION('',(0.,0.,1.));
#2789=DIRECTION('',(1.,0.,0.));
#2790=DIRECTION('',(0.,1.,0.));
#2791=DIRECTION('',(0.,0.,1.));
#2792=DIRECTION('',(1.,0.,0.));
#2793=DIRECTION('',(0.,1.,0.));
#2794=DIRECTION('',(0.,0.,1.));
#2795=DIRECTION('',(1.,0.,0.));
#2796=DIRECTION('',(0.,0.,1.));
#2797=DIRECTION('',(1.,0.,0.));
#2798=DIRECTION('',(0.,1.,0.));
#2799=DIRECTION('',(0.,0.,1.));
#2800=DIRECTION('',(1.,0.,0.));
#2801=DIRECTION('',(0.,1.,0.));
#2802=DIRECTION('',(0.,0.,1.));
#2803=DIRECTION('',(1.,0.,0.));
#2804=DIRECTION('',(0.,0.,1.));
#2805=DIRECTION('',(1.,0.,0.));
#2806=DIRECTION('',(0.,1.,0.));
#2807=DIRECTION('',(0.,0.,1.));
#2808=DIRECTION('',(1.,0.,0.));
#2809=DIRECTION('',(0.,1.,0.));
#2810=DIRECTION('',(0.,0.,1.));
#2811=DIRECTION('',(1.,0.,0.));
#2812=DIRECTION('',(0.,0.,1.));
#2813=DIRECTION('',(1.,0.,0.));
#2814=DIRECTION('',(0.,1.,0.));
#2815=DIRECTION('',(0.,0.,1.));
#2816=DIRECTION('',(1.,0.,0.));
#2817=DIRECTION('',(0.,1.,0.));
#2818=DIRECTION('',(0.,0.,1.));
#2819=DIRECTION('',(1.,0.,0.));
#2820=DIRECTION('',(0.,0.,1.));
#2821=DIRECTION('',(1.,0.,0.));
#2822=DIRECTION('',(0.,1.,0.));
#2823=DIRECTION('',(0.,0.,1.));
#2824=DIRECTION('',(1.,0.,0.));
#2825=DIRECTION('',(0.,1.,0.));
#2826=DIRECTION('',(0.,0.,1.));
#2827=DIRECTION('',(1.,0.,0.));
#2828=DIRECTION('',(0.,0.,1.));
#2829=DIRECTION('',(1.,0.,0.));
#2830=DIRECTION('',(0.,1.,0.));
#2831=DIRECTION('',(0.,0.,1.));
#2832=DIRECTION('',(0.,1.,0.));
#2833=DIRECTION('',(0.,0.,1.));
#2834=DIRECTION('',(0.,1.,0.));
#2835=DIRECTION('',(-1.,0.,0.));
#2836=DIRECTION('',(0.,1.,0.));
#2837=DIRECTION('',(0.,0.,1.));
#2838=DIRECTION('',(0.,1.,0.));
#2839=DIRECTION('',(0.,0.,1.));
#2840=DIRECTION('',(0.,1.,0.));
#2841=DIRECTION('',(-1.,0.,0.));
#2842=DIRECTION('',(0.,1.,0.));
#2843=DIRECTION('',(0.,0.,1.));
#2844=DIRECTION('',(0.,1.,0.));
#2845=DIRECTION('',(0.,0.,1.));
#2846=DIRECTION('',(0.,1.,0.));
#2847=DIRECTION('',(-1.,0.,0.));
#2848=DIRECTION('',(0.,1.,0.));
#2849=DIRECTION('',(0.,0.,1.));
#2850=DIRECTION('',(0.,1.,0.));
#2851=DIRECTION('',(0.,0.,1.));
#2852=DIRECTION('',(0.,1.,0.));
#2853=DIRECTION('',(-1.,0.,0.));
#2854=DIRECTION('',(0.,1.,0.));
#2855=DIRECTION('',(0.,0.,1.));
#2856=DIRECTION('',(0.,1.,0.));
#2857=DIRECTION('',(0.,0.,1.));
#2858=DIRECTION('',(0.,1.,0.));
#2859=DIRECTION('',(-1.,0.,0.));
#2860=DIRECTION('',(0.,1.,0.));
#2861=DIRECTION('',(0.,0.,1.));
#2862=DIRECTION('',(0.,1.,0.));
#2863=DIRECTION('',(0.,0.,1.));
#2864=DIRECTION('',(0.,1.,0.));
#2865=DIRECTION('',(-1.,0.,0.));
#2866=DIRECTION('',(0.,1.,0.));
#2867=DIRECTION('',(0.,0.,1.));
#2868=DIRECTION('',(0.,1.,0.));
#2869=DIRECTION('',(0.,0.,1.));
#2870=DIRECTION('',(0.,1.,0.));
#2871=DIRECTION('',(-1.,0.,0.));
#2872=DIRECTION('',(0.,1.,0.));
#2873=DIRECTION('',(0.,0.,1.));
#2874=DIRECTION('',(0.,1.,0.));
#2875=DIRECTION('',(0.,0.,1.));
#2876=DIRECTION('',(0.,1.,0.));
#2877=DIRECTION('',(-1.,0.,0.));
#2878=DIRECTION('',(0.,-1.,0.));
#2879=DIRECTION('',(0.,0.,-1.));
#2880=DIRECTION('',(0.,-1.,0.));
#2881=DIRECTION('',(0.,0.,-1.));
#2882=DIRECTION('',(0.,-1.,0.));
#2883=DIRECTION('',(1.,0.,0.));
#2884=DIRECTION('',(0.,-1.,0.));
#2885=DIRECTION('',(0.,0.,-1.));
#2886=DIRECTION('',(0.,-1.,0.));
#2887=DIRECTION('',(0.,0.,-1.));
#2888=DIRECTION('',(0.,-1.,0.));
#2889=DIRECTION('',(1.,0.,0.));
#2890=DIRECTION('',(0.,-1.,0.));
#2891=DIRECTION('',(0.,0.,-1.));
#2892=DIRECTION('',(0.,-1.,0.));
#2893=DIRECTION('',(0.,0.,-1.));
#2894=DIRECTION('',(0.,-1.,0.));
#2895=DIRECTION('',(1.,0.,0.));
#2896=DIRECTION('',(0.,-1.,0.));
#2897=DIRECTION('',(0.,0.,-1.));
#2898=DIRECTION('',(0.,-1.,0.));
#2899=DIRECTION('',(0.,0.,-1.));
#2900=DIRECTION('',(0.,-1.,0.));
#2901=DIRECTION('',(1.,0.,0.));
#2902=DIRECTION('',(0.,-1.,0.));
#2903=DIRECTION('',(0.,0.,-1.));
#2904=DIRECTION('',(0.,-1.,0.));
#2905=DIRECTION('',(0.,0.,-1.));
#2906=DIRECTION('',(0.,-1.,0.));
#2907=DIRECTION('',(1.,0.,0.));
#2908=DIRECTION('',(0.,-1.,0.));
#2909=DIRECTION('',(0.,0.,-1.));
#2910=DIRECTION('',(0.,-1.,0.));
#2911=DIRECTION('',(0.,0.,-1.));
#2912=DIRECTION('',(0.,-1.,0.));
#2913=DIRECTION('',(1.,0.,0.));
#2914=DIRECTION('',(0.,-1.,0.));
#2915=DIRECTION('',(0.,0.,-1.));
#2916=DIRECTION('',(0.,-1.,0.));
#2917=DIRECTION('',(0.,0.,-1.));
#2918=DIRECTION('',(0.,-1.,0.));
#2919=DIRECTION('',(1.,0.,0.));
#2920=DIRECTION('',(0.,-1.,0.));
#2921=DIRECTION('',(0.,0.,-1.));
#2922=DIRECTION('',(0.,-1.,0.));
#2923=DIRECTION('',(0.,0.,-1.));
#2924=DIRECTION('',(0.,-1.,0.));
#2925=DIRECTION('',(1.,0.,0.));
#2926=CARTESIAN_POINT('',(0.,0.,0.));
#2927=CARTESIAN_POINT('',(-0.147535369888352,-0.0200275141911751,0.005));
#2928=CARTESIAN_POINT('',(-0.147535369888352,-0.0200275141911751,0.0025));
#2929=CARTESIAN_POINT('',(-0.147535369888352,-0.0200275141911751,0.0015));
#2930=CARTESIAN_POINT('',(-0.147535369888352,-0.0200275141911751,0.));
#2931=CARTESIAN_POINT('',(-0.150035369888352,-0.0200275141911751,0.));
#2932=CARTESIAN_POINT('',(-0.145035369888352,-0.0200275141911751,0.));
#2933=CARTESIAN_POINT('',(-0.145035369888352,-0.0200275141911751,0.005));
#2934=CARTESIAN_POINT('',(-0.145035369888352,-0.0200275141911751,0.005));
#2935=CARTESIAN_POINT('',(-0.147535369888352,-0.0200275141911751,0.005));
#2936=CARTESIAN_POINT('',(-0.150035369888352,-0.0200275141911751,0.005));
#2937=CARTESIAN_POINT('',(-0.150035369888352,-0.0200275141911751,0.005));
#2938=CARTESIAN_POINT('',(-0.145035369888352,0.180972485808825,0.005));
#2939=CARTESIAN_POINT('',(-0.145035369888352,0.161972485808825,0.0005));
#2940=CARTESIAN_POINT('',(-0.145035369888352,0.161972485808825,0.0005));
#2941=CARTESIAN_POINT('',(-0.145035369888352,0.161972485808825,0.));
#2942=CARTESIAN_POINT('',(-0.145035369888352,0.166972485808825,0.0005));
#2943=CARTESIAN_POINT('',(-0.145035369888352,0.171972485808825,0.0005));
#2944=CARTESIAN_POINT('',(-0.145035369888352,0.171972485808825,0.0005));
#2945=CARTESIAN_POINT('',(-0.145035369888352,0.171972485808825,0.));
#2946=CARTESIAN_POINT('',(-0.145035369888352,0.180972485808825,0.));
#2947=CARTESIAN_POINT('',(-0.145035369888352,0.189972485808825,0.));
#2948=CARTESIAN_POINT('',(-0.145035369888352,0.189972485808825,0.005));
#2949=CARTESIAN_POINT('',(-0.145035369888352,0.189972485808825,0.005));
#2950=CARTESIAN_POINT('',(-0.145035369888352,0.180972485808825,0.005));
#2951=CARTESIAN_POINT('',(-0.145035369888352,0.180972485808825,0.));
#2952=CARTESIAN_POINT('',(-0.145035369888352,-0.00202751419117503,0.));
#2953=CARTESIAN_POINT('',(-0.145035369888352,-0.00202751419117503,0.0005));
#2954=CARTESIAN_POINT('',(-0.145035369888352,-0.00202751419117503,0.0005));
#2955=CARTESIAN_POINT('',(-0.145035369888352,0.00297248580882497,0.0005));
#2956=CARTESIAN_POINT('',(-0.145035369888352,0.00797248580882498,0.0005));
#2957=CARTESIAN_POINT('',(-0.145035369888352,0.00797248580882497,0.0005));
#2958=CARTESIAN_POINT('',(-0.145035369888352,0.00797248580882498,0.));
#2959=CARTESIAN_POINT('',(-0.145035369888352,0.180972485808825,0.));
#2960=CARTESIAN_POINT('',(-0.147535369888352,0.189972485808825,0.005));
#2961=CARTESIAN_POINT('',(-0.147535369888352,0.189972485808825,0.0025));
#2962=CARTESIAN_POINT('',(-0.147535369888352,0.189972485808825,0.0035));
#2963=CARTESIAN_POINT('',(-0.147535369888352,0.189972485808825,0.));
#2964=CARTESIAN_POINT('',(-0.150035369888352,0.189972485808825,0.));
#2965=CARTESIAN_POINT('',(-0.150035369888352,0.189972485808825,0.005));
#2966=CARTESIAN_POINT('',(-0.150035369888352,0.189972485808825,0.005));
#2967=CARTESIAN_POINT('',(-0.147535369888352,0.189972485808825,0.005));
#2968=CARTESIAN_POINT('',(-0.150035369888352,0.180972485808825,0.005));
#2969=CARTESIAN_POINT('',(-0.150035369888352,0.180972485808825,0.));
#2970=CARTESIAN_POINT('',(-0.150035369888352,0.180972485808825,0.005));
#2971=CARTESIAN_POINT('',(-0.077073372900486,0.084972485808825,0.005));
#2972=CARTESIAN_POINT('',(-0.077073372900486,0.084972485808825,0.));
#2973=CARTESIAN_POINT('',(-0.137535369888352,0.161972485808825,0.));
#2974=CARTESIAN_POINT('',(-0.130035369888352,0.161972485808825,0.));
#2975=CARTESIAN_POINT('',(-0.137535369888352,0.00797248580882497,0.));
#2976=CARTESIAN_POINT('',(-0.130035369888352,0.00797248580882497,0.));
#2977=CARTESIAN_POINT('',(-0.130035369888352,-0.011027514191175,0.));
#2978=CARTESIAN_POINT('',(-0.137535369888352,0.171972485808825,0.));
#2979=CARTESIAN_POINT('',(-0.130035369888352,0.171972485808825,0.));
#2980=CARTESIAN_POINT('',(-0.130035369888352,-0.011027514191175,0.));
#2981=CARTESIAN_POINT('',(-0.130035369888352,0.189972485808825,0.));
#2982=CARTESIAN_POINT('',(-0.127535369888352,0.189972485808825,0.));
#2983=CARTESIAN_POINT('',(-0.125035369888352,0.189972485808825,0.));
#2984=CARTESIAN_POINT('',(-0.125035369888352,-0.011027514191175,0.));
#2985=CARTESIAN_POINT('',(-0.125035369888352,0.171972485808825,0.));
#2986=CARTESIAN_POINT('',(-0.117535369888352,0.171972485808825,0.));
#2987=CARTESIAN_POINT('',(-0.110035369888352,0.171972485808825,0.));
#2988=CARTESIAN_POINT('',(-0.110035369888352,0.180972485808825,0.));
#2989=CARTESIAN_POINT('',(-0.110035369888352,0.189972485808825,0.));
#2990=CARTESIAN_POINT('',(-0.107535369888352,0.189972485808825,0.));
#2991=CARTESIAN_POINT('',(-0.105035369888352,0.189972485808825,0.));
#2992=CARTESIAN_POINT('',(-0.105035369888352,0.180972485808825,0.));
#2993=CARTESIAN_POINT('',(-0.105035369888352,0.171972485808825,0.));
#2994=CARTESIAN_POINT('',(-0.0975353698883517,0.171972485808825,0.));
#2995=CARTESIAN_POINT('',(-0.0900353698883514,0.171972485808825,0.));
#2996=CARTESIAN_POINT('',(-0.090035369888352,-0.00881239712407643,0.));
#2997=CARTESIAN_POINT('',(-0.0900353698883514,0.189972485808825,0.));
#2998=CARTESIAN_POINT('',(-0.0875353698883521,0.189972485808825,0.));
#2999=CARTESIAN_POINT('',(-0.0850353698883521,0.189972485808825,0.));
#3000=CARTESIAN_POINT('',(-0.0850353698883526,-0.011027514191175,0.));
#3001=CARTESIAN_POINT('',(-0.0850353698883519,0.171972485808825,0.));
#3002=CARTESIAN_POINT('',(-0.077073372900486,0.171972485808825,0.));
#3003=CARTESIAN_POINT('',(-0.0691113759126199,0.171972485808825,0.));
#3004=CARTESIAN_POINT('',(-0.0691113759126199,0.180972485808825,0.));
#3005=CARTESIAN_POINT('',(-0.0691113759126199,0.189972485808825,0.));
#3006=CARTESIAN_POINT('',(-0.0666113759126199,0.189972485808825,0.));
#3007=CARTESIAN_POINT('',(-0.06411137591262,0.189972485808825,0.));
#3008=CARTESIAN_POINT('',(-0.06411137591262,0.180972485808825,0.));
#3009=CARTESIAN_POINT('',(-0.06411137591262,0.171972485808825,0.));
#3010=CARTESIAN_POINT('',(-0.05661137591262,0.171972485808825,0.));
#3011=CARTESIAN_POINT('',(-0.04911137591262,0.171972485808825,0.));
#3012=CARTESIAN_POINT('',(-0.0491113759126199,-0.011027514191175,0.));
#3013=CARTESIAN_POINT('',(-0.04911137591262,0.189972485808825,0.));
#3014=CARTESIAN_POINT('',(-0.04661137591262,0.189972485808825,0.));
#3015=CARTESIAN_POINT('',(-0.0441113759126199,0.189972485808825,0.));
#3016=CARTESIAN_POINT('',(-0.0441113759126199,-0.011027514191175,0.));
#3017=CARTESIAN_POINT('',(-0.04411137591262,0.171972485808825,0.));
#3018=CARTESIAN_POINT('',(-0.03661137591262,0.171972485808825,0.));
#3019=CARTESIAN_POINT('',(-0.02911137591262,0.171972485808825,0.));
#3020=CARTESIAN_POINT('',(-0.02911137591262,0.166972485808825,0.));
#3021=CARTESIAN_POINT('',(-0.02911137591262,0.189972485808825,0.));
#3022=CARTESIAN_POINT('',(-0.02661137591262,0.189972485808825,0.));
#3023=CARTESIAN_POINT('',(-0.02411137591262,0.189972485808825,0.));
#3024=CARTESIAN_POINT('',(-0.02411137591262,0.166972485808825,0.));
#3025=CARTESIAN_POINT('',(-0.02411137591262,0.171972485808825,0.));
#3026=CARTESIAN_POINT('',(-0.01661137591262,0.171972485808825,0.));
#3027=CARTESIAN_POINT('',(-0.00911137591262003,0.171972485808825,0.));
#3028=CARTESIAN_POINT('',(-0.00911137591262002,-0.011027514191175,0.));
#3029=CARTESIAN_POINT('',(-0.00911137591262003,0.189972485808825,0.));
#3030=CARTESIAN_POINT('',(-0.00661137591262003,0.189972485808825,0.));
#3031=CARTESIAN_POINT('',(-0.00411137591262003,0.189972485808825,0.));
#3032=CARTESIAN_POINT('',(-0.00411137591262002,-0.011027514191175,0.));
#3033=CARTESIAN_POINT('',(-0.00411137591262002,-0.020027514191175,0.));
#3034=CARTESIAN_POINT('',(-0.00661137591262002,-0.0200275141911751,0.));
#3035=CARTESIAN_POINT('',(-0.00911137591262002,-0.0200275141911751,0.));
#3036=CARTESIAN_POINT('',(-0.00911137591262002,-0.011027514191175,0.));
#3037=CARTESIAN_POINT('',(-0.00911137591262002,-0.00202751419117502,0.));
#3038=CARTESIAN_POINT('',(-0.01661137591262,-0.00202751419117502,0.));
#3039=CARTESIAN_POINT('',(-0.02411137591262,-0.00202751419117503,0.));
#3040=CARTESIAN_POINT('',(-0.02411137591262,0.166972485808825,0.));
#3041=CARTESIAN_POINT('',(-0.02411137591262,-0.0200275141911751,0.));
#3042=CARTESIAN_POINT('',(-0.02661137591262,-0.0200275141911751,0.));
#3043=CARTESIAN_POINT('',(-0.02911137591262,-0.0200275141911751,0.));
#3044=CARTESIAN_POINT('',(-0.02911137591262,0.166972485808825,0.));
#3045=CARTESIAN_POINT('',(-0.02911137591262,-0.00202751419117502,0.));
#3046=CARTESIAN_POINT('',(-0.0366113759126199,-0.00202751419117502,0.));
#3047=CARTESIAN_POINT('',(-0.0441113759126199,-0.00202751419117502,0.));
#3048=CARTESIAN_POINT('',(-0.0441113759126199,-0.011027514191175,0.));
#3049=CARTESIAN_POINT('',(-0.0441113759126199,-0.0200275141911751,0.));
#3050=CARTESIAN_POINT('',(-0.0466113759126199,-0.0200275141911751,0.));
#3051=CARTESIAN_POINT('',(-0.0491113759126199,-0.0200275141911751,0.));
#3052=CARTESIAN_POINT('',(-0.0491113759126199,-0.011027514191175,0.));
#3053=CARTESIAN_POINT('',(-0.0491113759126199,-0.00202751419117502,0.));
#3054=CARTESIAN_POINT('',(-0.0566113759126199,-0.00202751419117502,0.));
#3055=CARTESIAN_POINT('',(-0.06411137591262,-0.00202751419117503,0.));
#3056=CARTESIAN_POINT('',(-0.06411137591262,0.180972485808825,0.));
#3057=CARTESIAN_POINT('',(-0.0641113759126199,-0.0200275141911751,0.));
#3058=CARTESIAN_POINT('',(-0.0666113759126199,-0.0200275141911751,0.));
#3059=CARTESIAN_POINT('',(-0.0691113759126199,-0.0200275141911751,0.));
#3060=CARTESIAN_POINT('',(-0.0691113759126199,0.180972485808825,0.));
#3061=CARTESIAN_POINT('',(-0.0691113759126199,-0.00202751419117502,0.));
#3062=CARTESIAN_POINT('',(-0.077073372900486,-0.00202751419117502,0.));
#3063=CARTESIAN_POINT('',(-0.0850353698883526,-0.00202751419117503,0.));
#3064=CARTESIAN_POINT('',(-0.0850353698883526,-0.011027514191175,0.));
#3065=CARTESIAN_POINT('',(-0.0850353698883526,-0.0200275141911751,0.));
#3066=CARTESIAN_POINT('',(-0.0875353698883523,-0.0200275141911751,0.));
#3067=CARTESIAN_POINT('',(-0.0900353698883521,-0.0200275141911751,0.));
#3068=CARTESIAN_POINT('',(-0.090035369888352,-0.00881239712407643,0.));
#3069=CARTESIAN_POINT('',(-0.090035369888352,-0.00202751419117503,0.));
#3070=CARTESIAN_POINT('',(-0.097535369888352,-0.00202751419117503,0.));
#3071=CARTESIAN_POINT('',(-0.105035369888352,-0.00202751419117503,0.));
#3072=CARTESIAN_POINT('',(-0.105035369888352,0.180972485808825,0.));
#3073=CARTESIAN_POINT('',(-0.105035369888352,-0.0200275141911751,0.));
#3074=CARTESIAN_POINT('',(-0.107535369888352,-0.0200275141911751,0.));
#3075=CARTESIAN_POINT('',(-0.110035369888352,-0.0200275141911751,0.));
#3076=CARTESIAN_POINT('',(-0.110035369888352,0.180972485808825,0.));
#3077=CARTESIAN_POINT('',(-0.110035369888352,-0.00202751419117503,0.));
#3078=CARTESIAN_POINT('',(-0.117535369888352,-0.00202751419117503,0.));
#3079=CARTESIAN_POINT('',(-0.125035369888352,-0.00202751419117503,0.));
#3080=CARTESIAN_POINT('',(-0.125035369888352,-0.011027514191175,0.));
#3081=CARTESIAN_POINT('',(-0.125035369888352,-0.0200275141911751,0.));
#3082=CARTESIAN_POINT('',(-0.127535369888352,-0.0200275141911751,0.));
#3083=CARTESIAN_POINT('',(-0.130035369888352,-0.0200275141911751,0.));
#3084=CARTESIAN_POINT('',(-0.130035369888352,-0.011027514191175,0.));
#3085=CARTESIAN_POINT('',(-0.130035369888352,-0.00202751419117503,0.));
#3086=CARTESIAN_POINT('',(-0.137535369888352,-0.00202751419117503,0.));
#3087=CARTESIAN_POINT('',(-0.117535369888352,0.161972485808825,0.));
#3088=CARTESIAN_POINT('',(-0.125035369888352,0.161972485808825,0.));
#3089=CARTESIAN_POINT('',(-0.110035369888352,0.161972485808825,0.));
#3090=CARTESIAN_POINT('',(-0.125035369888352,-0.011027514191175,0.));
#3091=CARTESIAN_POINT('',(-0.125035369888352,0.00797248580882497,0.));
#3092=CARTESIAN_POINT('',(-0.117535369888352,0.00797248580882497,0.));
#3093=CARTESIAN_POINT('',(-0.110035369888352,0.00797248580882497,0.));
#3094=CARTESIAN_POINT('',(-0.110035369888352,0.180972485808825,0.));
#3095=CARTESIAN_POINT('',(-0.0975353698883518,0.161972485808825,0.));
#3096=CARTESIAN_POINT('',(-0.105035369888352,0.161972485808825,0.));
#3097=CARTESIAN_POINT('',(-0.0900353698883513,0.161972485808825,0.));
#3098=CARTESIAN_POINT('',(-0.105035369888352,0.180972485808825,0.));
#3099=CARTESIAN_POINT('',(-0.105035369888352,0.00797248580882498,0.));
#3100=CARTESIAN_POINT('',(-0.097535369888352,0.00797248580882497,0.));
#3101=CARTESIAN_POINT('',(-0.090035369888352,0.00797248580882497,0.));
#3102=CARTESIAN_POINT('',(-0.090035369888352,-0.00881239712407643,0.));
#3103=CARTESIAN_POINT('',(-0.077073372900486,0.161972485808825,0.));
#3104=CARTESIAN_POINT('',(-0.085035369888352,0.161972485808825,0.));
#3105=CARTESIAN_POINT('',(-0.0691113759126199,0.161972485808825,0.));
#3106=CARTESIAN_POINT('',(-0.0850353698883526,-0.011027514191175,0.));
#3107=CARTESIAN_POINT('',(-0.0850353698883525,0.00797248580882497,0.));
#3108=CARTESIAN_POINT('',(-0.077073372900486,0.00797248580882497,0.));
#3109=CARTESIAN_POINT('',(-0.0691113759126199,0.00797248580882498,0.));
#3110=CARTESIAN_POINT('',(-0.0691113759126199,0.180972485808825,0.));
#3111=CARTESIAN_POINT('',(-0.05661137591262,0.161972485808825,0.));
#3112=CARTESIAN_POINT('',(-0.06411137591262,0.161972485808825,0.));
#3113=CARTESIAN_POINT('',(-0.04911137591262,0.161972485808825,0.));
#3114=CARTESIAN_POINT('',(-0.06411137591262,0.180972485808825,0.));
#3115=CARTESIAN_POINT('',(-0.06411137591262,0.00797248580882498,0.));
#3116=CARTESIAN_POINT('',(-0.0566113759126199,0.00797248580882498,0.));
#3117=CARTESIAN_POINT('',(-0.0491113759126199,0.00797248580882498,0.));
#3118=CARTESIAN_POINT('',(-0.0491113759126199,-0.011027514191175,0.));
#3119=CARTESIAN_POINT('',(-0.03661137591262,0.161972485808825,0.));
#3120=CARTESIAN_POINT('',(-0.04411137591262,0.161972485808825,0.));
#3121=CARTESIAN_POINT('',(-0.02911137591262,0.161972485808825,0.));
#3122=CARTESIAN_POINT('',(-0.0441113759126199,-0.011027514191175,0.));
#3123=CARTESIAN_POINT('',(-0.0441113759126199,0.00797248580882497,0.));
#3124=CARTESIAN_POINT('',(-0.0366113759126199,0.00797248580882498,0.));
#3125=CARTESIAN_POINT('',(-0.02911137591262,0.00797248580882498,0.));
#3126=CARTESIAN_POINT('',(-0.02911137591262,0.166972485808825,0.));
#3127=CARTESIAN_POINT('',(-0.01661137591262,0.161972485808825,0.));
#3128=CARTESIAN_POINT('',(-0.02411137591262,0.161972485808825,0.));
#3129=CARTESIAN_POINT('',(-0.00911137591262004,0.161972485808825,0.));
#3130=CARTESIAN_POINT('',(-0.02411137591262,0.166972485808825,0.));
#3131=CARTESIAN_POINT('',(-0.02411137591262,0.00797248580882498,0.));
#3132=CARTESIAN_POINT('',(-0.01661137591262,0.00797248580882498,0.));
#3133=CARTESIAN_POINT('',(-0.00911137591262002,0.00797248580882497,0.));
#3134=CARTESIAN_POINT('',(-0.00911137591262002,-0.011027514191175,0.));
#3135=CARTESIAN_POINT('',(-0.130035369888352,-0.011027514191175,0.005));
#3136=CARTESIAN_POINT('',(-0.130035369888352,0.00797248580882497,0.0005));
#3137=CARTESIAN_POINT('',(-0.130035369888352,0.00797248580882497,0.0005));
#3138=CARTESIAN_POINT('',(-0.130035369888352,0.00297248580882497,0.0005));
#3139=CARTESIAN_POINT('',(-0.130035369888352,-0.00202751419117503,0.0005));
#3140=CARTESIAN_POINT('',(-0.130035369888352,-0.00202751419117503,0.0005));
#3141=CARTESIAN_POINT('',(-0.130035369888352,-0.0200275141911751,0.005));
#3142=CARTESIAN_POINT('',(-0.130035369888352,-0.0200275141911751,0.005));
#3143=CARTESIAN_POINT('',(-0.130035369888352,-0.011027514191175,0.005));
#3144=CARTESIAN_POINT('',(-0.130035369888352,0.189972485808825,0.005));
#3145=CARTESIAN_POINT('',(-0.130035369888352,0.189972485808825,0.005));
#3146=CARTESIAN_POINT('',(-0.130035369888352,0.171972485808825,0.0005));
#3147=CARTESIAN_POINT('',(-0.130035369888352,0.171972485808825,0.0005));
#3148=CARTESIAN_POINT('',(-0.130035369888352,0.166972485808825,0.0005));
#3149=CARTESIAN_POINT('',(-0.130035369888352,0.161972485808825,0.0005));
#3150=CARTESIAN_POINT('',(-0.130035369888352,0.161972485808825,0.0005));
#3151=CARTESIAN_POINT('',(-0.125035369888352,-0.011027514191175,0.005));
#3152=CARTESIAN_POINT('',(-0.125035369888352,0.161972485808825,0.0005));
#3153=CARTESIAN_POINT('',(-0.125035369888352,0.161972485808825,0.0005));
#3154=CARTESIAN_POINT('',(-0.125035369888352,0.166972485808825,0.0005));
#3155=CARTESIAN_POINT('',(-0.125035369888352,0.171972485808825,0.0005));
#3156=CARTESIAN_POINT('',(-0.125035369888352,0.171972485808825,0.0005));
#3157=CARTESIAN_POINT('',(-0.125035369888352,0.189972485808825,0.005));
#3158=CARTESIAN_POINT('',(-0.125035369888352,0.189972485808825,0.005));
#3159=CARTESIAN_POINT('',(-0.125035369888352,-0.011027514191175,0.005));
#3160=CARTESIAN_POINT('',(-0.125035369888352,-0.0200275141911751,0.005));
#3161=CARTESIAN_POINT('',(-0.125035369888352,-0.0200275141911751,0.005));
#3162=CARTESIAN_POINT('',(-0.125035369888352,-0.00202751419117503,0.0005));
#3163=CARTESIAN_POINT('',(-0.125035369888352,-0.00202751419117503,0.0005));
#3164=CARTESIAN_POINT('',(-0.125035369888352,0.00297248580882497,0.0005));
#3165=CARTESIAN_POINT('',(-0.125035369888352,0.00797248580882497,0.0005));
#3166=CARTESIAN_POINT('',(-0.125035369888352,0.00797248580882497,0.0005));
#3167=CARTESIAN_POINT('',(-0.127535369888352,0.189972485808825,0.005));
#3168=CARTESIAN_POINT('',(-0.127535369888352,0.189972485808825,0.0025));
#3169=CARTESIAN_POINT('',(-0.127535369888352,0.189972485808825,0.0035));
#3170=CARTESIAN_POINT('',(-0.127535369888352,0.189972485808825,0.005));
#3171=CARTESIAN_POINT('',(-0.127535369888352,-0.0200275141911751,0.005));
#3172=CARTESIAN_POINT('',(-0.127535369888352,-0.0200275141911751,0.0025));
#3173=CARTESIAN_POINT('',(-0.127535369888352,-0.0200275141911751,0.0015));
#3174=CARTESIAN_POINT('',(-0.127535369888352,-0.0200275141911751,0.005));
#3175=CARTESIAN_POINT('',(-0.077073372900486,0.084972485808825,0.005));
#3176=CARTESIAN_POINT('',(-0.110035369888352,0.180972485808825,0.005));
#3177=CARTESIAN_POINT('',(-0.110035369888352,0.00797248580882497,0.0005));
#3178=CARTESIAN_POINT('',(-0.110035369888352,0.00797248580882497,0.0005));
#3179=CARTESIAN_POINT('',(-0.110035369888352,0.00297248580882497,0.0005));
#3180=CARTESIAN_POINT('',(-0.110035369888352,-0.00202751419117503,0.0005));
#3181=CARTESIAN_POINT('',(-0.110035369888352,-0.00202751419117503,0.0005));
#3182=CARTESIAN_POINT('',(-0.110035369888352,-0.0200275141911751,0.005));
#3183=CARTESIAN_POINT('',(-0.110035369888352,-0.0200275141911751,0.005));
#3184=CARTESIAN_POINT('',(-0.110035369888352,0.180972485808825,0.005));
#3185=CARTESIAN_POINT('',(-0.110035369888352,0.189972485808825,0.005));
#3186=CARTESIAN_POINT('',(-0.110035369888352,0.189972485808825,0.005));
#3187=CARTESIAN_POINT('',(-0.110035369888352,0.171972485808825,0.0005));
#3188=CARTESIAN_POINT('',(-0.110035369888352,0.171972485808825,0.0005));
#3189=CARTESIAN_POINT('',(-0.110035369888352,0.166972485808825,0.0005));
#3190=CARTESIAN_POINT('',(-0.110035369888352,0.161972485808825,0.0005));
#3191=CARTESIAN_POINT('',(-0.110035369888352,0.161972485808825,0.0005));
#3192=CARTESIAN_POINT('',(-0.107535369888352,-0.0200275141911751,0.005));
#3193=CARTESIAN_POINT('',(-0.107535369888352,-0.0200275141911751,0.0025));
#3194=CARTESIAN_POINT('',(-0.107535369888352,-0.0200275141911751,0.0015));
#3195=CARTESIAN_POINT('',(-0.105035369888352,-0.0200275141911751,0.005));
#3196=CARTESIAN_POINT('',(-0.105035369888352,-0.0200275141911751,0.005));
#3197=CARTESIAN_POINT('',(-0.107535369888352,-0.0200275141911751,0.005));
#3198=CARTESIAN_POINT('',(-0.105035369888352,0.180972485808825,0.005));
#3199=CARTESIAN_POINT('',(-0.105035369888352,0.161972485808825,0.0005));
#3200=CARTESIAN_POINT('',(-0.105035369888352,0.161972485808825,0.0005));
#3201=CARTESIAN_POINT('',(-0.105035369888352,0.166972485808825,0.0005));
#3202=CARTESIAN_POINT('',(-0.105035369888352,0.171972485808825,0.0005));
#3203=CARTESIAN_POINT('',(-0.105035369888352,0.171972485808825,0.0005));
#3204=CARTESIAN_POINT('',(-0.105035369888352,0.189972485808825,0.005));
#3205=CARTESIAN_POINT('',(-0.105035369888352,0.189972485808825,0.005));
#3206=CARTESIAN_POINT('',(-0.105035369888352,0.180972485808825,0.005));
#3207=CARTESIAN_POINT('',(-0.105035369888352,-0.00202751419117503,0.0005));
#3208=CARTESIAN_POINT('',(-0.105035369888352,-0.00202751419117503,0.0005));
#3209=CARTESIAN_POINT('',(-0.105035369888352,0.00297248580882497,0.0005));
#3210=CARTESIAN_POINT('',(-0.105035369888352,0.00797248580882498,0.0005));
#3211=CARTESIAN_POINT('',(-0.105035369888352,0.00797248580882497,0.0005));
#3212=CARTESIAN_POINT('',(-0.107535369888352,0.189972485808825,0.005));
#3213=CARTESIAN_POINT('',(-0.107535369888352,0.189972485808825,0.0025));
#3214=CARTESIAN_POINT('',(-0.107535369888352,0.189972485808825,0.0035));
#3215=CARTESIAN_POINT('',(-0.107535369888352,0.189972485808825,0.005));
#3216=CARTESIAN_POINT('',(-0.077073372900486,0.084972485808825,0.005));
#3217=CARTESIAN_POINT('',(-0.090035369888352,-0.00881239712407643,0.005));
#3218=CARTESIAN_POINT('',(-0.090035369888352,0.00797248580882497,0.0005));
#3219=CARTESIAN_POINT('',(-0.090035369888352,0.00797248580882497,0.0005));
#3220=CARTESIAN_POINT('',(-0.090035369888352,0.00297248580882497,0.0005));
#3221=CARTESIAN_POINT('',(-0.090035369888352,-0.00202751419117503,0.0005));
#3222=CARTESIAN_POINT('',(-0.090035369888352,-0.00202751419117503,0.0005));
#3223=CARTESIAN_POINT('',(-0.0900353698883521,-0.0200275141911751,0.005));
#3224=CARTESIAN_POINT('',(-0.0900353698883521,-0.0200275141911751,0.005));
#3225=CARTESIAN_POINT('',(-0.090035369888352,-0.00881239712407643,0.005));
#3226=CARTESIAN_POINT('',(-0.0900353698883514,0.189972485808825,0.005));
#3227=CARTESIAN_POINT('',(-0.0900353698883514,0.189972485808825,0.005));
#3228=CARTESIAN_POINT('',(-0.0900353698883514,0.171972485808825,0.0005));
#3229=CARTESIAN_POINT('',(-0.0900353698883514,0.171972485808825,0.0005));
#3230=CARTESIAN_POINT('',(-0.0900353698883515,0.166972485808825,0.0005));
#3231=CARTESIAN_POINT('',(-0.0900353698883515,0.161972485808825,0.0005));
#3232=CARTESIAN_POINT('',(-0.0900353698883515,0.161972485808825,0.0005));
#3233=CARTESIAN_POINT('',(-0.0850353698883526,-0.011027514191175,0.005));
#3234=CARTESIAN_POINT('',(-0.0850353698883521,0.161972485808825,0.0005));
#3235=CARTESIAN_POINT('',(-0.0850353698883521,0.161972485808825,0.0005));
#3236=CARTESIAN_POINT('',(-0.085035369888352,0.166972485808825,0.0005));
#3237=CARTESIAN_POINT('',(-0.0850353698883519,0.171972485808825,0.0005));
#3238=CARTESIAN_POINT('',(-0.0850353698883521,0.171972485808825,0.0005));
#3239=CARTESIAN_POINT('',(-0.0850353698883521,0.189972485808825,0.005));
#3240=CARTESIAN_POINT('',(-0.0850353698883521,0.189972485808825,0.005));
#3241=CARTESIAN_POINT('',(-0.0850353698883526,-0.011027514191175,0.005));
#3242=CARTESIAN_POINT('',(-0.0850353698883526,-0.0200275141911751,0.005));
#3243=CARTESIAN_POINT('',(-0.0850353698883526,-0.0200275141911751,0.005));
#3244=CARTESIAN_POINT('',(-0.0850353698883526,-0.00202751419117503,0.0005));
#3245=CARTESIAN_POINT('',(-0.0850353698883526,-0.00202751419117503,0.0005));
#3246=CARTESIAN_POINT('',(-0.0850353698883526,0.00297248580882497,0.0005));
#3247=CARTESIAN_POINT('',(-0.0850353698883525,0.00797248580882498,0.0005));
#3248=CARTESIAN_POINT('',(-0.0850353698883525,0.00797248580882497,0.0005));
#3249=CARTESIAN_POINT('',(-0.0875353698883521,0.189972485808825,0.005));
#3250=CARTESIAN_POINT('',(-0.0875353698883517,0.189972485808825,0.0025));
#3251=CARTESIAN_POINT('',(-0.0875353698883517,0.189972485808825,0.0035));
#3252=CARTESIAN_POINT('',(-0.0875353698883521,0.189972485808825,0.005));
#3253=CARTESIAN_POINT('',(-0.0875353698883523,-0.0200275141911751,0.005));
#3254=CARTESIAN_POINT('',(-0.0875353698883521,-0.0200275141911751,0.0025));
#3255=CARTESIAN_POINT('',(-0.0875353698883521,-0.0200275141911751,0.0015));
#3256=CARTESIAN_POINT('',(-0.0875353698883523,-0.0200275141911751,0.005));
#3257=CARTESIAN_POINT('',(-0.077073372900486,0.084972485808825,0.005));
#3258=CARTESIAN_POINT('',(-0.0691113759126199,0.180972485808825,0.005));
#3259=CARTESIAN_POINT('',(-0.0691113759126199,0.00797248580882498,0.0005));
#3260=CARTESIAN_POINT('',(-0.0691113759126199,0.00797248580882498,0.0005));
#3261=CARTESIAN_POINT('',(-0.0691113759126199,0.00297248580882497,0.0005));
#3262=CARTESIAN_POINT('',(-0.0691113759126199,-0.00202751419117503,0.0005));
#3263=CARTESIAN_POINT('',(-0.0691113759126199,-0.00202751419117502,0.0005));
#3264=CARTESIAN_POINT('',(-0.0691113759126199,-0.0200275141911751,0.005));
#3265=CARTESIAN_POINT('',(-0.0691113759126199,-0.0200275141911751,0.005));
#3266=CARTESIAN_POINT('',(-0.0691113759126199,0.180972485808825,0.005));
#3267=CARTESIAN_POINT('',(-0.0691113759126199,0.189972485808825,0.005));
#3268=CARTESIAN_POINT('',(-0.0691113759126199,0.189972485808825,0.005));
#3269=CARTESIAN_POINT('',(-0.0691113759126199,0.171972485808825,0.0005));
#3270=CARTESIAN_POINT('',(-0.0691113759126199,0.171972485808825,0.0005));
#3271=CARTESIAN_POINT('',(-0.0691113759126199,0.166972485808825,0.0005));
#3272=CARTESIAN_POINT('',(-0.0691113759126199,0.161972485808825,0.0005));
#3273=CARTESIAN_POINT('',(-0.0691113759126199,0.161972485808825,0.0005));
#3274=CARTESIAN_POINT('',(-0.0666113759126199,0.189972485808825,0.005));
#3275=CARTESIAN_POINT('',(-0.06661137591262,0.189972485808825,0.0025));
#3276=CARTESIAN_POINT('',(-0.06661137591262,0.189972485808825,0.0035));
#3277=CARTESIAN_POINT('',(-0.0666113759126199,0.189972485808825,0.005));
#3278=CARTESIAN_POINT('',(-0.06411137591262,0.189972485808825,0.005));
#3279=CARTESIAN_POINT('',(-0.06411137591262,0.189972485808825,0.005));
#3280=CARTESIAN_POINT('',(-0.0666113759126199,-0.0200275141911751,0.005));
#3281=CARTESIAN_POINT('',(-0.0666113759126203,-0.0200275141911751,0.0025));
#3282=CARTESIAN_POINT('',(-0.0666113759126203,-0.0200275141911751,0.0015));
#3283=CARTESIAN_POINT('',(-0.0641113759126199,-0.0200275141911751,0.005));
#3284=CARTESIAN_POINT('',(-0.0641113759126199,-0.0200275141911751,0.005));
#3285=CARTESIAN_POINT('',(-0.0666113759126199,-0.0200275141911751,0.005));
#3286=CARTESIAN_POINT('',(-0.06411137591262,0.180972485808825,0.005));
#3287=CARTESIAN_POINT('',(-0.06411137591262,0.161972485808825,0.0005));
#3288=CARTESIAN_POINT('',(-0.06411137591262,0.161972485808825,0.0005));
#3289=CARTESIAN_POINT('',(-0.06411137591262,0.166972485808825,0.0005));
#3290=CARTESIAN_POINT('',(-0.06411137591262,0.171972485808825,0.0005));
#3291=CARTESIAN_POINT('',(-0.06411137591262,0.171972485808825,0.0005));
#3292=CARTESIAN_POINT('',(-0.06411137591262,0.180972485808825,0.005));
#3293=CARTESIAN_POINT('',(-0.06411137591262,-0.00202751419117502,0.0005));
#3294=CARTESIAN_POINT('',(-0.06411137591262,-0.00202751419117502,0.0005));
#3295=CARTESIAN_POINT('',(-0.06411137591262,0.00297248580882497,0.0005));
#3296=CARTESIAN_POINT('',(-0.06411137591262,0.00797248580882498,0.0005));
#3297=CARTESIAN_POINT('',(-0.06411137591262,0.00797248580882497,0.0005));
#3298=CARTESIAN_POINT('',(-0.077073372900486,0.084972485808825,0.005));
#3299=CARTESIAN_POINT('',(-0.0491113759126199,-0.011027514191175,0.005));
#3300=CARTESIAN_POINT('',(-0.0491113759126199,0.00797248580882498,0.0005));
#3301=CARTESIAN_POINT('',(-0.0491113759126199,0.00797248580882498,0.0005));
#3302=CARTESIAN_POINT('',(-0.0491113759126199,0.00297248580882497,0.0005));
#3303=CARTESIAN_POINT('',(-0.0491113759126199,-0.00202751419117502,0.0005));
#3304=CARTESIAN_POINT('',(-0.0491113759126199,-0.00202751419117502,0.0005));
#3305=CARTESIAN_POINT('',(-0.0491113759126199,-0.0200275141911751,0.005));
#3306=CARTESIAN_POINT('',(-0.0491113759126199,-0.0200275141911751,0.005));
#3307=CARTESIAN_POINT('',(-0.0491113759126199,-0.011027514191175,0.005));
#3308=CARTESIAN_POINT('',(-0.04911137591262,0.189972485808825,0.005));
#3309=CARTESIAN_POINT('',(-0.04911137591262,0.189972485808825,0.005));
#3310=CARTESIAN_POINT('',(-0.04911137591262,0.171972485808825,0.0005));
#3311=CARTESIAN_POINT('',(-0.04911137591262,0.171972485808825,0.0005));
#3312=CARTESIAN_POINT('',(-0.04911137591262,0.166972485808825,0.0005));
#3313=CARTESIAN_POINT('',(-0.04911137591262,0.161972485808825,0.0005));
#3314=CARTESIAN_POINT('',(-0.04911137591262,0.161972485808825,0.0005));
#3315=CARTESIAN_POINT('',(-0.0441113759126199,-0.011027514191175,0.005));
#3316=CARTESIAN_POINT('',(-0.0441113759126199,0.161972485808825,0.0005));
#3317=CARTESIAN_POINT('',(-0.0441113759126199,0.161972485808825,0.0005));
#3318=CARTESIAN_POINT('',(-0.0441113759126199,0.166972485808825,0.0005));
#3319=CARTESIAN_POINT('',(-0.04411137591262,0.171972485808825,0.0005));
#3320=CARTESIAN_POINT('',(-0.0441113759126199,0.171972485808825,0.0005));
#3321=CARTESIAN_POINT('',(-0.0441113759126199,0.189972485808825,0.005));
#3322=CARTESIAN_POINT('',(-0.0441113759126199,0.189972485808825,0.005));
#3323=CARTESIAN_POINT('',(-0.0441113759126199,-0.011027514191175,0.005));
#3324=CARTESIAN_POINT('',(-0.0441113759126199,-0.0200275141911751,0.005));
#3325=CARTESIAN_POINT('',(-0.0441113759126199,-0.0200275141911751,0.005));
#3326=CARTESIAN_POINT('',(-0.0441113759126199,-0.00202751419117502,0.0005));
#3327=CARTESIAN_POINT('',(-0.0441113759126199,-0.00202751419117502,0.0005));
#3328=CARTESIAN_POINT('',(-0.0441113759126199,0.00297248580882497,0.0005));
#3329=CARTESIAN_POINT('',(-0.0441113759126199,0.00797248580882497,0.0005));
#3330=CARTESIAN_POINT('',(-0.0441113759126199,0.00797248580882497,0.0005));
#3331=CARTESIAN_POINT('',(-0.04661137591262,0.189972485808825,0.005));
#3332=CARTESIAN_POINT('',(-0.04661137591262,0.189972485808825,0.0025));
#3333=CARTESIAN_POINT('',(-0.04661137591262,0.189972485808825,0.0035));
#3334=CARTESIAN_POINT('',(-0.04661137591262,0.189972485808825,0.005));
#3335=CARTESIAN_POINT('',(-0.0466113759126199,-0.0200275141911751,0.005));
#3336=CARTESIAN_POINT('',(-0.04661137591262,-0.0200275141911751,0.0025));
#3337=CARTESIAN_POINT('',(-0.04661137591262,-0.0200275141911751,0.0015));
#3338=CARTESIAN_POINT('',(-0.0466113759126199,-0.0200275141911751,0.005));
#3339=CARTESIAN_POINT('',(-0.077073372900486,0.084972485808825,0.005));
#3340=CARTESIAN_POINT('',(-0.02911137591262,0.166972485808825,0.005));
#3341=CARTESIAN_POINT('',(-0.02911137591262,0.00797248580882498,0.0005));
#3342=CARTESIAN_POINT('',(-0.02911137591262,0.00797248580882498,0.0005));
#3343=CARTESIAN_POINT('',(-0.02911137591262,0.00297248580882497,0.0005));
#3344=CARTESIAN_POINT('',(-0.02911137591262,-0.00202751419117503,0.0005));
#3345=CARTESIAN_POINT('',(-0.02911137591262,-0.00202751419117502,0.0005));
#3346=CARTESIAN_POINT('',(-0.02911137591262,-0.0200275141911751,0.005));
#3347=CARTESIAN_POINT('',(-0.02911137591262,-0.0200275141911751,0.005));
#3348=CARTESIAN_POINT('',(-0.02911137591262,0.166972485808825,0.005));
#3349=CARTESIAN_POINT('',(-0.02911137591262,0.189972485808825,0.005));
#3350=CARTESIAN_POINT('',(-0.02911137591262,0.189972485808825,0.005));
#3351=CARTESIAN_POINT('',(-0.02911137591262,0.171972485808825,0.0005));
#3352=CARTESIAN_POINT('',(-0.02911137591262,0.171972485808825,0.0005));
#3353=CARTESIAN_POINT('',(-0.02911137591262,0.166972485808825,0.0005));
#3354=CARTESIAN_POINT('',(-0.02911137591262,0.161972485808825,0.0005));
#3355=CARTESIAN_POINT('',(-0.02911137591262,0.161972485808825,0.0005));
#3356=CARTESIAN_POINT('',(-0.02411137591262,0.166972485808825,0.005));
#3357=CARTESIAN_POINT('',(-0.02411137591262,0.161972485808825,0.0005));
#3358=CARTESIAN_POINT('',(-0.02411137591262,0.161972485808825,0.0005));
#3359=CARTESIAN_POINT('',(-0.02411137591262,0.166972485808825,0.0005));
#3360=CARTESIAN_POINT('',(-0.02411137591262,0.171972485808825,0.0005));
#3361=CARTESIAN_POINT('',(-0.02411137591262,0.171972485808825,0.0005));
#3362=CARTESIAN_POINT('',(-0.02411137591262,0.189972485808825,0.005));
#3363=CARTESIAN_POINT('',(-0.02411137591262,0.189972485808825,0.005));
#3364=CARTESIAN_POINT('',(-0.02411137591262,0.166972485808825,0.005));
#3365=CARTESIAN_POINT('',(-0.02411137591262,-0.0200275141911751,0.005));
#3366=CARTESIAN_POINT('',(-0.02411137591262,-0.0200275141911751,0.005));
#3367=CARTESIAN_POINT('',(-0.02411137591262,-0.00202751419117502,0.0005));
#3368=CARTESIAN_POINT('',(-0.02411137591262,-0.00202751419117502,0.0005));
#3369=CARTESIAN_POINT('',(-0.02411137591262,0.00297248580882497,0.0005));
#3370=CARTESIAN_POINT('',(-0.02411137591262,0.00797248580882498,0.0005));
#3371=CARTESIAN_POINT('',(-0.02411137591262,0.00797248580882497,0.0005));
#3372=CARTESIAN_POINT('',(-0.02661137591262,0.189972485808825,0.005));
#3373=CARTESIAN_POINT('',(-0.02661137591262,0.189972485808825,0.0025));
#3374=CARTESIAN_POINT('',(-0.02661137591262,0.189972485808825,0.0035));
#3375=CARTESIAN_POINT('',(-0.02661137591262,0.189972485808825,0.005));
#3376=CARTESIAN_POINT('',(-0.02661137591262,-0.0200275141911751,0.005));
#3377=CARTESIAN_POINT('',(-0.0266113759126201,-0.0200275141911751,0.0025));
#3378=CARTESIAN_POINT('',(-0.0266113759126201,-0.0200275141911751,0.0015));
#3379=CARTESIAN_POINT('',(-0.02661137591262,-0.0200275141911751,0.005));
#3380=CARTESIAN_POINT('',(-0.077073372900486,0.084972485808825,0.005));
#3381=CARTESIAN_POINT('',(-0.00911137591262002,-0.011027514191175,0.005));
#3382=CARTESIAN_POINT('',(-0.00911137591262002,0.00797248580882497,0.0005));
#3383=CARTESIAN_POINT('',(-0.00911137591262002,0.00797248580882497,0.0005));
#3384=CARTESIAN_POINT('',(-0.00911137591262002,0.00297248580882497,0.0005));
#3385=CARTESIAN_POINT('',(-0.00911137591262002,-0.00202751419117502,0.0005));
#3386=CARTESIAN_POINT('',(-0.00911137591262002,-0.00202751419117502,0.0005));
#3387=CARTESIAN_POINT('',(-0.00911137591262002,-0.0200275141911751,0.005));
#3388=CARTESIAN_POINT('',(-0.00911137591262002,-0.0200275141911751,0.005));
#3389=CARTESIAN_POINT('',(-0.00911137591262002,-0.011027514191175,0.005));
#3390=CARTESIAN_POINT('',(-0.00911137591262003,0.189972485808825,0.005));
#3391=CARTESIAN_POINT('',(-0.00911137591262003,0.189972485808825,0.005));
#3392=CARTESIAN_POINT('',(-0.00911137591262003,0.171972485808825,0.0005));
#3393=CARTESIAN_POINT('',(-0.00911137591262003,0.171972485808825,0.0005));
#3394=CARTESIAN_POINT('',(-0.00911137591262003,0.166972485808825,0.0005));
#3395=CARTESIAN_POINT('',(-0.00911137591262003,0.161972485808825,0.0005));
#3396=CARTESIAN_POINT('',(-0.00911137591262003,0.161972485808825,0.0005));
#3397=CARTESIAN_POINT('',(-0.00411137591262002,-0.011027514191175,0.005));
#3398=CARTESIAN_POINT('',(-0.00411137591262003,0.189972485808825,0.005));
#3399=CARTESIAN_POINT('',(-0.00411137591262003,0.189972485808825,0.005));
#3400=CARTESIAN_POINT('',(-0.00411137591262002,-0.011027514191175,0.005));
#3401=CARTESIAN_POINT('',(-0.00411137591262002,-0.020027514191175,0.005));
#3402=CARTESIAN_POINT('',(-0.00411137591262002,-0.020027514191175,0.005));
#3403=CARTESIAN_POINT('',(-0.00661137591262003,0.189972485808825,0.005));
#3404=CARTESIAN_POINT('',(-0.00661137591262003,0.189972485808825,0.0025));
#3405=CARTESIAN_POINT('',(-0.00661137591262003,0.189972485808825,0.0035));
#3406=CARTESIAN_POINT('',(-0.00661137591262003,0.189972485808825,0.005));
#3407=CARTESIAN_POINT('',(-0.00661137591262002,-0.0200275141911751,0.005));
#3408=CARTESIAN_POINT('',(-0.00661137591262004,-0.0200275141911751,0.0025));
#3409=CARTESIAN_POINT('',(-0.00661137591262004,-0.0200275141911751,0.0015));
#3410=CARTESIAN_POINT('',(-0.00661137591262002,-0.0200275141911751,0.005));
#3411=CARTESIAN_POINT('',(-0.077073372900486,0.084972485808825,0.005));
#3412=CARTESIAN_POINT('',(-0.01661137591262,0.171972485808825,0.0005));
#3413=CARTESIAN_POINT('',(-0.01661137591262,0.171972485808825,0.0005));
#3414=CARTESIAN_POINT('',(-0.01661137591262,0.161972485808825,0.0005));
#3415=CARTESIAN_POINT('',(-0.01661137591262,0.161972485808825,0.0005));
#3416=CARTESIAN_POINT('',(-0.077073372900486,0.084972485808825,0.0005));
#3417=CARTESIAN_POINT('',(-0.01661137591262,0.00797248580882498,0.0005));
#3418=CARTESIAN_POINT('',(-0.01661137591262,0.00797248580882498,0.0005));
#3419=CARTESIAN_POINT('',(-0.01661137591262,-0.00202751419117502,0.0005));
#3420=CARTESIAN_POINT('',(-0.01661137591262,-0.00202751419117502,0.0005));
#3421=CARTESIAN_POINT('',(-0.077073372900486,0.084972485808825,0.0005));
#3422=CARTESIAN_POINT('',(-0.03661137591262,0.171972485808825,0.0005));
#3423=CARTESIAN_POINT('',(-0.03661137591262,0.171972485808825,0.0005));
#3424=CARTESIAN_POINT('',(-0.03661137591262,0.161972485808825,0.0005));
#3425=CARTESIAN_POINT('',(-0.03661137591262,0.161972485808825,0.0005));
#3426=CARTESIAN_POINT('',(-0.077073372900486,0.084972485808825,0.0005));
#3427=CARTESIAN_POINT('',(-0.0366113759126199,0.00797248580882498,0.0005));
#3428=CARTESIAN_POINT('',(-0.0366113759126199,0.00797248580882498,0.0005));
#3429=CARTESIAN_POINT('',(-0.0366113759126199,-0.00202751419117502,0.0005));
#3430=CARTESIAN_POINT('',(-0.0366113759126199,-0.00202751419117502,0.0005));
#3431=CARTESIAN_POINT('',(-0.077073372900486,0.084972485808825,0.0005));
#3432=CARTESIAN_POINT('',(-0.05661137591262,0.171972485808825,0.0005));
#3433=CARTESIAN_POINT('',(-0.05661137591262,0.171972485808825,0.0005));
#3434=CARTESIAN_POINT('',(-0.05661137591262,0.161972485808825,0.0005));
#3435=CARTESIAN_POINT('',(-0.05661137591262,0.161972485808825,0.0005));
#3436=CARTESIAN_POINT('',(-0.077073372900486,0.084972485808825,0.0005));
#3437=CARTESIAN_POINT('',(-0.0566113759126199,0.00797248580882498,0.0005));
#3438=CARTESIAN_POINT('',(-0.0566113759126199,0.00797248580882498,0.0005));
#3439=CARTESIAN_POINT('',(-0.0566113759126199,-0.00202751419117502,0.0005));
#3440=CARTESIAN_POINT('',(-0.0566113759126199,-0.00202751419117502,0.0005));
#3441=CARTESIAN_POINT('',(-0.077073372900486,0.084972485808825,0.0005));
#3442=CARTESIAN_POINT('',(-0.077073372900486,0.171972485808825,0.0005));
#3443=CARTESIAN_POINT('',(-0.077073372900486,0.171972485808825,0.0005));
#3444=CARTESIAN_POINT('',(-0.077073372900486,0.161972485808825,0.0005));
#3445=CARTESIAN_POINT('',(-0.077073372900486,0.161972485808825,0.0005));
#3446=CARTESIAN_POINT('',(-0.077073372900486,0.084972485808825,0.0005));
#3447=CARTESIAN_POINT('',(-0.077073372900486,-0.00202751419117502,0.0005));
#3448=CARTESIAN_POINT('',(-0.077073372900486,-0.00202751419117502,0.0005));
#3449=CARTESIAN_POINT('',(-0.077073372900486,0.00797248580882497,0.0005));
#3450=CARTESIAN_POINT('',(-0.077073372900486,0.00797248580882497,0.0005));
#3451=CARTESIAN_POINT('',(-0.077073372900486,0.084972485808825,0.0005));
#3452=CARTESIAN_POINT('',(-0.0975353698883518,0.161972485808825,0.0005));
#3453=CARTESIAN_POINT('',(-0.0975353698883518,0.161972485808825,0.0005));
#3454=CARTESIAN_POINT('',(-0.0975353698883517,0.171972485808825,0.0005));
#3455=CARTESIAN_POINT('',(-0.0975353698883517,0.171972485808825,0.0005));
#3456=CARTESIAN_POINT('',(-0.077073372900486,0.084972485808825,0.0005));
#3457=CARTESIAN_POINT('',(-0.097535369888352,0.00797248580882497,0.0005));
#3458=CARTESIAN_POINT('',(-0.097535369888352,0.00797248580882497,0.0005));
#3459=CARTESIAN_POINT('',(-0.097535369888352,-0.00202751419117503,0.0005));
#3460=CARTESIAN_POINT('',(-0.097535369888352,-0.00202751419117503,0.0005));
#3461=CARTESIAN_POINT('',(-0.077073372900486,0.084972485808825,0.0005));
#3462=CARTESIAN_POINT('',(-0.117535369888352,0.161972485808825,0.0005));
#3463=CARTESIAN_POINT('',(-0.117535369888352,0.161972485808825,0.0005));
#3464=CARTESIAN_POINT('',(-0.117535369888352,0.171972485808825,0.0005));
#3465=CARTESIAN_POINT('',(-0.117535369888352,0.171972485808825,0.0005));
#3466=CARTESIAN_POINT('',(-0.077073372900486,0.084972485808825,0.0005));
#3467=CARTESIAN_POINT('',(-0.117535369888352,0.00797248580882497,0.0005));
#3468=CARTESIAN_POINT('',(-0.117535369888352,0.00797248580882497,0.0005));
#3469=CARTESIAN_POINT('',(-0.117535369888352,-0.00202751419117503,0.0005));
#3470=CARTESIAN_POINT('',(-0.117535369888352,-0.00202751419117503,0.0005));
#3471=CARTESIAN_POINT('',(-0.077073372900486,0.084972485808825,0.0005));
#3472=CARTESIAN_POINT('',(-0.137535369888352,0.171972485808825,0.0005));
#3473=CARTESIAN_POINT('',(-0.137535369888352,0.171972485808825,0.0005));
#3474=CARTESIAN_POINT('',(-0.137535369888352,0.161972485808825,0.0005));
#3475=CARTESIAN_POINT('',(-0.137535369888352,0.161972485808825,0.0005));
#3476=CARTESIAN_POINT('',(-0.077073372900486,0.084972485808825,0.0005));
#3477=CARTESIAN_POINT('',(-0.137535369888352,0.00797248580882497,0.0005));
#3478=CARTESIAN_POINT('',(-0.137535369888352,0.00797248580882497,0.0005));
#3479=CARTESIAN_POINT('',(-0.137535369888352,-0.00202751419117503,0.0005));
#3480=CARTESIAN_POINT('',(-0.137535369888352,-0.00202751419117503,0.0005));
#3481=CARTESIAN_POINT('',(-0.077073372900486,0.084972485808825,0.0005));
#3482=CARTESIAN_POINT('',(-0.00661137591262003,0.189572485808825,0.0025));
#3483=CARTESIAN_POINT('',(-0.00661137591262003,0.189572485808825,0.0025));
#3484=CARTESIAN_POINT('',(-0.00661137591262003,0.189572485808825,0.0035));
#3485=CARTESIAN_POINT('',(-0.076323372900486,0.189572485808825,0.0025));
#3486=CARTESIAN_POINT('',(-0.02661137591262,0.189572485808825,0.0025));
#3487=CARTESIAN_POINT('',(-0.02661137591262,0.189572485808825,0.0025));
#3488=CARTESIAN_POINT('',(-0.02661137591262,0.189572485808825,0.0035));
#3489=CARTESIAN_POINT('',(-0.076323372900486,0.189572485808825,0.0025));
#3490=CARTESIAN_POINT('',(-0.04661137591262,0.189572485808825,0.0025));
#3491=CARTESIAN_POINT('',(-0.04661137591262,0.189572485808825,0.0025));
#3492=CARTESIAN_POINT('',(-0.04661137591262,0.189572485808825,0.0035));
#3493=CARTESIAN_POINT('',(-0.076323372900486,0.189572485808825,0.0025));
#3494=CARTESIAN_POINT('',(-0.06661137591262,0.189572485808825,0.0025));
#3495=CARTESIAN_POINT('',(-0.06661137591262,0.189572485808825,0.0025));
#3496=CARTESIAN_POINT('',(-0.06661137591262,0.189572485808825,0.0035));
#3497=CARTESIAN_POINT('',(-0.076323372900486,0.189572485808825,0.0025));
#3498=CARTESIAN_POINT('',(-0.0875353698883517,0.189572485808825,0.0025));
#3499=CARTESIAN_POINT('',(-0.0875353698883517,0.189572485808825,0.0025));
#3500=CARTESIAN_POINT('',(-0.0875353698883517,0.189572485808825,0.0035));
#3501=CARTESIAN_POINT('',(-0.076323372900486,0.189572485808825,0.0025));
#3502=CARTESIAN_POINT('',(-0.107535369888352,0.189572485808825,0.0025));
#3503=CARTESIAN_POINT('',(-0.107535369888352,0.189572485808825,0.0025));
#3504=CARTESIAN_POINT('',(-0.107535369888352,0.189572485808825,0.0035));
#3505=CARTESIAN_POINT('',(-0.076323372900486,0.189572485808825,0.0025));
#3506=CARTESIAN_POINT('',(-0.127535369888352,0.189572485808825,0.0025));
#3507=CARTESIAN_POINT('',(-0.127535369888352,0.189572485808825,0.0025));
#3508=CARTESIAN_POINT('',(-0.127535369888352,0.189572485808825,0.0035));
#3509=CARTESIAN_POINT('',(-0.076323372900486,0.189572485808825,0.0025));
#3510=CARTESIAN_POINT('',(-0.147535369888352,0.189572485808825,0.0025));
#3511=CARTESIAN_POINT('',(-0.147535369888352,0.189572485808825,0.0025));
#3512=CARTESIAN_POINT('',(-0.147535369888352,0.189572485808825,0.0035));
#3513=CARTESIAN_POINT('',(-0.076323372900486,0.189572485808825,0.0025));
#3514=CARTESIAN_POINT('',(-0.00661137591262004,-0.0196275141911751,0.0025));
#3515=CARTESIAN_POINT('',(-0.00661137591262004,-0.0196275141911751,0.0025));
#3516=CARTESIAN_POINT('',(-0.00661137591262004,-0.0196275141911751,0.0015));
#3517=CARTESIAN_POINT('',(-0.077823372900486,-0.0196275141911751,0.0025));
#3518=CARTESIAN_POINT('',(-0.0266113759126201,-0.0196275141911751,0.0025));
#3519=CARTESIAN_POINT('',(-0.0266113759126201,-0.0196275141911751,0.0025));
#3520=CARTESIAN_POINT('',(-0.0266113759126201,-0.0196275141911751,0.0015));
#3521=CARTESIAN_POINT('',(-0.077823372900486,-0.0196275141911751,0.0025));
#3522=CARTESIAN_POINT('',(-0.04661137591262,-0.0196275141911751,0.0025));
#3523=CARTESIAN_POINT('',(-0.04661137591262,-0.0196275141911751,0.0025));
#3524=CARTESIAN_POINT('',(-0.04661137591262,-0.0196275141911751,0.0015));
#3525=CARTESIAN_POINT('',(-0.077823372900486,-0.0196275141911751,0.0025));
#3526=CARTESIAN_POINT('',(-0.0666113759126203,-0.0196275141911751,0.0025));
#3527=CARTESIAN_POINT('',(-0.0666113759126203,-0.0196275141911751,0.0025));
#3528=CARTESIAN_POINT('',(-0.0666113759126203,-0.0196275141911751,0.0015));
#3529=CARTESIAN_POINT('',(-0.077823372900486,-0.0196275141911751,0.0025));
#3530=CARTESIAN_POINT('',(-0.0875353698883521,-0.0196275141911751,0.0025));
#3531=CARTESIAN_POINT('',(-0.0875353698883521,-0.0196275141911751,0.0025));
#3532=CARTESIAN_POINT('',(-0.0875353698883521,-0.0196275141911751,0.0015));
#3533=CARTESIAN_POINT('',(-0.077823372900486,-0.0196275141911751,0.0025));
#3534=CARTESIAN_POINT('',(-0.107535369888352,-0.0196275141911751,0.0025));
#3535=CARTESIAN_POINT('',(-0.107535369888352,-0.0196275141911751,0.0025));
#3536=CARTESIAN_POINT('',(-0.107535369888352,-0.0196275141911751,0.0015));
#3537=CARTESIAN_POINT('',(-0.077823372900486,-0.0196275141911751,0.0025));
#3538=CARTESIAN_POINT('',(-0.127535369888352,-0.0196275141911751,0.0025));
#3539=CARTESIAN_POINT('',(-0.127535369888352,-0.0196275141911751,0.0025));
#3540=CARTESIAN_POINT('',(-0.127535369888352,-0.0196275141911751,0.0015));
#3541=CARTESIAN_POINT('',(-0.077823372900486,-0.0196275141911751,0.0025));
#3542=CARTESIAN_POINT('',(-0.147535369888352,-0.0196275141911751,0.0025));
#3543=CARTESIAN_POINT('',(-0.147535369888352,-0.0196275141911751,0.0025));
#3544=CARTESIAN_POINT('',(-0.147535369888352,-0.0196275141911751,0.0015));
#3545=CARTESIAN_POINT('',(-0.077823372900486,-0.0196275141911751,0.0025));
#3546=MECHANICAL_DESIGN_GEOMETRIC_PRESENTATION_REPRESENTATION('',(#2207),
#3547);
#3547=(
GEOMETRIC_REPRESENTATION_CONTEXT(3)
GLOBAL_UNCERTAINTY_ASSIGNED_CONTEXT((#3548))
GLOBAL_UNIT_ASSIGNED_CONTEXT((#3551,#3550,#3549))
REPRESENTATION_CONTEXT('Part 1','TOP_LEVEL_ASSEMBLY_PART')
);
#3548=UNCERTAINTY_MEASURE_WITH_UNIT(LENGTH_MEASURE(1.E-8),#3551,
'DISTANCE_ACCURACY_VALUE','Maximum Tolerance applied to model');
#3549=(
NAMED_UNIT(*)
SI_UNIT($,.STERADIAN.)
SOLID_ANGLE_UNIT()
);
#3550=(
NAMED_UNIT(*)
PLANE_ANGLE_UNIT()
SI_UNIT($,.RADIAN.)
);
#3551=(
LENGTH_UNIT()
NAMED_UNIT(*)
SI_UNIT($,.METRE.)
);
#3552=PRODUCT_DEFINITION_SHAPE('','',#3553);
#3553=PRODUCT_DEFINITION('','',#3555,#3554);
#3554=PRODUCT_DEFINITION_CONTEXT('',#3561,'design');
#3555=PRODUCT_DEFINITION_FORMATION_WITH_SPECIFIED_SOURCE('','',#3557,
 .NOT_KNOWN.);
#3556=PRODUCT_RELATED_PRODUCT_CATEGORY('','',(#3557));
#3557=PRODUCT('Part 1','Part 1','Part 1',(#3559));
#3558=PRODUCT_CATEGORY('','');
#3559=PRODUCT_CONTEXT('',#3561,'mechanical');
#3560=APPLICATION_PROTOCOL_DEFINITION('international standard',
'ap242_managed_model_based_3d_engineering',2020,#3561);
#3561=APPLICATION_CONTEXT('managed model based 3d engineering');
ENDSEC;
END-ISO-10303-21;
