ISO-10303-21;
HEADER;
/* Generated by software containing ST-Developer
 * from STEP Tools, Inc. (www.steptools.com) 
 */
/* OPTION: using custom renumber hook */

FILE_DESCRIPTION(
/* description */ ('STEP AP242 Edition 2',
'CAx-IF Rec.Pracs.---Representation and Presentation of Product Manufa
cturing Information (PMI)---4.0---2014-10-13',
'CAx-IF Rec.Pracs.---3D Tessellated Geometry---0.4---2014-09-14','2;1',
'CAx-IF Rec.Pracs.---User Defined Attributes---1.5---2016-08-15'),
/* implementation_level */ '2;1');

FILE_NAME(
/* name */ 'Part Studio 7',
/* time_stamp */ '2026-09-09T15:03:48Z',
/* author */ (''),
/* organization */ (''),
/* preprocessor_version */ 'ST-DEVELOPER v20',
/* originating_system */ 'ONSHAPE BY PTC INC, 1.220',
/* authorisation */ '  ');

FILE_SCHEMA (('AP242_MANAGED_MODEL_BASED_3D_ENGINEERING_MIM_LF { 1 0 10303 442 3 1 4 }'));
ENDSEC;

DATA;
#10=SHAPE_REPRESENTATION_RELATIONSHIP('','',#3255,#11);
#11=ADVANCED_BREP_SHAPE_REPRESENTATION('',(#3253),#5133);
#12=CYLINDRICAL_SURFACE('',#3417,0.0025);
#13=CYLINDRICAL_SURFACE('',#3418,0.001);
#14=CYLINDRICAL_SURFACE('',#3419,0.0025);
#15=CYLINDRICAL_SURFACE('',#3420,0.001);
#16=CYLINDRICAL_SURFACE('',#3421,0.0025);
#17=CYLINDRICAL_SURFACE('',#3422,0.001);
#18=CYLINDRICAL_SURFACE('',#3423,0.0025);
#19=CYLINDRICAL_SURFACE('',#3424,0.001);
#20=CYLINDRICAL_SURFACE('',#3425,0.0025);
#21=CYLINDRICAL_SURFACE('',#3426,0.001);
#22=CYLINDRICAL_SURFACE('',#3427,0.0025);
#23=CYLINDRICAL_SURFACE('',#3428,0.001);
#24=CYLINDRICAL_SURFACE('',#3429,0.0025);
#25=CYLINDRICAL_SURFACE('',#3430,0.001);
#26=CYLINDRICAL_SURFACE('',#3431,0.0025);
#27=CYLINDRICAL_SURFACE('',#3432,0.001);
#28=LINE('',#4222,#456);
#29=LINE('',#4224,#457);
#30=LINE('',#4226,#458);
#31=LINE('',#4230,#459);
#32=LINE('',#4235,#460);
#33=LINE('',#4237,#461);
#34=LINE('',#4244,#462);
#35=LINE('',#4246,#463);
#36=LINE('',#4248,#464);
#37=LINE('',#4252,#465);
#38=LINE('',#4257,#466);
#39=LINE('',#4259,#467);
#40=LINE('',#4266,#468);
#41=LINE('',#4268,#469);
#42=LINE('',#4270,#470);
#43=LINE('',#4274,#471);
#44=LINE('',#4279,#472);
#45=LINE('',#4281,#473);
#46=LINE('',#4288,#474);
#47=LINE('',#4290,#475);
#48=LINE('',#4292,#476);
#49=LINE('',#4296,#477);
#50=LINE('',#4301,#478);
#51=LINE('',#4303,#479);
#52=LINE('',#4310,#480);
#53=LINE('',#4312,#481);
#54=LINE('',#4314,#482);
#55=LINE('',#4318,#483);
#56=LINE('',#4323,#484);
#57=LINE('',#4325,#485);
#58=LINE('',#4332,#486);
#59=LINE('',#4334,#487);
#60=LINE('',#4336,#488);
#61=LINE('',#4340,#489);
#62=LINE('',#4345,#490);
#63=LINE('',#4347,#491);
#64=LINE('',#4354,#492);
#65=LINE('',#4356,#493);
#66=LINE('',#4358,#494);
#67=LINE('',#4362,#495);
#68=LINE('',#4367,#496);
#69=LINE('',#4369,#497);
#70=LINE('',#4376,#498);
#71=LINE('',#4378,#499);
#72=LINE('',#4380,#500);
#73=LINE('',#4384,#501);
#74=LINE('',#4389,#502);
#75=LINE('',#4391,#503);
#76=LINE('',#4393,#504);
#77=LINE('',#4396,#505);
#78=LINE('',#4398,#506);
#79=LINE('',#4400,#507);
#80=LINE('',#4402,#508);
#81=LINE('',#4405,#509);
#82=LINE('',#4407,#510);
#83=LINE('',#4409,#511);
#84=LINE('',#4411,#512);
#85=LINE('',#4413,#513);
#86=LINE('',#4414,#514);
#87=LINE('',#4416,#515);
#88=LINE('',#4418,#516);
#89=LINE('',#4420,#517);
#90=LINE('',#4422,#518);
#91=LINE('',#4424,#519);
#92=LINE('',#4426,#520);
#93=LINE('',#4428,#521);
#94=LINE('',#4430,#522);
#95=LINE('',#4432,#523);
#96=LINE('',#4433,#524);
#97=LINE('',#4435,#525);
#98=LINE('',#4437,#526);
#99=LINE('',#4439,#527);
#100=LINE('',#4441,#528);
#101=LINE('',#4442,#529);
#102=LINE('',#4444,#530);
#103=LINE('',#4446,#531);
#104=LINE('',#4448,#532);
#105=LINE('',#4450,#533);
#106=LINE('',#4451,#534);
#107=LINE('',#4453,#535);
#108=LINE('',#4455,#536);
#109=LINE('',#4456,#537);
#110=LINE('',#4457,#538);
#111=LINE('',#4459,#539);
#112=LINE('',#4461,#540);
#113=LINE('',#4462,#541);
#114=LINE('',#4463,#542);
#115=LINE('',#4465,#543);
#116=LINE('',#4467,#544);
#117=LINE('',#4469,#545);
#118=LINE('',#4471,#546);
#119=LINE('',#4472,#547);
#120=LINE('',#4473,#548);
#121=LINE('',#4475,#549);
#122=LINE('',#4477,#550);
#123=LINE('',#4479,#551);
#124=LINE('',#4481,#552);
#125=LINE('',#4482,#553);
#126=LINE('',#4483,#554);
#127=LINE('',#4485,#555);
#128=LINE('',#4487,#556);
#129=LINE('',#4489,#557);
#130=LINE('',#4491,#558);
#131=LINE('',#4492,#559);
#132=LINE('',#4493,#560);
#133=LINE('',#4495,#561);
#134=LINE('',#4497,#562);
#135=LINE('',#4499,#563);
#136=LINE('',#4501,#564);
#137=LINE('',#4502,#565);
#138=LINE('',#4503,#566);
#139=LINE('',#4505,#567);
#140=LINE('',#4507,#568);
#141=LINE('',#4509,#569);
#142=LINE('',#4511,#570);
#143=LINE('',#4512,#571);
#144=LINE('',#4513,#572);
#145=LINE('',#4515,#573);
#146=LINE('',#4517,#574);
#147=LINE('',#4519,#575);
#148=LINE('',#4521,#576);
#149=LINE('',#4522,#577);
#150=LINE('',#4523,#578);
#151=LINE('',#4525,#579);
#152=LINE('',#4527,#580);
#153=LINE('',#4529,#581);
#154=LINE('',#4531,#582);
#155=LINE('',#4533,#583);
#156=LINE('',#4535,#584);
#157=LINE('',#4537,#585);
#158=LINE('',#4539,#586);
#159=LINE('',#4541,#587);
#160=LINE('',#4543,#588);
#161=LINE('',#4545,#589);
#162=LINE('',#4547,#590);
#163=LINE('',#4549,#591);
#164=LINE('',#4551,#592);
#165=LINE('',#4553,#593);
#166=LINE('',#4555,#594);
#167=LINE('',#4557,#595);
#168=LINE('',#4559,#596);
#169=LINE('',#4561,#597);
#170=LINE('',#4563,#598);
#171=LINE('',#4565,#599);
#172=LINE('',#4567,#600);
#173=LINE('',#4569,#601);
#174=LINE('',#4571,#602);
#175=LINE('',#4573,#603);
#176=LINE('',#4575,#604);
#177=LINE('',#4577,#605);
#178=LINE('',#4579,#606);
#179=LINE('',#4580,#607);
#180=LINE('',#4583,#608);
#181=LINE('',#4585,#609);
#182=LINE('',#4587,#610);
#183=LINE('',#4588,#611);
#184=LINE('',#4591,#612);
#185=LINE('',#4593,#613);
#186=LINE('',#4595,#614);
#187=LINE('',#4596,#615);
#188=LINE('',#4599,#616);
#189=LINE('',#4601,#617);
#190=LINE('',#4603,#618);
#191=LINE('',#4604,#619);
#192=LINE('',#4607,#620);
#193=LINE('',#4609,#621);
#194=LINE('',#4611,#622);
#195=LINE('',#4612,#623);
#196=LINE('',#4615,#624);
#197=LINE('',#4617,#625);
#198=LINE('',#4619,#626);
#199=LINE('',#4620,#627);
#200=LINE('',#4623,#628);
#201=LINE('',#4625,#629);
#202=LINE('',#4627,#630);
#203=LINE('',#4628,#631);
#204=LINE('',#4631,#632);
#205=LINE('',#4633,#633);
#206=LINE('',#4635,#634);
#207=LINE('',#4636,#635);
#208=LINE('',#4639,#636);
#209=LINE('',#4641,#637);
#210=LINE('',#4643,#638);
#211=LINE('',#4644,#639);
#212=LINE('',#4647,#640);
#213=LINE('',#4649,#641);
#214=LINE('',#4651,#642);
#215=LINE('',#4652,#643);
#216=LINE('',#4655,#644);
#217=LINE('',#4657,#645);
#218=LINE('',#4659,#646);
#219=LINE('',#4660,#647);
#220=LINE('',#4663,#648);
#221=LINE('',#4665,#649);
#222=LINE('',#4667,#650);
#223=LINE('',#4668,#651);
#224=LINE('',#4671,#652);
#225=LINE('',#4673,#653);
#226=LINE('',#4675,#654);
#227=LINE('',#4677,#655);
#228=LINE('',#4679,#656);
#229=LINE('',#4681,#657);
#230=LINE('',#4682,#658);
#231=LINE('',#4684,#659);
#232=LINE('',#4686,#660);
#233=LINE('',#4687,#661);
#234=LINE('',#4689,#662);
#235=LINE('',#4691,#663);
#236=LINE('',#4692,#664);
#237=LINE('',#4694,#665);
#238=LINE('',#4696,#666);
#239=LINE('',#4698,#667);
#240=LINE('',#4700,#668);
#241=LINE('',#4702,#669);
#242=LINE('',#4703,#670);
#243=LINE('',#4705,#671);
#244=LINE('',#4707,#672);
#245=LINE('',#4708,#673);
#246=LINE('',#4710,#674);
#247=LINE('',#4712,#675);
#248=LINE('',#4713,#676);
#249=LINE('',#4715,#677);
#250=LINE('',#4717,#678);
#251=LINE('',#4719,#679);
#252=LINE('',#4721,#680);
#253=LINE('',#4723,#681);
#254=LINE('',#4725,#682);
#255=LINE('',#4727,#683);
#256=LINE('',#4729,#684);
#257=LINE('',#4731,#685);
#258=LINE('',#4732,#686);
#259=LINE('',#4734,#687);
#260=LINE('',#4736,#688);
#261=LINE('',#4737,#689);
#262=LINE('',#4739,#690);
#263=LINE('',#4741,#691);
#264=LINE('',#4742,#692);
#265=LINE('',#4744,#693);
#266=LINE('',#4746,#694);
#267=LINE('',#4748,#695);
#268=LINE('',#4750,#696);
#269=LINE('',#4752,#697);
#270=LINE('',#4753,#698);
#271=LINE('',#4755,#699);
#272=LINE('',#4757,#700);
#273=LINE('',#4758,#701);
#274=LINE('',#4760,#702);
#275=LINE('',#4762,#703);
#276=LINE('',#4763,#704);
#277=LINE('',#4765,#705);
#278=LINE('',#4767,#706);
#279=LINE('',#4769,#707);
#280=LINE('',#4771,#708);
#281=LINE('',#4773,#709);
#282=LINE('',#4775,#710);
#283=LINE('',#4777,#711);
#284=LINE('',#4779,#712);
#285=LINE('',#4781,#713);
#286=LINE('',#4782,#714);
#287=LINE('',#4784,#715);
#288=LINE('',#4786,#716);
#289=LINE('',#4787,#717);
#290=LINE('',#4789,#718);
#291=LINE('',#4791,#719);
#292=LINE('',#4792,#720);
#293=LINE('',#4794,#721);
#294=LINE('',#4796,#722);
#295=LINE('',#4798,#723);
#296=LINE('',#4800,#724);
#297=LINE('',#4802,#725);
#298=LINE('',#4803,#726);
#299=LINE('',#4805,#727);
#300=LINE('',#4807,#728);
#301=LINE('',#4808,#729);
#302=LINE('',#4810,#730);
#303=LINE('',#4812,#731);
#304=LINE('',#4813,#732);
#305=LINE('',#4815,#733);
#306=LINE('',#4817,#734);
#307=LINE('',#4819,#735);
#308=LINE('',#4821,#736);
#309=LINE('',#4823,#737);
#310=LINE('',#4825,#738);
#311=LINE('',#4827,#739);
#312=LINE('',#4829,#740);
#313=LINE('',#4831,#741);
#314=LINE('',#4832,#742);
#315=LINE('',#4834,#743);
#316=LINE('',#4836,#744);
#317=LINE('',#4837,#745);
#318=LINE('',#4839,#746);
#319=LINE('',#4841,#747);
#320=LINE('',#4842,#748);
#321=LINE('',#4844,#749);
#322=LINE('',#4846,#750);
#323=LINE('',#4848,#751);
#324=LINE('',#4850,#752);
#325=LINE('',#4852,#753);
#326=LINE('',#4853,#754);
#327=LINE('',#4855,#755);
#328=LINE('',#4857,#756);
#329=LINE('',#4858,#757);
#330=LINE('',#4860,#758);
#331=LINE('',#4862,#759);
#332=LINE('',#4863,#760);
#333=LINE('',#4865,#761);
#334=LINE('',#4867,#762);
#335=LINE('',#4869,#763);
#336=LINE('',#4871,#764);
#337=LINE('',#4873,#765);
#338=LINE('',#4875,#766);
#339=LINE('',#4877,#767);
#340=LINE('',#4879,#768);
#341=LINE('',#4881,#769);
#342=LINE('',#4882,#770);
#343=LINE('',#4884,#771);
#344=LINE('',#4886,#772);
#345=LINE('',#4887,#773);
#346=LINE('',#4889,#774);
#347=LINE('',#4891,#775);
#348=LINE('',#4892,#776);
#349=LINE('',#4894,#777);
#350=LINE('',#4896,#778);
#351=LINE('',#4898,#779);
#352=LINE('',#4900,#780);
#353=LINE('',#4902,#781);
#354=LINE('',#4903,#782);
#355=LINE('',#4905,#783);
#356=LINE('',#4907,#784);
#357=LINE('',#4908,#785);
#358=LINE('',#4910,#786);
#359=LINE('',#4912,#787);
#360=LINE('',#4913,#788);
#361=LINE('',#4915,#789);
#362=LINE('',#4917,#790);
#363=LINE('',#4919,#791);
#364=LINE('',#4921,#792);
#365=LINE('',#4923,#793);
#366=LINE('',#4925,#794);
#367=LINE('',#4927,#795);
#368=LINE('',#4929,#796);
#369=LINE('',#4931,#797);
#370=LINE('',#4932,#798);
#371=LINE('',#4934,#799);
#372=LINE('',#4936,#800);
#373=LINE('',#4937,#801);
#374=LINE('',#4939,#802);
#375=LINE('',#4941,#803);
#376=LINE('',#4942,#804);
#377=LINE('',#4944,#805);
#378=LINE('',#4946,#806);
#379=LINE('',#4948,#807);
#380=LINE('',#4950,#808);
#381=LINE('',#4952,#809);
#382=LINE('',#4953,#810);
#383=LINE('',#4955,#811);
#384=LINE('',#4957,#812);
#385=LINE('',#4958,#813);
#386=LINE('',#4960,#814);
#387=LINE('',#4962,#815);
#388=LINE('',#4963,#816);
#389=LINE('',#4965,#817);
#390=LINE('',#4967,#818);
#391=LINE('',#4969,#819);
#392=LINE('',#4971,#820);
#393=LINE('',#4973,#821);
#394=LINE('',#4975,#822);
#395=LINE('',#4977,#823);
#396=LINE('',#4979,#824);
#397=LINE('',#4981,#825);
#398=LINE('',#4982,#826);
#399=LINE('',#4984,#827);
#400=LINE('',#4986,#828);
#401=LINE('',#4987,#829);
#402=LINE('',#4989,#830);
#403=LINE('',#4991,#831);
#404=LINE('',#4992,#832);
#405=LINE('',#4994,#833);
#406=LINE('',#4996,#834);
#407=LINE('',#4998,#835);
#408=LINE('',#5000,#836);
#409=LINE('',#5002,#837);
#410=LINE('',#5004,#838);
#411=LINE('',#5006,#839);
#412=LINE('',#5008,#840);
#413=LINE('',#5010,#841);
#414=LINE('',#5012,#842);
#415=LINE('',#5014,#843);
#416=LINE('',#5017,#844);
#417=LINE('',#5019,#845);
#418=LINE('',#5022,#846);
#419=LINE('',#5024,#847);
#420=LINE('',#5027,#848);
#421=LINE('',#5029,#849);
#422=LINE('',#5032,#850);
#423=LINE('',#5034,#851);
#424=LINE('',#5037,#852);
#425=LINE('',#5039,#853);
#426=LINE('',#5042,#854);
#427=LINE('',#5044,#855);
#428=LINE('',#5047,#856);
#429=LINE('',#5049,#857);
#430=LINE('',#5052,#858);
#431=LINE('',#5054,#859);
#432=LINE('',#5057,#860);
#433=LINE('',#5059,#861);
#434=LINE('',#5062,#862);
#435=LINE('',#5064,#863);
#436=LINE('',#5067,#864);
#437=LINE('',#5069,#865);
#438=LINE('',#5072,#866);
#439=LINE('',#5074,#867);
#440=LINE('',#5077,#868);
#441=LINE('',#5079,#869);
#442=LINE('',#5082,#870);
#443=LINE('',#5084,#871);
#444=LINE('',#5087,#872);
#445=LINE('',#5089,#873);
#446=LINE('',#5092,#874);
#447=LINE('',#5094,#875);
#448=LINE('',#5097,#876);
#449=LINE('',#5099,#877);
#450=LINE('',#5102,#878);
#451=LINE('',#5104,#879);
#452=LINE('',#5107,#880);
#453=LINE('',#5109,#881);
#454=LINE('',#5112,#882);
#455=LINE('',#5114,#883);
#456=VECTOR('',#3441,1.);
#457=VECTOR('',#3442,1.);
#458=VECTOR('',#3443,1.);
#459=VECTOR('',#3448,1.);
#460=VECTOR('',#3451,1.);
#461=VECTOR('',#3452,1.);
#462=VECTOR('',#3459,1.);
#463=VECTOR('',#3460,1.);
#464=VECTOR('',#3461,1.);
#465=VECTOR('',#3466,1.);
#466=VECTOR('',#3469,1.);
#467=VECTOR('',#3470,1.);
#468=VECTOR('',#3477,1.);
#469=VECTOR('',#3478,1.);
#470=VECTOR('',#3479,1.);
#471=VECTOR('',#3484,1.);
#472=VECTOR('',#3487,1.);
#473=VECTOR('',#3488,1.);
#474=VECTOR('',#3495,1.);
#475=VECTOR('',#3496,1.);
#476=VECTOR('',#3497,1.);
#477=VECTOR('',#3502,1.);
#478=VECTOR('',#3505,1.);
#479=VECTOR('',#3506,1.);
#480=VECTOR('',#3513,1.);
#481=VECTOR('',#3514,1.);
#482=VECTOR('',#3515,1.);
#483=VECTOR('',#3520,1.);
#484=VECTOR('',#3523,1.);
#485=VECTOR('',#3524,1.);
#486=VECTOR('',#3531,1.);
#487=VECTOR('',#3532,1.);
#488=VECTOR('',#3533,1.);
#489=VECTOR('',#3538,1.);
#490=VECTOR('',#3541,1.);
#491=VECTOR('',#3542,1.);
#492=VECTOR('',#3549,1.);
#493=VECTOR('',#3550,1.);
#494=VECTOR('',#3551,1.);
#495=VECTOR('',#3556,1.);
#496=VECTOR('',#3559,1.);
#497=VECTOR('',#3560,1.);
#498=VECTOR('',#3567,1.);
#499=VECTOR('',#3568,1.);
#500=VECTOR('',#3569,1.);
#501=VECTOR('',#3574,1.);
#502=VECTOR('',#3577,1.);
#503=VECTOR('',#3578,1.);
#504=VECTOR('',#3581,1.);
#505=VECTOR('',#3582,1.);
#506=VECTOR('',#3583,1.);
#507=VECTOR('',#3584,1.);
#508=VECTOR('',#3587,1.);
#509=VECTOR('',#3588,1.);
#510=VECTOR('',#3589,1.);
#511=VECTOR('',#3590,1.);
#512=VECTOR('',#3591,1.);
#513=VECTOR('',#3592,1.);
#514=VECTOR('',#3593,1.);
#515=VECTOR('',#3594,1.);
#516=VECTOR('',#3595,1.);
#517=VECTOR('',#3596,1.);
#518=VECTOR('',#3597,1.);
#519=VECTOR('',#3598,1.);
#520=VECTOR('',#3599,1.);
#521=VECTOR('',#3600,1.);
#522=VECTOR('',#3601,1.);
#523=VECTOR('',#3604,1.);
#524=VECTOR('',#3605,1.);
#525=VECTOR('',#3608,1.);
#526=VECTOR('',#3609,1.);
#527=VECTOR('',#3610,1.);
#528=VECTOR('',#3613,1.);
#529=VECTOR('',#3614,1.);
#530=VECTOR('',#3617,1.);
#531=VECTOR('',#3620,1.);
#532=VECTOR('',#3621,1.);
#533=VECTOR('',#3622,1.);
#534=VECTOR('',#3623,1.);
#535=VECTOR('',#3624,1.);
#536=VECTOR('',#3625,1.);
#537=VECTOR('',#3626,1.);
#538=VECTOR('',#3627,1.);
#539=VECTOR('',#3628,1.);
#540=VECTOR('',#3629,1.);
#541=VECTOR('',#3630,1.);
#542=VECTOR('',#3631,1.);
#543=VECTOR('',#3632,1.);
#544=VECTOR('',#3633,1.);
#545=VECTOR('',#3634,1.);
#546=VECTOR('',#3635,1.);
#547=VECTOR('',#3636,1.);
#548=VECTOR('',#3637,1.);
#549=VECTOR('',#3638,1.);
#550=VECTOR('',#3639,1.);
#551=VECTOR('',#3640,1.);
#552=VECTOR('',#3641,1.);
#553=VECTOR('',#3642,1.);
#554=VECTOR('',#3643,1.);
#555=VECTOR('',#3644,1.);
#556=VECTOR('',#3645,1.);
#557=VECTOR('',#3646,1.);
#558=VECTOR('',#3647,1.);
#559=VECTOR('',#3648,1.);
#560=VECTOR('',#3649,1.);
#561=VECTOR('',#3650,1.);
#562=VECTOR('',#3651,1.);
#563=VECTOR('',#3652,1.);
#564=VECTOR('',#3653,1.);
#565=VECTOR('',#3654,1.);
#566=VECTOR('',#3655,1.);
#567=VECTOR('',#3656,1.);
#568=VECTOR('',#3657,1.);
#569=VECTOR('',#3658,1.);
#570=VECTOR('',#3659,1.);
#571=VECTOR('',#3660,1.);
#572=VECTOR('',#3661,1.);
#573=VECTOR('',#3662,1.);
#574=VECTOR('',#3663,1.);
#575=VECTOR('',#3664,1.);
#576=VECTOR('',#3665,1.);
#577=VECTOR('',#3666,1.);
#578=VECTOR('',#3667,1.);
#579=VECTOR('',#3668,1.);
#580=VECTOR('',#3669,1.);
#581=VECTOR('',#3670,1.);
#582=VECTOR('',#3671,1.);
#583=VECTOR('',#3672,1.);
#584=VECTOR('',#3673,1.);
#585=VECTOR('',#3674,1.);
#586=VECTOR('',#3675,1.);
#587=VECTOR('',#3676,1.);
#588=VECTOR('',#3677,1.);
#589=VECTOR('',#3678,1.);
#590=VECTOR('',#3679,1.);
#591=VECTOR('',#3680,1.);
#592=VECTOR('',#3681,1.);
#593=VECTOR('',#3682,1.);
#594=VECTOR('',#3683,1.);
#595=VECTOR('',#3684,1.);
#596=VECTOR('',#3685,1.);
#597=VECTOR('',#3686,1.);
#598=VECTOR('',#3687,1.);
#599=VECTOR('',#3688,1.);
#600=VECTOR('',#3689,1.);
#601=VECTOR('',#3690,1.);
#602=VECTOR('',#3691,1.);
#603=VECTOR('',#3692,1.);
#604=VECTOR('',#3693,1.);
#605=VECTOR('',#3694,1.);
#606=VECTOR('',#3695,1.);
#607=VECTOR('',#3696,1.);
#608=VECTOR('',#3697,1.);
#609=VECTOR('',#3698,1.);
#610=VECTOR('',#3699,1.);
#611=VECTOR('',#3700,1.);
#612=VECTOR('',#3701,1.);
#613=VECTOR('',#3702,1.);
#614=VECTOR('',#3703,1.);
#615=VECTOR('',#3704,1.);
#616=VECTOR('',#3705,1.);
#617=VECTOR('',#3706,1.);
#618=VECTOR('',#3707,1.);
#619=VECTOR('',#3708,1.);
#620=VECTOR('',#3709,1.);
#621=VECTOR('',#3710,1.);
#622=VECTOR('',#3711,1.);
#623=VECTOR('',#3712,1.);
#624=VECTOR('',#3713,1.);
#625=VECTOR('',#3714,1.);
#626=VECTOR('',#3715,1.);
#627=VECTOR('',#3716,1.);
#628=VECTOR('',#3717,1.);
#629=VECTOR('',#3718,1.);
#630=VECTOR('',#3719,1.);
#631=VECTOR('',#3720,1.);
#632=VECTOR('',#3721,1.);
#633=VECTOR('',#3722,1.);
#634=VECTOR('',#3723,1.);
#635=VECTOR('',#3724,1.);
#636=VECTOR('',#3725,1.);
#637=VECTOR('',#3726,1.);
#638=VECTOR('',#3727,1.);
#639=VECTOR('',#3728,1.);
#640=VECTOR('',#3729,1.);
#641=VECTOR('',#3730,1.);
#642=VECTOR('',#3731,1.);
#643=VECTOR('',#3732,1.);
#644=VECTOR('',#3733,1.);
#645=VECTOR('',#3734,1.);
#646=VECTOR('',#3735,1.);
#647=VECTOR('',#3736,1.);
#648=VECTOR('',#3737,1.);
#649=VECTOR('',#3738,1.);
#650=VECTOR('',#3739,1.);
#651=VECTOR('',#3740,1.);
#652=VECTOR('',#3741,1.);
#653=VECTOR('',#3742,1.);
#654=VECTOR('',#3743,1.);
#655=VECTOR('',#3746,1.);
#656=VECTOR('',#3747,1.);
#657=VECTOR('',#3748,1.);
#658=VECTOR('',#3749,1.);
#659=VECTOR('',#3750,1.);
#660=VECTOR('',#3751,1.);
#661=VECTOR('',#3752,1.);
#662=VECTOR('',#3753,1.);
#663=VECTOR('',#3754,1.);
#664=VECTOR('',#3755,1.);
#665=VECTOR('',#3756,1.);
#666=VECTOR('',#3757,1.);
#667=VECTOR('',#3760,1.);
#668=VECTOR('',#3761,1.);
#669=VECTOR('',#3762,1.);
#670=VECTOR('',#3763,1.);
#671=VECTOR('',#3764,1.);
#672=VECTOR('',#3765,1.);
#673=VECTOR('',#3766,1.);
#674=VECTOR('',#3767,1.);
#675=VECTOR('',#3768,1.);
#676=VECTOR('',#3769,1.);
#677=VECTOR('',#3770,1.);
#678=VECTOR('',#3771,1.);
#679=VECTOR('',#3774,1.);
#680=VECTOR('',#3777,1.);
#681=VECTOR('',#3780,1.);
#682=VECTOR('',#3783,1.);
#683=VECTOR('',#3786,1.);
#684=VECTOR('',#3787,1.);
#685=VECTOR('',#3788,1.);
#686=VECTOR('',#3789,1.);
#687=VECTOR('',#3790,1.);
#688=VECTOR('',#3791,1.);
#689=VECTOR('',#3792,1.);
#690=VECTOR('',#3793,1.);
#691=VECTOR('',#3794,1.);
#692=VECTOR('',#3795,1.);
#693=VECTOR('',#3796,1.);
#694=VECTOR('',#3797,1.);
#695=VECTOR('',#3800,1.);
#696=VECTOR('',#3801,1.);
#697=VECTOR('',#3802,1.);
#698=VECTOR('',#3803,1.);
#699=VECTOR('',#3804,1.);
#700=VECTOR('',#3805,1.);
#701=VECTOR('',#3806,1.);
#702=VECTOR('',#3807,1.);
#703=VECTOR('',#3808,1.);
#704=VECTOR('',#3809,1.);
#705=VECTOR('',#3810,1.);
#706=VECTOR('',#3811,1.);
#707=VECTOR('',#3814,1.);
#708=VECTOR('',#3817,1.);
#709=VECTOR('',#3820,1.);
#710=VECTOR('',#3823,1.);
#711=VECTOR('',#3826,1.);
#712=VECTOR('',#3827,1.);
#713=VECTOR('',#3828,1.);
#714=VECTOR('',#3829,1.);
#715=VECTOR('',#3830,1.);
#716=VECTOR('',#3831,1.);
#717=VECTOR('',#3832,1.);
#718=VECTOR('',#3833,1.);
#719=VECTOR('',#3834,1.);
#720=VECTOR('',#3835,1.);
#721=VECTOR('',#3836,1.);
#722=VECTOR('',#3837,1.);
#723=VECTOR('',#3840,1.);
#724=VECTOR('',#3841,1.);
#725=VECTOR('',#3842,1.);
#726=VECTOR('',#3843,1.);
#727=VECTOR('',#3844,1.);
#728=VECTOR('',#3845,1.);
#729=VECTOR('',#3846,1.);
#730=VECTOR('',#3847,1.);
#731=VECTOR('',#3848,1.);
#732=VECTOR('',#3849,1.);
#733=VECTOR('',#3850,1.);
#734=VECTOR('',#3851,1.);
#735=VECTOR('',#3854,1.);
#736=VECTOR('',#3857,1.);
#737=VECTOR('',#3860,1.);
#738=VECTOR('',#3863,1.);
#739=VECTOR('',#3866,1.);
#740=VECTOR('',#3867,1.);
#741=VECTOR('',#3868,1.);
#742=VECTOR('',#3869,1.);
#743=VECTOR('',#3870,1.);
#744=VECTOR('',#3871,1.);
#745=VECTOR('',#3872,1.);
#746=VECTOR('',#3873,1.);
#747=VECTOR('',#3874,1.);
#748=VECTOR('',#3875,1.);
#749=VECTOR('',#3876,1.);
#750=VECTOR('',#3877,1.);
#751=VECTOR('',#3880,1.);
#752=VECTOR('',#3881,1.);
#753=VECTOR('',#3882,1.);
#754=VECTOR('',#3883,1.);
#755=VECTOR('',#3884,1.);
#756=VECTOR('',#3885,1.);
#757=VECTOR('',#3886,1.);
#758=VECTOR('',#3887,1.);
#759=VECTOR('',#3888,1.);
#760=VECTOR('',#3889,1.);
#761=VECTOR('',#3890,1.);
#762=VECTOR('',#3891,1.);
#763=VECTOR('',#3894,1.);
#764=VECTOR('',#3897,1.);
#765=VECTOR('',#3900,1.);
#766=VECTOR('',#3903,1.);
#767=VECTOR('',#3906,1.);
#768=VECTOR('',#3907,1.);
#769=VECTOR('',#3908,1.);
#770=VECTOR('',#3909,1.);
#771=VECTOR('',#3910,1.);
#772=VECTOR('',#3911,1.);
#773=VECTOR('',#3912,1.);
#774=VECTOR('',#3913,1.);
#775=VECTOR('',#3914,1.);
#776=VECTOR('',#3915,1.);
#777=VECTOR('',#3916,1.);
#778=VECTOR('',#3917,1.);
#779=VECTOR('',#3920,1.);
#780=VECTOR('',#3921,1.);
#781=VECTOR('',#3922,1.);
#782=VECTOR('',#3923,1.);
#783=VECTOR('',#3924,1.);
#784=VECTOR('',#3925,1.);
#785=VECTOR('',#3926,1.);
#786=VECTOR('',#3927,1.);
#787=VECTOR('',#3928,1.);
#788=VECTOR('',#3929,1.);
#789=VECTOR('',#3930,1.);
#790=VECTOR('',#3931,1.);
#791=VECTOR('',#3934,1.);
#792=VECTOR('',#3937,1.);
#793=VECTOR('',#3940,1.);
#794=VECTOR('',#3943,1.);
#795=VECTOR('',#3946,1.);
#796=VECTOR('',#3947,1.);
#797=VECTOR('',#3948,1.);
#798=VECTOR('',#3949,1.);
#799=VECTOR('',#3950,1.);
#800=VECTOR('',#3951,1.);
#801=VECTOR('',#3952,1.);
#802=VECTOR('',#3953,1.);
#803=VECTOR('',#3954,1.);
#804=VECTOR('',#3955,1.);
#805=VECTOR('',#3956,1.);
#806=VECTOR('',#3957,1.);
#807=VECTOR('',#3960,1.);
#808=VECTOR('',#3961,1.);
#809=VECTOR('',#3962,1.);
#810=VECTOR('',#3963,1.);
#811=VECTOR('',#3964,1.);
#812=VECTOR('',#3965,1.);
#813=VECTOR('',#3966,1.);
#814=VECTOR('',#3967,1.);
#815=VECTOR('',#3968,1.);
#816=VECTOR('',#3969,1.);
#817=VECTOR('',#3970,1.);
#818=VECTOR('',#3971,1.);
#819=VECTOR('',#3974,1.);
#820=VECTOR('',#3977,1.);
#821=VECTOR('',#3980,1.);
#822=VECTOR('',#3983,1.);
#823=VECTOR('',#3986,1.);
#824=VECTOR('',#3987,1.);
#825=VECTOR('',#3988,1.);
#826=VECTOR('',#3989,1.);
#827=VECTOR('',#3990,1.);
#828=VECTOR('',#3991,1.);
#829=VECTOR('',#3992,1.);
#830=VECTOR('',#3993,1.);
#831=VECTOR('',#3994,1.);
#832=VECTOR('',#3995,1.);
#833=VECTOR('',#3996,1.);
#834=VECTOR('',#3997,1.);
#835=VECTOR('',#4000,1.);
#836=VECTOR('',#4001,1.);
#837=VECTOR('',#4002,1.);
#838=VECTOR('',#4005,1.);
#839=VECTOR('',#4008,1.);
#840=VECTOR('',#4011,1.);
#841=VECTOR('',#4014,1.);
#842=VECTOR('',#4017,1.);
#843=VECTOR('',#4020,1.);
#844=VECTOR('',#4025,1.);
#845=VECTOR('',#4028,1.);
#846=VECTOR('',#4033,1.);
#847=VECTOR('',#4036,1.);
#848=VECTOR('',#4041,1.);
#849=VECTOR('',#4044,1.);
#850=VECTOR('',#4049,1.);
#851=VECTOR('',#4052,1.);
#852=VECTOR('',#4057,1.);
#853=VECTOR('',#4060,1.);
#854=VECTOR('',#4065,1.);
#855=VECTOR('',#4068,1.);
#856=VECTOR('',#4073,1.);
#857=VECTOR('',#4076,1.);
#858=VECTOR('',#4081,1.);
#859=VECTOR('',#4084,1.);
#860=VECTOR('',#4089,1.);
#861=VECTOR('',#4092,1.);
#862=VECTOR('',#4097,1.);
#863=VECTOR('',#4100,1.);
#864=VECTOR('',#4105,1.);
#865=VECTOR('',#4108,1.);
#866=VECTOR('',#4113,1.);
#867=VECTOR('',#4116,1.);
#868=VECTOR('',#4121,1.);
#869=VECTOR('',#4124,1.);
#870=VECTOR('',#4129,1.);
#871=VECTOR('',#4132,1.);
#872=VECTOR('',#4137,1.);
#873=VECTOR('',#4140,1.);
#874=VECTOR('',#4145,1.);
#875=VECTOR('',#4148,1.);
#876=VECTOR('',#4153,1.);
#877=VECTOR('',#4156,1.);
#878=VECTOR('',#4161,1.);
#879=VECTOR('',#4164,1.);
#880=VECTOR('',#4169,1.);
#881=VECTOR('',#4172,1.);
#882=VECTOR('',#4177,1.);
#883=VECTOR('',#4180,1.);
#884=ORIENTED_EDGE('',*,*,#1804,.F.);
#885=ORIENTED_EDGE('',*,*,#1805,.T.);
#886=ORIENTED_EDGE('',*,*,#1806,.T.);
#887=ORIENTED_EDGE('',*,*,#1807,.T.);
#888=ORIENTED_EDGE('',*,*,#1808,.F.);
#889=ORIENTED_EDGE('',*,*,#1809,.T.);
#890=ORIENTED_EDGE('',*,*,#1810,.F.);
#891=ORIENTED_EDGE('',*,*,#1811,.F.);
#892=ORIENTED_EDGE('',*,*,#1812,.T.);
#893=ORIENTED_EDGE('',*,*,#1813,.F.);
#894=ORIENTED_EDGE('',*,*,#1814,.F.);
#895=ORIENTED_EDGE('',*,*,#1815,.T.);
#896=ORIENTED_EDGE('',*,*,#1816,.T.);
#897=ORIENTED_EDGE('',*,*,#1817,.T.);
#898=ORIENTED_EDGE('',*,*,#1818,.F.);
#899=ORIENTED_EDGE('',*,*,#1819,.T.);
#900=ORIENTED_EDGE('',*,*,#1820,.F.);
#901=ORIENTED_EDGE('',*,*,#1821,.F.);
#902=ORIENTED_EDGE('',*,*,#1822,.T.);
#903=ORIENTED_EDGE('',*,*,#1823,.F.);
#904=ORIENTED_EDGE('',*,*,#1824,.F.);
#905=ORIENTED_EDGE('',*,*,#1825,.T.);
#906=ORIENTED_EDGE('',*,*,#1826,.T.);
#907=ORIENTED_EDGE('',*,*,#1827,.T.);
#908=ORIENTED_EDGE('',*,*,#1828,.F.);
#909=ORIENTED_EDGE('',*,*,#1829,.T.);
#910=ORIENTED_EDGE('',*,*,#1830,.F.);
#911=ORIENTED_EDGE('',*,*,#1831,.F.);
#912=ORIENTED_EDGE('',*,*,#1832,.T.);
#913=ORIENTED_EDGE('',*,*,#1833,.F.);
#914=ORIENTED_EDGE('',*,*,#1834,.F.);
#915=ORIENTED_EDGE('',*,*,#1835,.T.);
#916=ORIENTED_EDGE('',*,*,#1836,.T.);
#917=ORIENTED_EDGE('',*,*,#1837,.T.);
#918=ORIENTED_EDGE('',*,*,#1838,.F.);
#919=ORIENTED_EDGE('',*,*,#1839,.T.);
#920=ORIENTED_EDGE('',*,*,#1840,.F.);
#921=ORIENTED_EDGE('',*,*,#1841,.F.);
#922=ORIENTED_EDGE('',*,*,#1842,.T.);
#923=ORIENTED_EDGE('',*,*,#1843,.F.);
#924=ORIENTED_EDGE('',*,*,#1844,.F.);
#925=ORIENTED_EDGE('',*,*,#1845,.T.);
#926=ORIENTED_EDGE('',*,*,#1846,.T.);
#927=ORIENTED_EDGE('',*,*,#1847,.T.);
#928=ORIENTED_EDGE('',*,*,#1848,.F.);
#929=ORIENTED_EDGE('',*,*,#1849,.T.);
#930=ORIENTED_EDGE('',*,*,#1850,.F.);
#931=ORIENTED_EDGE('',*,*,#1851,.F.);
#932=ORIENTED_EDGE('',*,*,#1852,.T.);
#933=ORIENTED_EDGE('',*,*,#1853,.F.);
#934=ORIENTED_EDGE('',*,*,#1854,.F.);
#935=ORIENTED_EDGE('',*,*,#1855,.T.);
#936=ORIENTED_EDGE('',*,*,#1856,.T.);
#937=ORIENTED_EDGE('',*,*,#1857,.T.);
#938=ORIENTED_EDGE('',*,*,#1858,.F.);
#939=ORIENTED_EDGE('',*,*,#1859,.T.);
#940=ORIENTED_EDGE('',*,*,#1860,.F.);
#941=ORIENTED_EDGE('',*,*,#1861,.F.);
#942=ORIENTED_EDGE('',*,*,#1862,.T.);
#943=ORIENTED_EDGE('',*,*,#1863,.F.);
#944=ORIENTED_EDGE('',*,*,#1864,.F.);
#945=ORIENTED_EDGE('',*,*,#1865,.T.);
#946=ORIENTED_EDGE('',*,*,#1866,.T.);
#947=ORIENTED_EDGE('',*,*,#1867,.T.);
#948=ORIENTED_EDGE('',*,*,#1868,.F.);
#949=ORIENTED_EDGE('',*,*,#1869,.T.);
#950=ORIENTED_EDGE('',*,*,#1870,.F.);
#951=ORIENTED_EDGE('',*,*,#1871,.F.);
#952=ORIENTED_EDGE('',*,*,#1872,.T.);
#953=ORIENTED_EDGE('',*,*,#1873,.F.);
#954=ORIENTED_EDGE('',*,*,#1874,.F.);
#955=ORIENTED_EDGE('',*,*,#1875,.T.);
#956=ORIENTED_EDGE('',*,*,#1876,.T.);
#957=ORIENTED_EDGE('',*,*,#1877,.T.);
#958=ORIENTED_EDGE('',*,*,#1878,.F.);
#959=ORIENTED_EDGE('',*,*,#1879,.T.);
#960=ORIENTED_EDGE('',*,*,#1880,.F.);
#961=ORIENTED_EDGE('',*,*,#1881,.F.);
#962=ORIENTED_EDGE('',*,*,#1882,.T.);
#963=ORIENTED_EDGE('',*,*,#1883,.F.);
#964=ORIENTED_EDGE('',*,*,#1884,.T.);
#965=ORIENTED_EDGE('',*,*,#1885,.F.);
#966=ORIENTED_EDGE('',*,*,#1886,.F.);
#967=ORIENTED_EDGE('',*,*,#1887,.T.);
#968=ORIENTED_EDGE('',*,*,#1888,.F.);
#969=ORIENTED_EDGE('',*,*,#1889,.F.);
#970=ORIENTED_EDGE('',*,*,#1890,.T.);
#971=ORIENTED_EDGE('',*,*,#1891,.F.);
#972=ORIENTED_EDGE('',*,*,#1892,.F.);
#973=ORIENTED_EDGE('',*,*,#1893,.T.);
#974=ORIENTED_EDGE('',*,*,#1885,.T.);
#975=ORIENTED_EDGE('',*,*,#1894,.F.);
#976=ORIENTED_EDGE('',*,*,#1895,.F.);
#977=ORIENTED_EDGE('',*,*,#1896,.F.);
#978=ORIENTED_EDGE('',*,*,#1897,.T.);
#979=ORIENTED_EDGE('',*,*,#1898,.F.);
#980=ORIENTED_EDGE('',*,*,#1899,.F.);
#981=ORIENTED_EDGE('',*,*,#1900,.F.);
#982=ORIENTED_EDGE('',*,*,#1901,.T.);
#983=ORIENTED_EDGE('',*,*,#1902,.F.);
#984=ORIENTED_EDGE('',*,*,#1903,.F.);
#985=ORIENTED_EDGE('',*,*,#1807,.F.);
#986=ORIENTED_EDGE('',*,*,#1904,.T.);
#987=ORIENTED_EDGE('',*,*,#1892,.T.);
#988=ORIENTED_EDGE('',*,*,#1905,.F.);
#989=ORIENTED_EDGE('',*,*,#1906,.F.);
#990=ORIENTED_EDGE('',*,*,#1907,.T.);
#991=ORIENTED_EDGE('',*,*,#1813,.T.);
#992=ORIENTED_EDGE('',*,*,#1908,.T.);
#993=ORIENTED_EDGE('',*,*,#1887,.F.);
#994=ORIENTED_EDGE('',*,*,#1909,.F.);
#995=ORIENTED_EDGE('',*,*,#1906,.T.);
#996=ORIENTED_EDGE('',*,*,#1910,.F.);
#997=ORIENTED_EDGE('',*,*,#1810,.T.);
#998=ORIENTED_EDGE('',*,*,#1907,.F.);
#999=ORIENTED_EDGE('',*,*,#1909,.T.);
#1000=ORIENTED_EDGE('',*,*,#1886,.T.);
#1001=ORIENTED_EDGE('',*,*,#1893,.F.);
#1002=ORIENTED_EDGE('',*,*,#1904,.F.);
#1003=ORIENTED_EDGE('',*,*,#1806,.F.);
#1004=ORIENTED_EDGE('',*,*,#1911,.F.);
#1005=ORIENTED_EDGE('',*,*,#1902,.T.);
#1006=ORIENTED_EDGE('',*,*,#1912,.T.);
#1007=ORIENTED_EDGE('',*,*,#1913,.F.);
#1008=ORIENTED_EDGE('',*,*,#1914,.F.);
#1009=ORIENTED_EDGE('',*,*,#1898,.T.);
#1010=ORIENTED_EDGE('',*,*,#1915,.T.);
#1011=ORIENTED_EDGE('',*,*,#1916,.F.);
#1012=ORIENTED_EDGE('',*,*,#1812,.F.);
#1013=ORIENTED_EDGE('',*,*,#1917,.T.);
#1014=ORIENTED_EDGE('',*,*,#1808,.T.);
#1015=ORIENTED_EDGE('',*,*,#1903,.T.);
#1016=ORIENTED_EDGE('',*,*,#1891,.T.);
#1017=ORIENTED_EDGE('',*,*,#1918,.T.);
#1018=ORIENTED_EDGE('',*,*,#1919,.F.);
#1019=ORIENTED_EDGE('',*,*,#1920,.T.);
#1020=ORIENTED_EDGE('',*,*,#1822,.F.);
#1021=ORIENTED_EDGE('',*,*,#1921,.T.);
#1022=ORIENTED_EDGE('',*,*,#1818,.T.);
#1023=ORIENTED_EDGE('',*,*,#1922,.T.);
#1024=ORIENTED_EDGE('',*,*,#1923,.T.);
#1025=ORIENTED_EDGE('',*,*,#1924,.T.);
#1026=ORIENTED_EDGE('',*,*,#1925,.F.);
#1027=ORIENTED_EDGE('',*,*,#1926,.T.);
#1028=ORIENTED_EDGE('',*,*,#1832,.F.);
#1029=ORIENTED_EDGE('',*,*,#1927,.T.);
#1030=ORIENTED_EDGE('',*,*,#1828,.T.);
#1031=ORIENTED_EDGE('',*,*,#1928,.T.);
#1032=ORIENTED_EDGE('',*,*,#1929,.T.);
#1033=ORIENTED_EDGE('',*,*,#1930,.T.);
#1034=ORIENTED_EDGE('',*,*,#1931,.F.);
#1035=ORIENTED_EDGE('',*,*,#1932,.T.);
#1036=ORIENTED_EDGE('',*,*,#1842,.F.);
#1037=ORIENTED_EDGE('',*,*,#1933,.T.);
#1038=ORIENTED_EDGE('',*,*,#1838,.T.);
#1039=ORIENTED_EDGE('',*,*,#1934,.T.);
#1040=ORIENTED_EDGE('',*,*,#1935,.T.);
#1041=ORIENTED_EDGE('',*,*,#1936,.T.);
#1042=ORIENTED_EDGE('',*,*,#1937,.F.);
#1043=ORIENTED_EDGE('',*,*,#1938,.T.);
#1044=ORIENTED_EDGE('',*,*,#1852,.F.);
#1045=ORIENTED_EDGE('',*,*,#1939,.T.);
#1046=ORIENTED_EDGE('',*,*,#1848,.T.);
#1047=ORIENTED_EDGE('',*,*,#1940,.T.);
#1048=ORIENTED_EDGE('',*,*,#1941,.T.);
#1049=ORIENTED_EDGE('',*,*,#1942,.T.);
#1050=ORIENTED_EDGE('',*,*,#1943,.F.);
#1051=ORIENTED_EDGE('',*,*,#1944,.T.);
#1052=ORIENTED_EDGE('',*,*,#1862,.F.);
#1053=ORIENTED_EDGE('',*,*,#1945,.T.);
#1054=ORIENTED_EDGE('',*,*,#1858,.T.);
#1055=ORIENTED_EDGE('',*,*,#1946,.T.);
#1056=ORIENTED_EDGE('',*,*,#1947,.T.);
#1057=ORIENTED_EDGE('',*,*,#1948,.T.);
#1058=ORIENTED_EDGE('',*,*,#1949,.F.);
#1059=ORIENTED_EDGE('',*,*,#1950,.T.);
#1060=ORIENTED_EDGE('',*,*,#1872,.F.);
#1061=ORIENTED_EDGE('',*,*,#1951,.T.);
#1062=ORIENTED_EDGE('',*,*,#1868,.T.);
#1063=ORIENTED_EDGE('',*,*,#1952,.T.);
#1064=ORIENTED_EDGE('',*,*,#1953,.T.);
#1065=ORIENTED_EDGE('',*,*,#1954,.T.);
#1066=ORIENTED_EDGE('',*,*,#1955,.F.);
#1067=ORIENTED_EDGE('',*,*,#1956,.T.);
#1068=ORIENTED_EDGE('',*,*,#1882,.F.);
#1069=ORIENTED_EDGE('',*,*,#1957,.T.);
#1070=ORIENTED_EDGE('',*,*,#1878,.T.);
#1071=ORIENTED_EDGE('',*,*,#1958,.T.);
#1072=ORIENTED_EDGE('',*,*,#1959,.T.);
#1073=ORIENTED_EDGE('',*,*,#1960,.F.);
#1074=ORIENTED_EDGE('',*,*,#1961,.F.);
#1075=ORIENTED_EDGE('',*,*,#1962,.F.);
#1076=ORIENTED_EDGE('',*,*,#1963,.T.);
#1077=ORIENTED_EDGE('',*,*,#1964,.F.);
#1078=ORIENTED_EDGE('',*,*,#1965,.F.);
#1079=ORIENTED_EDGE('',*,*,#1966,.F.);
#1080=ORIENTED_EDGE('',*,*,#1967,.T.);
#1081=ORIENTED_EDGE('',*,*,#1968,.F.);
#1082=ORIENTED_EDGE('',*,*,#1969,.F.);
#1083=ORIENTED_EDGE('',*,*,#1970,.F.);
#1084=ORIENTED_EDGE('',*,*,#1971,.T.);
#1085=ORIENTED_EDGE('',*,*,#1972,.F.);
#1086=ORIENTED_EDGE('',*,*,#1973,.F.);
#1087=ORIENTED_EDGE('',*,*,#1974,.F.);
#1088=ORIENTED_EDGE('',*,*,#1975,.T.);
#1089=ORIENTED_EDGE('',*,*,#1976,.F.);
#1090=ORIENTED_EDGE('',*,*,#1977,.F.);
#1091=ORIENTED_EDGE('',*,*,#1978,.F.);
#1092=ORIENTED_EDGE('',*,*,#1979,.T.);
#1093=ORIENTED_EDGE('',*,*,#1980,.F.);
#1094=ORIENTED_EDGE('',*,*,#1981,.F.);
#1095=ORIENTED_EDGE('',*,*,#1982,.F.);
#1096=ORIENTED_EDGE('',*,*,#1983,.T.);
#1097=ORIENTED_EDGE('',*,*,#1984,.F.);
#1098=ORIENTED_EDGE('',*,*,#1985,.F.);
#1099=ORIENTED_EDGE('',*,*,#1986,.F.);
#1100=ORIENTED_EDGE('',*,*,#1894,.T.);
#1101=ORIENTED_EDGE('',*,*,#1884,.F.);
#1102=ORIENTED_EDGE('',*,*,#1908,.F.);
#1103=ORIENTED_EDGE('',*,*,#1905,.T.);
#1104=ORIENTED_EDGE('',*,*,#1987,.F.);
#1105=ORIENTED_EDGE('',*,*,#1988,.T.);
#1106=ORIENTED_EDGE('',*,*,#1989,.T.);
#1107=ORIENTED_EDGE('',*,*,#1990,.F.);
#1108=ORIENTED_EDGE('',*,*,#1991,.F.);
#1109=ORIENTED_EDGE('',*,*,#1992,.T.);
#1110=ORIENTED_EDGE('',*,*,#1993,.T.);
#1111=ORIENTED_EDGE('',*,*,#1994,.F.);
#1112=ORIENTED_EDGE('',*,*,#1995,.F.);
#1113=ORIENTED_EDGE('',*,*,#1996,.T.);
#1114=ORIENTED_EDGE('',*,*,#1997,.T.);
#1115=ORIENTED_EDGE('',*,*,#1998,.F.);
#1116=ORIENTED_EDGE('',*,*,#1999,.F.);
#1117=ORIENTED_EDGE('',*,*,#2000,.T.);
#1118=ORIENTED_EDGE('',*,*,#2001,.T.);
#1119=ORIENTED_EDGE('',*,*,#2002,.F.);
#1120=ORIENTED_EDGE('',*,*,#2003,.F.);
#1121=ORIENTED_EDGE('',*,*,#2004,.T.);
#1122=ORIENTED_EDGE('',*,*,#2005,.T.);
#1123=ORIENTED_EDGE('',*,*,#2006,.F.);
#1124=ORIENTED_EDGE('',*,*,#2007,.F.);
#1125=ORIENTED_EDGE('',*,*,#2008,.T.);
#1126=ORIENTED_EDGE('',*,*,#2009,.T.);
#1127=ORIENTED_EDGE('',*,*,#2010,.F.);
#1128=ORIENTED_EDGE('',*,*,#2011,.F.);
#1129=ORIENTED_EDGE('',*,*,#2012,.T.);
#1130=ORIENTED_EDGE('',*,*,#2013,.T.);
#1131=ORIENTED_EDGE('',*,*,#2014,.F.);
#1132=ORIENTED_EDGE('',*,*,#2015,.F.);
#1133=ORIENTED_EDGE('',*,*,#2016,.T.);
#1134=ORIENTED_EDGE('',*,*,#2017,.T.);
#1135=ORIENTED_EDGE('',*,*,#2018,.F.);
#1136=ORIENTED_EDGE('',*,*,#2019,.F.);
#1137=ORIENTED_EDGE('',*,*,#2020,.T.);
#1138=ORIENTED_EDGE('',*,*,#2021,.T.);
#1139=ORIENTED_EDGE('',*,*,#2022,.F.);
#1140=ORIENTED_EDGE('',*,*,#2023,.F.);
#1141=ORIENTED_EDGE('',*,*,#2024,.T.);
#1142=ORIENTED_EDGE('',*,*,#2025,.T.);
#1143=ORIENTED_EDGE('',*,*,#2026,.F.);
#1144=ORIENTED_EDGE('',*,*,#2027,.F.);
#1145=ORIENTED_EDGE('',*,*,#2028,.T.);
#1146=ORIENTED_EDGE('',*,*,#2029,.T.);
#1147=ORIENTED_EDGE('',*,*,#2030,.F.);
#1148=ORIENTED_EDGE('',*,*,#2031,.F.);
#1149=ORIENTED_EDGE('',*,*,#2032,.T.);
#1150=ORIENTED_EDGE('',*,*,#2033,.T.);
#1151=ORIENTED_EDGE('',*,*,#2034,.F.);
#1152=ORIENTED_EDGE('',*,*,#2035,.F.);
#1153=ORIENTED_EDGE('',*,*,#2036,.T.);
#1154=ORIENTED_EDGE('',*,*,#2037,.T.);
#1155=ORIENTED_EDGE('',*,*,#1985,.T.);
#1156=ORIENTED_EDGE('',*,*,#2038,.F.);
#1157=ORIENTED_EDGE('',*,*,#2039,.F.);
#1158=ORIENTED_EDGE('',*,*,#2040,.T.);
#1159=ORIENTED_EDGE('',*,*,#1919,.T.);
#1160=ORIENTED_EDGE('',*,*,#2041,.F.);
#1161=ORIENTED_EDGE('',*,*,#2042,.T.);
#1162=ORIENTED_EDGE('',*,*,#2043,.T.);
#1163=ORIENTED_EDGE('',*,*,#1913,.T.);
#1164=ORIENTED_EDGE('',*,*,#2044,.F.);
#1165=ORIENTED_EDGE('',*,*,#2045,.T.);
#1166=ORIENTED_EDGE('',*,*,#2046,.T.);
#1167=ORIENTED_EDGE('',*,*,#1916,.T.);
#1168=ORIENTED_EDGE('',*,*,#2047,.F.);
#1169=ORIENTED_EDGE('',*,*,#2048,.F.);
#1170=ORIENTED_EDGE('',*,*,#2049,.T.);
#1171=ORIENTED_EDGE('',*,*,#1923,.F.);
#1172=ORIENTED_EDGE('',*,*,#2050,.F.);
#1173=ORIENTED_EDGE('',*,*,#2051,.T.);
#1174=ORIENTED_EDGE('',*,*,#2052,.T.);
#1175=ORIENTED_EDGE('',*,*,#1983,.F.);
#1176=ORIENTED_EDGE('',*,*,#2053,.F.);
#1177=ORIENTED_EDGE('',*,*,#2054,.F.);
#1178=ORIENTED_EDGE('',*,*,#2055,.T.);
#1179=ORIENTED_EDGE('',*,*,#1992,.F.);
#1180=ORIENTED_EDGE('',*,*,#2056,.F.);
#1181=ORIENTED_EDGE('',*,*,#2057,.F.);
#1182=ORIENTED_EDGE('',*,*,#2058,.T.);
#1183=ORIENTED_EDGE('',*,*,#1988,.F.);
#1184=ORIENTED_EDGE('',*,*,#1922,.F.);
#1185=ORIENTED_EDGE('',*,*,#1817,.F.);
#1186=ORIENTED_EDGE('',*,*,#2059,.T.);
#1187=ORIENTED_EDGE('',*,*,#2050,.T.);
#1188=ORIENTED_EDGE('',*,*,#1920,.F.);
#1189=ORIENTED_EDGE('',*,*,#2040,.F.);
#1190=ORIENTED_EDGE('',*,*,#2060,.T.);
#1191=ORIENTED_EDGE('',*,*,#1823,.T.);
#1192=ORIENTED_EDGE('',*,*,#1984,.T.);
#1193=ORIENTED_EDGE('',*,*,#2052,.F.);
#1194=ORIENTED_EDGE('',*,*,#2061,.F.);
#1195=ORIENTED_EDGE('',*,*,#2038,.T.);
#1196=ORIENTED_EDGE('',*,*,#2062,.F.);
#1197=ORIENTED_EDGE('',*,*,#1820,.T.);
#1198=ORIENTED_EDGE('',*,*,#2060,.F.);
#1199=ORIENTED_EDGE('',*,*,#2039,.T.);
#1200=ORIENTED_EDGE('',*,*,#2061,.T.);
#1201=ORIENTED_EDGE('',*,*,#2051,.F.);
#1202=ORIENTED_EDGE('',*,*,#2059,.F.);
#1203=ORIENTED_EDGE('',*,*,#1816,.F.);
#1204=ORIENTED_EDGE('',*,*,#2063,.F.);
#1205=ORIENTED_EDGE('',*,*,#2064,.T.);
#1206=ORIENTED_EDGE('',*,*,#2065,.T.);
#1207=ORIENTED_EDGE('',*,*,#1981,.T.);
#1208=ORIENTED_EDGE('',*,*,#2066,.F.);
#1209=ORIENTED_EDGE('',*,*,#2067,.F.);
#1210=ORIENTED_EDGE('',*,*,#2068,.T.);
#1211=ORIENTED_EDGE('',*,*,#1925,.T.);
#1212=ORIENTED_EDGE('',*,*,#2069,.F.);
#1213=ORIENTED_EDGE('',*,*,#2070,.T.);
#1214=ORIENTED_EDGE('',*,*,#2071,.T.);
#1215=ORIENTED_EDGE('',*,*,#1990,.T.);
#1216=ORIENTED_EDGE('',*,*,#2072,.F.);
#1217=ORIENTED_EDGE('',*,*,#2073,.T.);
#1218=ORIENTED_EDGE('',*,*,#2074,.T.);
#1219=ORIENTED_EDGE('',*,*,#1994,.T.);
#1220=ORIENTED_EDGE('',*,*,#2075,.F.);
#1221=ORIENTED_EDGE('',*,*,#2076,.F.);
#1222=ORIENTED_EDGE('',*,*,#2077,.T.);
#1223=ORIENTED_EDGE('',*,*,#1929,.F.);
#1224=ORIENTED_EDGE('',*,*,#2078,.F.);
#1225=ORIENTED_EDGE('',*,*,#2079,.T.);
#1226=ORIENTED_EDGE('',*,*,#2080,.T.);
#1227=ORIENTED_EDGE('',*,*,#1979,.F.);
#1228=ORIENTED_EDGE('',*,*,#2081,.F.);
#1229=ORIENTED_EDGE('',*,*,#2082,.F.);
#1230=ORIENTED_EDGE('',*,*,#2083,.T.);
#1231=ORIENTED_EDGE('',*,*,#2000,.F.);
#1232=ORIENTED_EDGE('',*,*,#2084,.F.);
#1233=ORIENTED_EDGE('',*,*,#2085,.F.);
#1234=ORIENTED_EDGE('',*,*,#2086,.T.);
#1235=ORIENTED_EDGE('',*,*,#1996,.F.);
#1236=ORIENTED_EDGE('',*,*,#1928,.F.);
#1237=ORIENTED_EDGE('',*,*,#1827,.F.);
#1238=ORIENTED_EDGE('',*,*,#2087,.T.);
#1239=ORIENTED_EDGE('',*,*,#2078,.T.);
#1240=ORIENTED_EDGE('',*,*,#1926,.F.);
#1241=ORIENTED_EDGE('',*,*,#2068,.F.);
#1242=ORIENTED_EDGE('',*,*,#2088,.T.);
#1243=ORIENTED_EDGE('',*,*,#1833,.T.);
#1244=ORIENTED_EDGE('',*,*,#1980,.T.);
#1245=ORIENTED_EDGE('',*,*,#2080,.F.);
#1246=ORIENTED_EDGE('',*,*,#2089,.F.);
#1247=ORIENTED_EDGE('',*,*,#2066,.T.);
#1248=ORIENTED_EDGE('',*,*,#2090,.F.);
#1249=ORIENTED_EDGE('',*,*,#1830,.T.);
#1250=ORIENTED_EDGE('',*,*,#2088,.F.);
#1251=ORIENTED_EDGE('',*,*,#2067,.T.);
#1252=ORIENTED_EDGE('',*,*,#2089,.T.);
#1253=ORIENTED_EDGE('',*,*,#2079,.F.);
#1254=ORIENTED_EDGE('',*,*,#2087,.F.);
#1255=ORIENTED_EDGE('',*,*,#1826,.F.);
#1256=ORIENTED_EDGE('',*,*,#2091,.F.);
#1257=ORIENTED_EDGE('',*,*,#2092,.T.);
#1258=ORIENTED_EDGE('',*,*,#2093,.T.);
#1259=ORIENTED_EDGE('',*,*,#1977,.T.);
#1260=ORIENTED_EDGE('',*,*,#2094,.F.);
#1261=ORIENTED_EDGE('',*,*,#2095,.F.);
#1262=ORIENTED_EDGE('',*,*,#2096,.T.);
#1263=ORIENTED_EDGE('',*,*,#1931,.T.);
#1264=ORIENTED_EDGE('',*,*,#2097,.F.);
#1265=ORIENTED_EDGE('',*,*,#2098,.T.);
#1266=ORIENTED_EDGE('',*,*,#2099,.T.);
#1267=ORIENTED_EDGE('',*,*,#1998,.T.);
#1268=ORIENTED_EDGE('',*,*,#2100,.F.);
#1269=ORIENTED_EDGE('',*,*,#2101,.T.);
#1270=ORIENTED_EDGE('',*,*,#2102,.T.);
#1271=ORIENTED_EDGE('',*,*,#2002,.T.);
#1272=ORIENTED_EDGE('',*,*,#2103,.F.);
#1273=ORIENTED_EDGE('',*,*,#2104,.F.);
#1274=ORIENTED_EDGE('',*,*,#2105,.T.);
#1275=ORIENTED_EDGE('',*,*,#1935,.F.);
#1276=ORIENTED_EDGE('',*,*,#2106,.F.);
#1277=ORIENTED_EDGE('',*,*,#2107,.T.);
#1278=ORIENTED_EDGE('',*,*,#2108,.T.);
#1279=ORIENTED_EDGE('',*,*,#1975,.F.);
#1280=ORIENTED_EDGE('',*,*,#2109,.F.);
#1281=ORIENTED_EDGE('',*,*,#2110,.F.);
#1282=ORIENTED_EDGE('',*,*,#2111,.T.);
#1283=ORIENTED_EDGE('',*,*,#2008,.F.);
#1284=ORIENTED_EDGE('',*,*,#2112,.F.);
#1285=ORIENTED_EDGE('',*,*,#2113,.F.);
#1286=ORIENTED_EDGE('',*,*,#2114,.T.);
#1287=ORIENTED_EDGE('',*,*,#2004,.F.);
#1288=ORIENTED_EDGE('',*,*,#1934,.F.);
#1289=ORIENTED_EDGE('',*,*,#1837,.F.);
#1290=ORIENTED_EDGE('',*,*,#2115,.T.);
#1291=ORIENTED_EDGE('',*,*,#2106,.T.);
#1292=ORIENTED_EDGE('',*,*,#1932,.F.);
#1293=ORIENTED_EDGE('',*,*,#2096,.F.);
#1294=ORIENTED_EDGE('',*,*,#2116,.T.);
#1295=ORIENTED_EDGE('',*,*,#1843,.T.);
#1296=ORIENTED_EDGE('',*,*,#1976,.T.);
#1297=ORIENTED_EDGE('',*,*,#2108,.F.);
#1298=ORIENTED_EDGE('',*,*,#2117,.F.);
#1299=ORIENTED_EDGE('',*,*,#2094,.T.);
#1300=ORIENTED_EDGE('',*,*,#2118,.F.);
#1301=ORIENTED_EDGE('',*,*,#1840,.T.);
#1302=ORIENTED_EDGE('',*,*,#2116,.F.);
#1303=ORIENTED_EDGE('',*,*,#2095,.T.);
#1304=ORIENTED_EDGE('',*,*,#2117,.T.);
#1305=ORIENTED_EDGE('',*,*,#2107,.F.);
#1306=ORIENTED_EDGE('',*,*,#2115,.F.);
#1307=ORIENTED_EDGE('',*,*,#1836,.F.);
#1308=ORIENTED_EDGE('',*,*,#2119,.F.);
#1309=ORIENTED_EDGE('',*,*,#2120,.T.);
#1310=ORIENTED_EDGE('',*,*,#2121,.T.);
#1311=ORIENTED_EDGE('',*,*,#1973,.T.);
#1312=ORIENTED_EDGE('',*,*,#2122,.F.);
#1313=ORIENTED_EDGE('',*,*,#2123,.F.);
#1314=ORIENTED_EDGE('',*,*,#2124,.T.);
#1315=ORIENTED_EDGE('',*,*,#1937,.T.);
#1316=ORIENTED_EDGE('',*,*,#2125,.F.);
#1317=ORIENTED_EDGE('',*,*,#2126,.T.);
#1318=ORIENTED_EDGE('',*,*,#2127,.T.);
#1319=ORIENTED_EDGE('',*,*,#2006,.T.);
#1320=ORIENTED_EDGE('',*,*,#2128,.F.);
#1321=ORIENTED_EDGE('',*,*,#2129,.T.);
#1322=ORIENTED_EDGE('',*,*,#2130,.T.);
#1323=ORIENTED_EDGE('',*,*,#2010,.T.);
#1324=ORIENTED_EDGE('',*,*,#2131,.F.);
#1325=ORIENTED_EDGE('',*,*,#2132,.F.);
#1326=ORIENTED_EDGE('',*,*,#2133,.T.);
#1327=ORIENTED_EDGE('',*,*,#1941,.F.);
#1328=ORIENTED_EDGE('',*,*,#2134,.F.);
#1329=ORIENTED_EDGE('',*,*,#2135,.T.);
#1330=ORIENTED_EDGE('',*,*,#2136,.T.);
#1331=ORIENTED_EDGE('',*,*,#1971,.F.);
#1332=ORIENTED_EDGE('',*,*,#2137,.F.);
#1333=ORIENTED_EDGE('',*,*,#2138,.F.);
#1334=ORIENTED_EDGE('',*,*,#2139,.T.);
#1335=ORIENTED_EDGE('',*,*,#2016,.F.);
#1336=ORIENTED_EDGE('',*,*,#2140,.F.);
#1337=ORIENTED_EDGE('',*,*,#2141,.F.);
#1338=ORIENTED_EDGE('',*,*,#2142,.T.);
#1339=ORIENTED_EDGE('',*,*,#2012,.F.);
#1340=ORIENTED_EDGE('',*,*,#1940,.F.);
#1341=ORIENTED_EDGE('',*,*,#1847,.F.);
#1342=ORIENTED_EDGE('',*,*,#2143,.T.);
#1343=ORIENTED_EDGE('',*,*,#2134,.T.);
#1344=ORIENTED_EDGE('',*,*,#1938,.F.);
#1345=ORIENTED_EDGE('',*,*,#2124,.F.);
#1346=ORIENTED_EDGE('',*,*,#2144,.T.);
#1347=ORIENTED_EDGE('',*,*,#1853,.T.);
#1348=ORIENTED_EDGE('',*,*,#1972,.T.);
#1349=ORIENTED_EDGE('',*,*,#2136,.F.);
#1350=ORIENTED_EDGE('',*,*,#2145,.F.);
#1351=ORIENTED_EDGE('',*,*,#2122,.T.);
#1352=ORIENTED_EDGE('',*,*,#2146,.F.);
#1353=ORIENTED_EDGE('',*,*,#1850,.T.);
#1354=ORIENTED_EDGE('',*,*,#2144,.F.);
#1355=ORIENTED_EDGE('',*,*,#2123,.T.);
#1356=ORIENTED_EDGE('',*,*,#2145,.T.);
#1357=ORIENTED_EDGE('',*,*,#2135,.F.);
#1358=ORIENTED_EDGE('',*,*,#2143,.F.);
#1359=ORIENTED_EDGE('',*,*,#1846,.F.);
#1360=ORIENTED_EDGE('',*,*,#2147,.F.);
#1361=ORIENTED_EDGE('',*,*,#2148,.T.);
#1362=ORIENTED_EDGE('',*,*,#2149,.T.);
#1363=ORIENTED_EDGE('',*,*,#1969,.T.);
#1364=ORIENTED_EDGE('',*,*,#2150,.F.);
#1365=ORIENTED_EDGE('',*,*,#2151,.F.);
#1366=ORIENTED_EDGE('',*,*,#2152,.T.);
#1367=ORIENTED_EDGE('',*,*,#1943,.T.);
#1368=ORIENTED_EDGE('',*,*,#2153,.F.);
#1369=ORIENTED_EDGE('',*,*,#2154,.T.);
#1370=ORIENTED_EDGE('',*,*,#2155,.T.);
#1371=ORIENTED_EDGE('',*,*,#2014,.T.);
#1372=ORIENTED_EDGE('',*,*,#2156,.F.);
#1373=ORIENTED_EDGE('',*,*,#2157,.T.);
#1374=ORIENTED_EDGE('',*,*,#2158,.T.);
#1375=ORIENTED_EDGE('',*,*,#2018,.T.);
#1376=ORIENTED_EDGE('',*,*,#2159,.F.);
#1377=ORIENTED_EDGE('',*,*,#2160,.F.);
#1378=ORIENTED_EDGE('',*,*,#2161,.T.);
#1379=ORIENTED_EDGE('',*,*,#1947,.F.);
#1380=ORIENTED_EDGE('',*,*,#2162,.F.);
#1381=ORIENTED_EDGE('',*,*,#2163,.T.);
#1382=ORIENTED_EDGE('',*,*,#2164,.T.);
#1383=ORIENTED_EDGE('',*,*,#1967,.F.);
#1384=ORIENTED_EDGE('',*,*,#2165,.F.);
#1385=ORIENTED_EDGE('',*,*,#2166,.F.);
#1386=ORIENTED_EDGE('',*,*,#2167,.T.);
#1387=ORIENTED_EDGE('',*,*,#2024,.F.);
#1388=ORIENTED_EDGE('',*,*,#2168,.F.);
#1389=ORIENTED_EDGE('',*,*,#2169,.F.);
#1390=ORIENTED_EDGE('',*,*,#2170,.T.);
#1391=ORIENTED_EDGE('',*,*,#2020,.F.);
#1392=ORIENTED_EDGE('',*,*,#1946,.F.);
#1393=ORIENTED_EDGE('',*,*,#1857,.F.);
#1394=ORIENTED_EDGE('',*,*,#2171,.T.);
#1395=ORIENTED_EDGE('',*,*,#2162,.T.);
#1396=ORIENTED_EDGE('',*,*,#1944,.F.);
#1397=ORIENTED_EDGE('',*,*,#2152,.F.);
#1398=ORIENTED_EDGE('',*,*,#2172,.T.);
#1399=ORIENTED_EDGE('',*,*,#1863,.T.);
#1400=ORIENTED_EDGE('',*,*,#1968,.T.);
#1401=ORIENTED_EDGE('',*,*,#2164,.F.);
#1402=ORIENTED_EDGE('',*,*,#2173,.F.);
#1403=ORIENTED_EDGE('',*,*,#2150,.T.);
#1404=ORIENTED_EDGE('',*,*,#2174,.F.);
#1405=ORIENTED_EDGE('',*,*,#1860,.T.);
#1406=ORIENTED_EDGE('',*,*,#2172,.F.);
#1407=ORIENTED_EDGE('',*,*,#2151,.T.);
#1408=ORIENTED_EDGE('',*,*,#2173,.T.);
#1409=ORIENTED_EDGE('',*,*,#2163,.F.);
#1410=ORIENTED_EDGE('',*,*,#2171,.F.);
#1411=ORIENTED_EDGE('',*,*,#1856,.F.);
#1412=ORIENTED_EDGE('',*,*,#2175,.F.);
#1413=ORIENTED_EDGE('',*,*,#2176,.T.);
#1414=ORIENTED_EDGE('',*,*,#2177,.T.);
#1415=ORIENTED_EDGE('',*,*,#1965,.T.);
#1416=ORIENTED_EDGE('',*,*,#2178,.F.);
#1417=ORIENTED_EDGE('',*,*,#2179,.F.);
#1418=ORIENTED_EDGE('',*,*,#2180,.T.);
#1419=ORIENTED_EDGE('',*,*,#1949,.T.);
#1420=ORIENTED_EDGE('',*,*,#2181,.F.);
#1421=ORIENTED_EDGE('',*,*,#2182,.T.);
#1422=ORIENTED_EDGE('',*,*,#2183,.T.);
#1423=ORIENTED_EDGE('',*,*,#2022,.T.);
#1424=ORIENTED_EDGE('',*,*,#2184,.F.);
#1425=ORIENTED_EDGE('',*,*,#2185,.T.);
#1426=ORIENTED_EDGE('',*,*,#2186,.T.);
#1427=ORIENTED_EDGE('',*,*,#2026,.T.);
#1428=ORIENTED_EDGE('',*,*,#2187,.F.);
#1429=ORIENTED_EDGE('',*,*,#2188,.F.);
#1430=ORIENTED_EDGE('',*,*,#2189,.T.);
#1431=ORIENTED_EDGE('',*,*,#1953,.F.);
#1432=ORIENTED_EDGE('',*,*,#2190,.F.);
#1433=ORIENTED_EDGE('',*,*,#2191,.T.);
#1434=ORIENTED_EDGE('',*,*,#2192,.T.);
#1435=ORIENTED_EDGE('',*,*,#1963,.F.);
#1436=ORIENTED_EDGE('',*,*,#2193,.F.);
#1437=ORIENTED_EDGE('',*,*,#2194,.F.);
#1438=ORIENTED_EDGE('',*,*,#2195,.T.);
#1439=ORIENTED_EDGE('',*,*,#2032,.F.);
#1440=ORIENTED_EDGE('',*,*,#2196,.F.);
#1441=ORIENTED_EDGE('',*,*,#2197,.F.);
#1442=ORIENTED_EDGE('',*,*,#2198,.T.);
#1443=ORIENTED_EDGE('',*,*,#2028,.F.);
#1444=ORIENTED_EDGE('',*,*,#1952,.F.);
#1445=ORIENTED_EDGE('',*,*,#1867,.F.);
#1446=ORIENTED_EDGE('',*,*,#2199,.T.);
#1447=ORIENTED_EDGE('',*,*,#2190,.T.);
#1448=ORIENTED_EDGE('',*,*,#1950,.F.);
#1449=ORIENTED_EDGE('',*,*,#2180,.F.);
#1450=ORIENTED_EDGE('',*,*,#2200,.T.);
#1451=ORIENTED_EDGE('',*,*,#1873,.T.);
#1452=ORIENTED_EDGE('',*,*,#1964,.T.);
#1453=ORIENTED_EDGE('',*,*,#2192,.F.);
#1454=ORIENTED_EDGE('',*,*,#2201,.F.);
#1455=ORIENTED_EDGE('',*,*,#2178,.T.);
#1456=ORIENTED_EDGE('',*,*,#2202,.F.);
#1457=ORIENTED_EDGE('',*,*,#1870,.T.);
#1458=ORIENTED_EDGE('',*,*,#2200,.F.);
#1459=ORIENTED_EDGE('',*,*,#2179,.T.);
#1460=ORIENTED_EDGE('',*,*,#2201,.T.);
#1461=ORIENTED_EDGE('',*,*,#2191,.F.);
#1462=ORIENTED_EDGE('',*,*,#2199,.F.);
#1463=ORIENTED_EDGE('',*,*,#1866,.F.);
#1464=ORIENTED_EDGE('',*,*,#2203,.F.);
#1465=ORIENTED_EDGE('',*,*,#2204,.T.);
#1466=ORIENTED_EDGE('',*,*,#2205,.T.);
#1467=ORIENTED_EDGE('',*,*,#1961,.T.);
#1468=ORIENTED_EDGE('',*,*,#2206,.F.);
#1469=ORIENTED_EDGE('',*,*,#2207,.F.);
#1470=ORIENTED_EDGE('',*,*,#2208,.T.);
#1471=ORIENTED_EDGE('',*,*,#1955,.T.);
#1472=ORIENTED_EDGE('',*,*,#2209,.F.);
#1473=ORIENTED_EDGE('',*,*,#2210,.T.);
#1474=ORIENTED_EDGE('',*,*,#2211,.T.);
#1475=ORIENTED_EDGE('',*,*,#2030,.T.);
#1476=ORIENTED_EDGE('',*,*,#2212,.F.);
#1477=ORIENTED_EDGE('',*,*,#2213,.T.);
#1478=ORIENTED_EDGE('',*,*,#2214,.T.);
#1479=ORIENTED_EDGE('',*,*,#2034,.T.);
#1480=ORIENTED_EDGE('',*,*,#1959,.F.);
#1481=ORIENTED_EDGE('',*,*,#2215,.F.);
#1482=ORIENTED_EDGE('',*,*,#2216,.T.);
#1483=ORIENTED_EDGE('',*,*,#2217,.T.);
#1484=ORIENTED_EDGE('',*,*,#1958,.F.);
#1485=ORIENTED_EDGE('',*,*,#1877,.F.);
#1486=ORIENTED_EDGE('',*,*,#2218,.T.);
#1487=ORIENTED_EDGE('',*,*,#2215,.T.);
#1488=ORIENTED_EDGE('',*,*,#1956,.F.);
#1489=ORIENTED_EDGE('',*,*,#2208,.F.);
#1490=ORIENTED_EDGE('',*,*,#2219,.T.);
#1491=ORIENTED_EDGE('',*,*,#1883,.T.);
#1492=ORIENTED_EDGE('',*,*,#1960,.T.);
#1493=ORIENTED_EDGE('',*,*,#2217,.F.);
#1494=ORIENTED_EDGE('',*,*,#2220,.F.);
#1495=ORIENTED_EDGE('',*,*,#2206,.T.);
#1496=ORIENTED_EDGE('',*,*,#2221,.F.);
#1497=ORIENTED_EDGE('',*,*,#1880,.T.);
#1498=ORIENTED_EDGE('',*,*,#2219,.F.);
#1499=ORIENTED_EDGE('',*,*,#2207,.T.);
#1500=ORIENTED_EDGE('',*,*,#2220,.T.);
#1501=ORIENTED_EDGE('',*,*,#2216,.F.);
#1502=ORIENTED_EDGE('',*,*,#2218,.F.);
#1503=ORIENTED_EDGE('',*,*,#1876,.F.);
#1504=ORIENTED_EDGE('',*,*,#1954,.F.);
#1505=ORIENTED_EDGE('',*,*,#2189,.F.);
#1506=ORIENTED_EDGE('',*,*,#2222,.T.);
#1507=ORIENTED_EDGE('',*,*,#2209,.T.);
#1508=ORIENTED_EDGE('',*,*,#2027,.T.);
#1509=ORIENTED_EDGE('',*,*,#2211,.F.);
#1510=ORIENTED_EDGE('',*,*,#2223,.F.);
#1511=ORIENTED_EDGE('',*,*,#2187,.T.);
#1512=ORIENTED_EDGE('',*,*,#2222,.F.);
#1513=ORIENTED_EDGE('',*,*,#2188,.T.);
#1514=ORIENTED_EDGE('',*,*,#2223,.T.);
#1515=ORIENTED_EDGE('',*,*,#2210,.F.);
#1516=ORIENTED_EDGE('',*,*,#2029,.F.);
#1517=ORIENTED_EDGE('',*,*,#2198,.F.);
#1518=ORIENTED_EDGE('',*,*,#2224,.T.);
#1519=ORIENTED_EDGE('',*,*,#2212,.T.);
#1520=ORIENTED_EDGE('',*,*,#2031,.T.);
#1521=ORIENTED_EDGE('',*,*,#2214,.F.);
#1522=ORIENTED_EDGE('',*,*,#2225,.F.);
#1523=ORIENTED_EDGE('',*,*,#2196,.T.);
#1524=ORIENTED_EDGE('',*,*,#2213,.F.);
#1525=ORIENTED_EDGE('',*,*,#2224,.F.);
#1526=ORIENTED_EDGE('',*,*,#2197,.T.);
#1527=ORIENTED_EDGE('',*,*,#2225,.T.);
#1528=ORIENTED_EDGE('',*,*,#2033,.F.);
#1529=ORIENTED_EDGE('',*,*,#2195,.F.);
#1530=ORIENTED_EDGE('',*,*,#2226,.T.);
#1531=ORIENTED_EDGE('',*,*,#2203,.T.);
#1532=ORIENTED_EDGE('',*,*,#1962,.T.);
#1533=ORIENTED_EDGE('',*,*,#2205,.F.);
#1534=ORIENTED_EDGE('',*,*,#2227,.F.);
#1535=ORIENTED_EDGE('',*,*,#2193,.T.);
#1536=ORIENTED_EDGE('',*,*,#2204,.F.);
#1537=ORIENTED_EDGE('',*,*,#2226,.F.);
#1538=ORIENTED_EDGE('',*,*,#2194,.T.);
#1539=ORIENTED_EDGE('',*,*,#2227,.T.);
#1540=ORIENTED_EDGE('',*,*,#1948,.F.);
#1541=ORIENTED_EDGE('',*,*,#2161,.F.);
#1542=ORIENTED_EDGE('',*,*,#2228,.T.);
#1543=ORIENTED_EDGE('',*,*,#2181,.T.);
#1544=ORIENTED_EDGE('',*,*,#2019,.T.);
#1545=ORIENTED_EDGE('',*,*,#2183,.F.);
#1546=ORIENTED_EDGE('',*,*,#2229,.F.);
#1547=ORIENTED_EDGE('',*,*,#2159,.T.);
#1548=ORIENTED_EDGE('',*,*,#2228,.F.);
#1549=ORIENTED_EDGE('',*,*,#2160,.T.);
#1550=ORIENTED_EDGE('',*,*,#2229,.T.);
#1551=ORIENTED_EDGE('',*,*,#2182,.F.);
#1552=ORIENTED_EDGE('',*,*,#2021,.F.);
#1553=ORIENTED_EDGE('',*,*,#2170,.F.);
#1554=ORIENTED_EDGE('',*,*,#2230,.T.);
#1555=ORIENTED_EDGE('',*,*,#2184,.T.);
#1556=ORIENTED_EDGE('',*,*,#2023,.T.);
#1557=ORIENTED_EDGE('',*,*,#2186,.F.);
#1558=ORIENTED_EDGE('',*,*,#2231,.F.);
#1559=ORIENTED_EDGE('',*,*,#2168,.T.);
#1560=ORIENTED_EDGE('',*,*,#2230,.F.);
#1561=ORIENTED_EDGE('',*,*,#2169,.T.);
#1562=ORIENTED_EDGE('',*,*,#2231,.T.);
#1563=ORIENTED_EDGE('',*,*,#2185,.F.);
#1564=ORIENTED_EDGE('',*,*,#2025,.F.);
#1565=ORIENTED_EDGE('',*,*,#2167,.F.);
#1566=ORIENTED_EDGE('',*,*,#2232,.T.);
#1567=ORIENTED_EDGE('',*,*,#2175,.T.);
#1568=ORIENTED_EDGE('',*,*,#1966,.T.);
#1569=ORIENTED_EDGE('',*,*,#2177,.F.);
#1570=ORIENTED_EDGE('',*,*,#2233,.F.);
#1571=ORIENTED_EDGE('',*,*,#2165,.T.);
#1572=ORIENTED_EDGE('',*,*,#2232,.F.);
#1573=ORIENTED_EDGE('',*,*,#2166,.T.);
#1574=ORIENTED_EDGE('',*,*,#2233,.T.);
#1575=ORIENTED_EDGE('',*,*,#2176,.F.);
#1576=ORIENTED_EDGE('',*,*,#2011,.T.);
#1577=ORIENTED_EDGE('',*,*,#2155,.F.);
#1578=ORIENTED_EDGE('',*,*,#2234,.F.);
#1579=ORIENTED_EDGE('',*,*,#2131,.T.);
#1580=ORIENTED_EDGE('',*,*,#1942,.F.);
#1581=ORIENTED_EDGE('',*,*,#2133,.F.);
#1582=ORIENTED_EDGE('',*,*,#2235,.T.);
#1583=ORIENTED_EDGE('',*,*,#2153,.T.);
#1584=ORIENTED_EDGE('',*,*,#2132,.T.);
#1585=ORIENTED_EDGE('',*,*,#2234,.T.);
#1586=ORIENTED_EDGE('',*,*,#2154,.F.);
#1587=ORIENTED_EDGE('',*,*,#2235,.F.);
#1588=ORIENTED_EDGE('',*,*,#2013,.F.);
#1589=ORIENTED_EDGE('',*,*,#2142,.F.);
#1590=ORIENTED_EDGE('',*,*,#2236,.T.);
#1591=ORIENTED_EDGE('',*,*,#2156,.T.);
#1592=ORIENTED_EDGE('',*,*,#2015,.T.);
#1593=ORIENTED_EDGE('',*,*,#2158,.F.);
#1594=ORIENTED_EDGE('',*,*,#2237,.F.);
#1595=ORIENTED_EDGE('',*,*,#2140,.T.);
#1596=ORIENTED_EDGE('',*,*,#2236,.F.);
#1597=ORIENTED_EDGE('',*,*,#2141,.T.);
#1598=ORIENTED_EDGE('',*,*,#2237,.T.);
#1599=ORIENTED_EDGE('',*,*,#2157,.F.);
#1600=ORIENTED_EDGE('',*,*,#2017,.F.);
#1601=ORIENTED_EDGE('',*,*,#2139,.F.);
#1602=ORIENTED_EDGE('',*,*,#2238,.T.);
#1603=ORIENTED_EDGE('',*,*,#2147,.T.);
#1604=ORIENTED_EDGE('',*,*,#1970,.T.);
#1605=ORIENTED_EDGE('',*,*,#2149,.F.);
#1606=ORIENTED_EDGE('',*,*,#2239,.F.);
#1607=ORIENTED_EDGE('',*,*,#2137,.T.);
#1608=ORIENTED_EDGE('',*,*,#2238,.F.);
#1609=ORIENTED_EDGE('',*,*,#2138,.T.);
#1610=ORIENTED_EDGE('',*,*,#2239,.T.);
#1611=ORIENTED_EDGE('',*,*,#2148,.F.);
#1612=ORIENTED_EDGE('',*,*,#1936,.F.);
#1613=ORIENTED_EDGE('',*,*,#2105,.F.);
#1614=ORIENTED_EDGE('',*,*,#2240,.T.);
#1615=ORIENTED_EDGE('',*,*,#2125,.T.);
#1616=ORIENTED_EDGE('',*,*,#2003,.T.);
#1617=ORIENTED_EDGE('',*,*,#2127,.F.);
#1618=ORIENTED_EDGE('',*,*,#2241,.F.);
#1619=ORIENTED_EDGE('',*,*,#2103,.T.);
#1620=ORIENTED_EDGE('',*,*,#2126,.F.);
#1621=ORIENTED_EDGE('',*,*,#2240,.F.);
#1622=ORIENTED_EDGE('',*,*,#2104,.T.);
#1623=ORIENTED_EDGE('',*,*,#2241,.T.);
#1624=ORIENTED_EDGE('',*,*,#2005,.F.);
#1625=ORIENTED_EDGE('',*,*,#2114,.F.);
#1626=ORIENTED_EDGE('',*,*,#2242,.T.);
#1627=ORIENTED_EDGE('',*,*,#2128,.T.);
#1628=ORIENTED_EDGE('',*,*,#2007,.T.);
#1629=ORIENTED_EDGE('',*,*,#2130,.F.);
#1630=ORIENTED_EDGE('',*,*,#2243,.F.);
#1631=ORIENTED_EDGE('',*,*,#2112,.T.);
#1632=ORIENTED_EDGE('',*,*,#2242,.F.);
#1633=ORIENTED_EDGE('',*,*,#2113,.T.);
#1634=ORIENTED_EDGE('',*,*,#2243,.T.);
#1635=ORIENTED_EDGE('',*,*,#2129,.F.);
#1636=ORIENTED_EDGE('',*,*,#2009,.F.);
#1637=ORIENTED_EDGE('',*,*,#2111,.F.);
#1638=ORIENTED_EDGE('',*,*,#2244,.T.);
#1639=ORIENTED_EDGE('',*,*,#2119,.T.);
#1640=ORIENTED_EDGE('',*,*,#1974,.T.);
#1641=ORIENTED_EDGE('',*,*,#2121,.F.);
#1642=ORIENTED_EDGE('',*,*,#2245,.F.);
#1643=ORIENTED_EDGE('',*,*,#2109,.T.);
#1644=ORIENTED_EDGE('',*,*,#2244,.F.);
#1645=ORIENTED_EDGE('',*,*,#2110,.T.);
#1646=ORIENTED_EDGE('',*,*,#2245,.T.);
#1647=ORIENTED_EDGE('',*,*,#2120,.F.);
#1648=ORIENTED_EDGE('',*,*,#1930,.F.);
#1649=ORIENTED_EDGE('',*,*,#2077,.F.);
#1650=ORIENTED_EDGE('',*,*,#2246,.T.);
#1651=ORIENTED_EDGE('',*,*,#2097,.T.);
#1652=ORIENTED_EDGE('',*,*,#1995,.T.);
#1653=ORIENTED_EDGE('',*,*,#2099,.F.);
#1654=ORIENTED_EDGE('',*,*,#2247,.F.);
#1655=ORIENTED_EDGE('',*,*,#2075,.T.);
#1656=ORIENTED_EDGE('',*,*,#2246,.F.);
#1657=ORIENTED_EDGE('',*,*,#2076,.T.);
#1658=ORIENTED_EDGE('',*,*,#2247,.T.);
#1659=ORIENTED_EDGE('',*,*,#2098,.F.);
#1660=ORIENTED_EDGE('',*,*,#1997,.F.);
#1661=ORIENTED_EDGE('',*,*,#2086,.F.);
#1662=ORIENTED_EDGE('',*,*,#2248,.T.);
#1663=ORIENTED_EDGE('',*,*,#2100,.T.);
#1664=ORIENTED_EDGE('',*,*,#1999,.T.);
#1665=ORIENTED_EDGE('',*,*,#2102,.F.);
#1666=ORIENTED_EDGE('',*,*,#2249,.F.);
#1667=ORIENTED_EDGE('',*,*,#2084,.T.);
#1668=ORIENTED_EDGE('',*,*,#2248,.F.);
#1669=ORIENTED_EDGE('',*,*,#2085,.T.);
#1670=ORIENTED_EDGE('',*,*,#2249,.T.);
#1671=ORIENTED_EDGE('',*,*,#2101,.F.);
#1672=ORIENTED_EDGE('',*,*,#2001,.F.);
#1673=ORIENTED_EDGE('',*,*,#2083,.F.);
#1674=ORIENTED_EDGE('',*,*,#2250,.T.);
#1675=ORIENTED_EDGE('',*,*,#2091,.T.);
#1676=ORIENTED_EDGE('',*,*,#1978,.T.);
#1677=ORIENTED_EDGE('',*,*,#2093,.F.);
#1678=ORIENTED_EDGE('',*,*,#2251,.F.);
#1679=ORIENTED_EDGE('',*,*,#2081,.T.);
#1680=ORIENTED_EDGE('',*,*,#2250,.F.);
#1681=ORIENTED_EDGE('',*,*,#2082,.T.);
#1682=ORIENTED_EDGE('',*,*,#2251,.T.);
#1683=ORIENTED_EDGE('',*,*,#2092,.F.);
#1684=ORIENTED_EDGE('',*,*,#1987,.T.);
#1685=ORIENTED_EDGE('',*,*,#2071,.F.);
#1686=ORIENTED_EDGE('',*,*,#2252,.F.);
#1687=ORIENTED_EDGE('',*,*,#2047,.T.);
#1688=ORIENTED_EDGE('',*,*,#1924,.F.);
#1689=ORIENTED_EDGE('',*,*,#2049,.F.);
#1690=ORIENTED_EDGE('',*,*,#2253,.T.);
#1691=ORIENTED_EDGE('',*,*,#2069,.T.);
#1692=ORIENTED_EDGE('',*,*,#2048,.T.);
#1693=ORIENTED_EDGE('',*,*,#2252,.T.);
#1694=ORIENTED_EDGE('',*,*,#2070,.F.);
#1695=ORIENTED_EDGE('',*,*,#2253,.F.);
#1696=ORIENTED_EDGE('',*,*,#1989,.F.);
#1697=ORIENTED_EDGE('',*,*,#2058,.F.);
#1698=ORIENTED_EDGE('',*,*,#2254,.T.);
#1699=ORIENTED_EDGE('',*,*,#2072,.T.);
#1700=ORIENTED_EDGE('',*,*,#1991,.T.);
#1701=ORIENTED_EDGE('',*,*,#2074,.F.);
#1702=ORIENTED_EDGE('',*,*,#2255,.F.);
#1703=ORIENTED_EDGE('',*,*,#2056,.T.);
#1704=ORIENTED_EDGE('',*,*,#2254,.F.);
#1705=ORIENTED_EDGE('',*,*,#2057,.T.);
#1706=ORIENTED_EDGE('',*,*,#2255,.T.);
#1707=ORIENTED_EDGE('',*,*,#2073,.F.);
#1708=ORIENTED_EDGE('',*,*,#1993,.F.);
#1709=ORIENTED_EDGE('',*,*,#2055,.F.);
#1710=ORIENTED_EDGE('',*,*,#2256,.T.);
#1711=ORIENTED_EDGE('',*,*,#2063,.T.);
#1712=ORIENTED_EDGE('',*,*,#1982,.T.);
#1713=ORIENTED_EDGE('',*,*,#2065,.F.);
#1714=ORIENTED_EDGE('',*,*,#2257,.F.);
#1715=ORIENTED_EDGE('',*,*,#2053,.T.);
#1716=ORIENTED_EDGE('',*,*,#2256,.F.);
#1717=ORIENTED_EDGE('',*,*,#2054,.T.);
#1718=ORIENTED_EDGE('',*,*,#2257,.T.);
#1719=ORIENTED_EDGE('',*,*,#2064,.F.);
#1720=ORIENTED_EDGE('',*,*,#1918,.F.);
#1721=ORIENTED_EDGE('',*,*,#1890,.F.);
#1722=ORIENTED_EDGE('',*,*,#2258,.T.);
#1723=ORIENTED_EDGE('',*,*,#2041,.T.);
#1724=ORIENTED_EDGE('',*,*,#1911,.T.);
#1725=ORIENTED_EDGE('',*,*,#2043,.F.);
#1726=ORIENTED_EDGE('',*,*,#2259,.F.);
#1727=ORIENTED_EDGE('',*,*,#1888,.T.);
#1728=ORIENTED_EDGE('',*,*,#2042,.F.);
#1729=ORIENTED_EDGE('',*,*,#2258,.F.);
#1730=ORIENTED_EDGE('',*,*,#1889,.T.);
#1731=ORIENTED_EDGE('',*,*,#2259,.T.);
#1732=ORIENTED_EDGE('',*,*,#1912,.F.);
#1733=ORIENTED_EDGE('',*,*,#1901,.F.);
#1734=ORIENTED_EDGE('',*,*,#2260,.T.);
#1735=ORIENTED_EDGE('',*,*,#2044,.T.);
#1736=ORIENTED_EDGE('',*,*,#1914,.T.);
#1737=ORIENTED_EDGE('',*,*,#2046,.F.);
#1738=ORIENTED_EDGE('',*,*,#2261,.F.);
#1739=ORIENTED_EDGE('',*,*,#1899,.T.);
#1740=ORIENTED_EDGE('',*,*,#2260,.F.);
#1741=ORIENTED_EDGE('',*,*,#1900,.T.);
#1742=ORIENTED_EDGE('',*,*,#2261,.T.);
#1743=ORIENTED_EDGE('',*,*,#2045,.F.);
#1744=ORIENTED_EDGE('',*,*,#1915,.F.);
#1745=ORIENTED_EDGE('',*,*,#1897,.F.);
#1746=ORIENTED_EDGE('',*,*,#2262,.T.);
#1747=ORIENTED_EDGE('',*,*,#2035,.T.);
#1748=ORIENTED_EDGE('',*,*,#1986,.T.);
#1749=ORIENTED_EDGE('',*,*,#2037,.F.);
#1750=ORIENTED_EDGE('',*,*,#2263,.F.);
#1751=ORIENTED_EDGE('',*,*,#1895,.T.);
#1752=ORIENTED_EDGE('',*,*,#2262,.F.);
#1753=ORIENTED_EDGE('',*,*,#1896,.T.);
#1754=ORIENTED_EDGE('',*,*,#2263,.T.);
#1755=ORIENTED_EDGE('',*,*,#2036,.F.);
#1756=ORIENTED_EDGE('',*,*,#1881,.T.);
#1757=ORIENTED_EDGE('',*,*,#2221,.T.);
#1758=ORIENTED_EDGE('',*,*,#1875,.F.);
#1759=ORIENTED_EDGE('',*,*,#1957,.F.);
#1760=ORIENTED_EDGE('',*,*,#1874,.T.);
#1761=ORIENTED_EDGE('',*,*,#1879,.F.);
#1762=ORIENTED_EDGE('',*,*,#1951,.F.);
#1763=ORIENTED_EDGE('',*,*,#1871,.T.);
#1764=ORIENTED_EDGE('',*,*,#2202,.T.);
#1765=ORIENTED_EDGE('',*,*,#1865,.F.);
#1766=ORIENTED_EDGE('',*,*,#1864,.T.);
#1767=ORIENTED_EDGE('',*,*,#1869,.F.);
#1768=ORIENTED_EDGE('',*,*,#1945,.F.);
#1769=ORIENTED_EDGE('',*,*,#1861,.T.);
#1770=ORIENTED_EDGE('',*,*,#2174,.T.);
#1771=ORIENTED_EDGE('',*,*,#1855,.F.);
#1772=ORIENTED_EDGE('',*,*,#1854,.T.);
#1773=ORIENTED_EDGE('',*,*,#1859,.F.);
#1774=ORIENTED_EDGE('',*,*,#1939,.F.);
#1775=ORIENTED_EDGE('',*,*,#1851,.T.);
#1776=ORIENTED_EDGE('',*,*,#2146,.T.);
#1777=ORIENTED_EDGE('',*,*,#1845,.F.);
#1778=ORIENTED_EDGE('',*,*,#1844,.T.);
#1779=ORIENTED_EDGE('',*,*,#1849,.F.);
#1780=ORIENTED_EDGE('',*,*,#1933,.F.);
#1781=ORIENTED_EDGE('',*,*,#1841,.T.);
#1782=ORIENTED_EDGE('',*,*,#2118,.T.);
#1783=ORIENTED_EDGE('',*,*,#1835,.F.);
#1784=ORIENTED_EDGE('',*,*,#1834,.T.);
#1785=ORIENTED_EDGE('',*,*,#1839,.F.);
#1786=ORIENTED_EDGE('',*,*,#1927,.F.);
#1787=ORIENTED_EDGE('',*,*,#1831,.T.);
#1788=ORIENTED_EDGE('',*,*,#2090,.T.);
#1789=ORIENTED_EDGE('',*,*,#1825,.F.);
#1790=ORIENTED_EDGE('',*,*,#1824,.T.);
#1791=ORIENTED_EDGE('',*,*,#1829,.F.);
#1792=ORIENTED_EDGE('',*,*,#1921,.F.);
#1793=ORIENTED_EDGE('',*,*,#1821,.T.);
#1794=ORIENTED_EDGE('',*,*,#2062,.T.);
#1795=ORIENTED_EDGE('',*,*,#1815,.F.);
#1796=ORIENTED_EDGE('',*,*,#1814,.T.);
#1797=ORIENTED_EDGE('',*,*,#1819,.F.);
#1798=ORIENTED_EDGE('',*,*,#1917,.F.);
#1799=ORIENTED_EDGE('',*,*,#1811,.T.);
#1800=ORIENTED_EDGE('',*,*,#1910,.T.);
#1801=ORIENTED_EDGE('',*,*,#1805,.F.);
#1802=ORIENTED_EDGE('',*,*,#1804,.T.);
#1803=ORIENTED_EDGE('',*,*,#1809,.F.);
#1804=EDGE_CURVE('',#2264,#2264,#2576,.T.);
#1805=EDGE_CURVE('',#2265,#2266,#2577,.T.);
#1806=EDGE_CURVE('',#2266,#2267,#28,.T.);
#1807=EDGE_CURVE('',#2267,#2268,#29,.T.);
#1808=EDGE_CURVE('',#2265,#2268,#30,.T.);
#1809=EDGE_CURVE('',#2269,#2269,#2578,.T.);
#1810=EDGE_CURVE('',#2270,#2271,#31,.T.);
#1811=EDGE_CURVE('',#2272,#2270,#2579,.T.);
#1812=EDGE_CURVE('',#2272,#2273,#32,.T.);
#1813=EDGE_CURVE('',#2271,#2273,#33,.T.);
#1814=EDGE_CURVE('',#2274,#2274,#2580,.T.);
#1815=EDGE_CURVE('',#2275,#2276,#2581,.T.);
#1816=EDGE_CURVE('',#2276,#2277,#34,.T.);
#1817=EDGE_CURVE('',#2277,#2278,#35,.T.);
#1818=EDGE_CURVE('',#2275,#2278,#36,.T.);
#1819=EDGE_CURVE('',#2279,#2279,#2582,.T.);
#1820=EDGE_CURVE('',#2280,#2281,#37,.T.);
#1821=EDGE_CURVE('',#2282,#2280,#2583,.T.);
#1822=EDGE_CURVE('',#2282,#2283,#38,.T.);
#1823=EDGE_CURVE('',#2281,#2283,#39,.T.);
#1824=EDGE_CURVE('',#2284,#2284,#2584,.T.);
#1825=EDGE_CURVE('',#2285,#2286,#2585,.T.);
#1826=EDGE_CURVE('',#2286,#2287,#40,.T.);
#1827=EDGE_CURVE('',#2287,#2288,#41,.T.);
#1828=EDGE_CURVE('',#2285,#2288,#42,.T.);
#1829=EDGE_CURVE('',#2289,#2289,#2586,.T.);
#1830=EDGE_CURVE('',#2290,#2291,#43,.T.);
#1831=EDGE_CURVE('',#2292,#2290,#2587,.T.);
#1832=EDGE_CURVE('',#2292,#2293,#44,.T.);
#1833=EDGE_CURVE('',#2291,#2293,#45,.T.);
#1834=EDGE_CURVE('',#2294,#2294,#2588,.T.);
#1835=EDGE_CURVE('',#2295,#2296,#2589,.T.);
#1836=EDGE_CURVE('',#2296,#2297,#46,.T.);
#1837=EDGE_CURVE('',#2297,#2298,#47,.T.);
#1838=EDGE_CURVE('',#2295,#2298,#48,.T.);
#1839=EDGE_CURVE('',#2299,#2299,#2590,.T.);
#1840=EDGE_CURVE('',#2300,#2301,#49,.T.);
#1841=EDGE_CURVE('',#2302,#2300,#2591,.T.);
#1842=EDGE_CURVE('',#2302,#2303,#50,.T.);
#1843=EDGE_CURVE('',#2301,#2303,#51,.T.);
#1844=EDGE_CURVE('',#2304,#2304,#2592,.T.);
#1845=EDGE_CURVE('',#2305,#2306,#2593,.T.);
#1846=EDGE_CURVE('',#2306,#2307,#52,.T.);
#1847=EDGE_CURVE('',#2307,#2308,#53,.T.);
#1848=EDGE_CURVE('',#2305,#2308,#54,.T.);
#1849=EDGE_CURVE('',#2309,#2309,#2594,.T.);
#1850=EDGE_CURVE('',#2310,#2311,#55,.T.);
#1851=EDGE_CURVE('',#2312,#2310,#2595,.T.);
#1852=EDGE_CURVE('',#2312,#2313,#56,.T.);
#1853=EDGE_CURVE('',#2311,#2313,#57,.T.);
#1854=EDGE_CURVE('',#2314,#2314,#2596,.T.);
#1855=EDGE_CURVE('',#2315,#2316,#2597,.T.);
#1856=EDGE_CURVE('',#2316,#2317,#58,.T.);
#1857=EDGE_CURVE('',#2317,#2318,#59,.T.);
#1858=EDGE_CURVE('',#2315,#2318,#60,.T.);
#1859=EDGE_CURVE('',#2319,#2319,#2598,.T.);
#1860=EDGE_CURVE('',#2320,#2321,#61,.T.);
#1861=EDGE_CURVE('',#2322,#2320,#2599,.T.);
#1862=EDGE_CURVE('',#2322,#2323,#62,.T.);
#1863=EDGE_CURVE('',#2321,#2323,#63,.T.);
#1864=EDGE_CURVE('',#2324,#2324,#2600,.T.);
#1865=EDGE_CURVE('',#2325,#2326,#2601,.T.);
#1866=EDGE_CURVE('',#2326,#2327,#64,.T.);
#1867=EDGE_CURVE('',#2327,#2328,#65,.T.);
#1868=EDGE_CURVE('',#2325,#2328,#66,.T.);
#1869=EDGE_CURVE('',#2329,#2329,#2602,.T.);
#1870=EDGE_CURVE('',#2330,#2331,#67,.T.);
#1871=EDGE_CURVE('',#2332,#2330,#2603,.T.);
#1872=EDGE_CURVE('',#2332,#2333,#68,.T.);
#1873=EDGE_CURVE('',#2331,#2333,#69,.T.);
#1874=EDGE_CURVE('',#2334,#2334,#2604,.T.);
#1875=EDGE_CURVE('',#2335,#2336,#2605,.T.);
#1876=EDGE_CURVE('',#2336,#2337,#70,.T.);
#1877=EDGE_CURVE('',#2337,#2338,#71,.T.);
#1878=EDGE_CURVE('',#2335,#2338,#72,.T.);
#1879=EDGE_CURVE('',#2339,#2339,#2606,.T.);
#1880=EDGE_CURVE('',#2340,#2341,#73,.T.);
#1881=EDGE_CURVE('',#2342,#2340,#2607,.T.);
#1882=EDGE_CURVE('',#2342,#2343,#74,.T.);
#1883=EDGE_CURVE('',#2341,#2343,#75,.T.);
#1884=EDGE_CURVE('',#2344,#2345,#76,.T.);
#1885=EDGE_CURVE('',#2346,#2345,#77,.T.);
#1886=EDGE_CURVE('',#2347,#2346,#78,.T.);
#1887=EDGE_CURVE('',#2347,#2344,#79,.T.);
#1888=EDGE_CURVE('',#2348,#2349,#80,.T.);
#1889=EDGE_CURVE('',#2350,#2348,#81,.T.);
#1890=EDGE_CURVE('',#2350,#2351,#82,.T.);
#1891=EDGE_CURVE('',#2352,#2351,#83,.T.);
#1892=EDGE_CURVE('',#2353,#2352,#84,.T.);
#1893=EDGE_CURVE('',#2353,#2346,#85,.T.);
#1894=EDGE_CURVE('',#2354,#2345,#86,.T.);
#1895=EDGE_CURVE('',#2355,#2354,#87,.T.);
#1896=EDGE_CURVE('',#2356,#2355,#88,.T.);
#1897=EDGE_CURVE('',#2356,#2357,#89,.T.);
#1898=EDGE_CURVE('',#2358,#2357,#90,.T.);
#1899=EDGE_CURVE('',#2359,#2358,#91,.T.);
#1900=EDGE_CURVE('',#2360,#2359,#92,.T.);
#1901=EDGE_CURVE('',#2360,#2361,#93,.T.);
#1902=EDGE_CURVE('',#2349,#2361,#94,.T.);
#1903=EDGE_CURVE('',#2268,#2352,#95,.T.);
#1904=EDGE_CURVE('',#2267,#2353,#96,.T.);
#1905=EDGE_CURVE('',#2362,#2273,#97,.T.);
#1906=EDGE_CURVE('',#2363,#2362,#98,.T.);
#1907=EDGE_CURVE('',#2363,#2271,#99,.T.);
#1908=EDGE_CURVE('',#2362,#2344,#100,.T.);
#1909=EDGE_CURVE('',#2363,#2347,#101,.T.);
#1910=EDGE_CURVE('',#2270,#2266,#102,.T.);
#1911=EDGE_CURVE('',#2349,#2364,#103,.T.);
#1912=EDGE_CURVE('',#2361,#2365,#104,.T.);
#1913=EDGE_CURVE('',#2364,#2365,#105,.T.);
#1914=EDGE_CURVE('',#2358,#2366,#106,.T.);
#1915=EDGE_CURVE('',#2357,#2367,#107,.T.);
#1916=EDGE_CURVE('',#2366,#2367,#108,.T.);
#1917=EDGE_CURVE('',#2272,#2265,#109,.T.);
#1918=EDGE_CURVE('',#2351,#2368,#110,.T.);
#1919=EDGE_CURVE('',#2369,#2368,#111,.T.);
#1920=EDGE_CURVE('',#2369,#2283,#112,.T.);
#1921=EDGE_CURVE('',#2282,#2275,#113,.T.);
#1922=EDGE_CURVE('',#2278,#2370,#114,.T.);
#1923=EDGE_CURVE('',#2370,#2371,#115,.T.);
#1924=EDGE_CURVE('',#2371,#2372,#116,.T.);
#1925=EDGE_CURVE('',#2373,#2372,#117,.T.);
#1926=EDGE_CURVE('',#2373,#2293,#118,.T.);
#1927=EDGE_CURVE('',#2292,#2285,#119,.T.);
#1928=EDGE_CURVE('',#2288,#2374,#120,.T.);
#1929=EDGE_CURVE('',#2374,#2375,#121,.T.);
#1930=EDGE_CURVE('',#2375,#2376,#122,.T.);
#1931=EDGE_CURVE('',#2377,#2376,#123,.T.);
#1932=EDGE_CURVE('',#2377,#2303,#124,.T.);
#1933=EDGE_CURVE('',#2302,#2295,#125,.T.);
#1934=EDGE_CURVE('',#2298,#2378,#126,.T.);
#1935=EDGE_CURVE('',#2378,#2379,#127,.T.);
#1936=EDGE_CURVE('',#2379,#2380,#128,.T.);
#1937=EDGE_CURVE('',#2381,#2380,#129,.T.);
#1938=EDGE_CURVE('',#2381,#2313,#130,.T.);
#1939=EDGE_CURVE('',#2312,#2305,#131,.T.);
#1940=EDGE_CURVE('',#2308,#2382,#132,.T.);
#1941=EDGE_CURVE('',#2382,#2383,#133,.T.);
#1942=EDGE_CURVE('',#2383,#2384,#134,.T.);
#1943=EDGE_CURVE('',#2385,#2384,#135,.T.);
#1944=EDGE_CURVE('',#2385,#2323,#136,.T.);
#1945=EDGE_CURVE('',#2322,#2315,#137,.T.);
#1946=EDGE_CURVE('',#2318,#2386,#138,.T.);
#1947=EDGE_CURVE('',#2386,#2387,#139,.T.);
#1948=EDGE_CURVE('',#2387,#2388,#140,.T.);
#1949=EDGE_CURVE('',#2389,#2388,#141,.T.);
#1950=EDGE_CURVE('',#2389,#2333,#142,.T.);
#1951=EDGE_CURVE('',#2332,#2325,#143,.T.);
#1952=EDGE_CURVE('',#2328,#2390,#144,.T.);
#1953=EDGE_CURVE('',#2390,#2391,#145,.T.);
#1954=EDGE_CURVE('',#2391,#2392,#146,.T.);
#1955=EDGE_CURVE('',#2393,#2392,#147,.T.);
#1956=EDGE_CURVE('',#2393,#2343,#148,.T.);
#1957=EDGE_CURVE('',#2342,#2335,#149,.T.);
#1958=EDGE_CURVE('',#2338,#2394,#150,.T.);
#1959=EDGE_CURVE('',#2394,#2395,#151,.T.);
#1960=EDGE_CURVE('',#2396,#2395,#152,.T.);
#1961=EDGE_CURVE('',#2397,#2396,#153,.T.);
#1962=EDGE_CURVE('',#2398,#2397,#154,.T.);
#1963=EDGE_CURVE('',#2398,#2399,#155,.T.);
#1964=EDGE_CURVE('',#2400,#2399,#156,.T.);
#1965=EDGE_CURVE('',#2401,#2400,#157,.T.);
#1966=EDGE_CURVE('',#2402,#2401,#158,.T.);
#1967=EDGE_CURVE('',#2402,#2403,#159,.T.);
#1968=EDGE_CURVE('',#2404,#2403,#160,.T.);
#1969=EDGE_CURVE('',#2405,#2404,#161,.T.);
#1970=EDGE_CURVE('',#2406,#2405,#162,.T.);
#1971=EDGE_CURVE('',#2406,#2407,#163,.T.);
#1972=EDGE_CURVE('',#2408,#2407,#164,.T.);
#1973=EDGE_CURVE('',#2409,#2408,#165,.T.);
#1974=EDGE_CURVE('',#2410,#2409,#166,.T.);
#1975=EDGE_CURVE('',#2410,#2411,#167,.T.);
#1976=EDGE_CURVE('',#2412,#2411,#168,.T.);
#1977=EDGE_CURVE('',#2413,#2412,#169,.T.);
#1978=EDGE_CURVE('',#2414,#2413,#170,.T.);
#1979=EDGE_CURVE('',#2414,#2415,#171,.T.);
#1980=EDGE_CURVE('',#2416,#2415,#172,.T.);
#1981=EDGE_CURVE('',#2417,#2416,#173,.T.);
#1982=EDGE_CURVE('',#2418,#2417,#174,.T.);
#1983=EDGE_CURVE('',#2418,#2419,#175,.T.);
#1984=EDGE_CURVE('',#2420,#2419,#176,.T.);
#1985=EDGE_CURVE('',#2421,#2420,#177,.T.);
#1986=EDGE_CURVE('',#2354,#2421,#178,.T.);
#1987=EDGE_CURVE('',#2422,#2423,#179,.T.);
#1988=EDGE_CURVE('',#2422,#2424,#180,.T.);
#1989=EDGE_CURVE('',#2424,#2425,#181,.T.);
#1990=EDGE_CURVE('',#2423,#2425,#182,.T.);
#1991=EDGE_CURVE('',#2426,#2427,#183,.T.);
#1992=EDGE_CURVE('',#2426,#2428,#184,.T.);
#1993=EDGE_CURVE('',#2428,#2429,#185,.T.);
#1994=EDGE_CURVE('',#2427,#2429,#186,.T.);
#1995=EDGE_CURVE('',#2430,#2431,#187,.T.);
#1996=EDGE_CURVE('',#2430,#2432,#188,.T.);
#1997=EDGE_CURVE('',#2432,#2433,#189,.T.);
#1998=EDGE_CURVE('',#2431,#2433,#190,.T.);
#1999=EDGE_CURVE('',#2434,#2435,#191,.T.);
#2000=EDGE_CURVE('',#2434,#2436,#192,.T.);
#2001=EDGE_CURVE('',#2436,#2437,#193,.T.);
#2002=EDGE_CURVE('',#2435,#2437,#194,.T.);
#2003=EDGE_CURVE('',#2438,#2439,#195,.T.);
#2004=EDGE_CURVE('',#2438,#2440,#196,.T.);
#2005=EDGE_CURVE('',#2440,#2441,#197,.T.);
#2006=EDGE_CURVE('',#2439,#2441,#198,.T.);
#2007=EDGE_CURVE('',#2442,#2443,#199,.T.);
#2008=EDGE_CURVE('',#2442,#2444,#200,.T.);
#2009=EDGE_CURVE('',#2444,#2445,#201,.T.);
#2010=EDGE_CURVE('',#2443,#2445,#202,.T.);
#2011=EDGE_CURVE('',#2446,#2447,#203,.T.);
#2012=EDGE_CURVE('',#2446,#2448,#204,.T.);
#2013=EDGE_CURVE('',#2448,#2449,#205,.T.);
#2014=EDGE_CURVE('',#2447,#2449,#206,.T.);
#2015=EDGE_CURVE('',#2450,#2451,#207,.T.);
#2016=EDGE_CURVE('',#2450,#2452,#208,.T.);
#2017=EDGE_CURVE('',#2452,#2453,#209,.T.);
#2018=EDGE_CURVE('',#2451,#2453,#210,.T.);
#2019=EDGE_CURVE('',#2454,#2455,#211,.T.);
#2020=EDGE_CURVE('',#2454,#2456,#212,.T.);
#2021=EDGE_CURVE('',#2456,#2457,#213,.T.);
#2022=EDGE_CURVE('',#2455,#2457,#214,.T.);
#2023=EDGE_CURVE('',#2458,#2459,#215,.T.);
#2024=EDGE_CURVE('',#2458,#2460,#216,.T.);
#2025=EDGE_CURVE('',#2460,#2461,#217,.T.);
#2026=EDGE_CURVE('',#2459,#2461,#218,.T.);
#2027=EDGE_CURVE('',#2462,#2463,#219,.T.);
#2028=EDGE_CURVE('',#2462,#2464,#220,.T.);
#2029=EDGE_CURVE('',#2464,#2465,#221,.T.);
#2030=EDGE_CURVE('',#2463,#2465,#222,.T.);
#2031=EDGE_CURVE('',#2466,#2467,#223,.T.);
#2032=EDGE_CURVE('',#2466,#2468,#224,.T.);
#2033=EDGE_CURVE('',#2468,#2469,#225,.T.);
#2034=EDGE_CURVE('',#2467,#2469,#226,.T.);
#2035=EDGE_CURVE('',#2470,#2367,#227,.T.);
#2036=EDGE_CURVE('',#2470,#2471,#228,.T.);
#2037=EDGE_CURVE('',#2471,#2421,#229,.T.);
#2038=EDGE_CURVE('',#2472,#2420,#230,.T.);
#2039=EDGE_CURVE('',#2473,#2472,#231,.T.);
#2040=EDGE_CURVE('',#2473,#2369,#232,.T.);
#2041=EDGE_CURVE('',#2474,#2368,#233,.T.);
#2042=EDGE_CURVE('',#2474,#2475,#234,.T.);
#2043=EDGE_CURVE('',#2475,#2364,#235,.T.);
#2044=EDGE_CURVE('',#2476,#2365,#236,.T.);
#2045=EDGE_CURVE('',#2476,#2477,#237,.T.);
#2046=EDGE_CURVE('',#2477,#2366,#238,.T.);
#2047=EDGE_CURVE('',#2478,#2422,#239,.T.);
#2048=EDGE_CURVE('',#2479,#2478,#240,.T.);
#2049=EDGE_CURVE('',#2479,#2371,#241,.T.);
#2050=EDGE_CURVE('',#2480,#2370,#242,.T.);
#2051=EDGE_CURVE('',#2480,#2481,#243,.T.);
#2052=EDGE_CURVE('',#2481,#2419,#244,.T.);
#2053=EDGE_CURVE('',#2482,#2418,#245,.T.);
#2054=EDGE_CURVE('',#2483,#2482,#246,.T.);
#2055=EDGE_CURVE('',#2483,#2428,#247,.T.);
#2056=EDGE_CURVE('',#2484,#2426,#248,.T.);
#2057=EDGE_CURVE('',#2485,#2484,#249,.T.);
#2058=EDGE_CURVE('',#2485,#2424,#250,.T.);
#2059=EDGE_CURVE('',#2277,#2480,#251,.T.);
#2060=EDGE_CURVE('',#2473,#2281,#252,.T.);
#2061=EDGE_CURVE('',#2472,#2481,#253,.T.);
#2062=EDGE_CURVE('',#2280,#2276,#254,.T.);
#2063=EDGE_CURVE('',#2486,#2429,#255,.T.);
#2064=EDGE_CURVE('',#2486,#2487,#256,.T.);
#2065=EDGE_CURVE('',#2487,#2417,#257,.T.);
#2066=EDGE_CURVE('',#2488,#2416,#258,.T.);
#2067=EDGE_CURVE('',#2489,#2488,#259,.T.);
#2068=EDGE_CURVE('',#2489,#2373,#260,.T.);
#2069=EDGE_CURVE('',#2490,#2372,#261,.T.);
#2070=EDGE_CURVE('',#2490,#2491,#262,.T.);
#2071=EDGE_CURVE('',#2491,#2423,#263,.T.);
#2072=EDGE_CURVE('',#2492,#2425,#264,.T.);
#2073=EDGE_CURVE('',#2492,#2493,#265,.T.);
#2074=EDGE_CURVE('',#2493,#2427,#266,.T.);
#2075=EDGE_CURVE('',#2494,#2430,#267,.T.);
#2076=EDGE_CURVE('',#2495,#2494,#268,.T.);
#2077=EDGE_CURVE('',#2495,#2375,#269,.T.);
#2078=EDGE_CURVE('',#2496,#2374,#270,.T.);
#2079=EDGE_CURVE('',#2496,#2497,#271,.T.);
#2080=EDGE_CURVE('',#2497,#2415,#272,.T.);
#2081=EDGE_CURVE('',#2498,#2414,#273,.T.);
#2082=EDGE_CURVE('',#2499,#2498,#274,.T.);
#2083=EDGE_CURVE('',#2499,#2436,#275,.T.);
#2084=EDGE_CURVE('',#2500,#2434,#276,.T.);
#2085=EDGE_CURVE('',#2501,#2500,#277,.T.);
#2086=EDGE_CURVE('',#2501,#2432,#278,.T.);
#2087=EDGE_CURVE('',#2287,#2496,#279,.T.);
#2088=EDGE_CURVE('',#2489,#2291,#280,.T.);
#2089=EDGE_CURVE('',#2488,#2497,#281,.T.);
#2090=EDGE_CURVE('',#2290,#2286,#282,.T.);
#2091=EDGE_CURVE('',#2502,#2437,#283,.T.);
#2092=EDGE_CURVE('',#2502,#2503,#284,.T.);
#2093=EDGE_CURVE('',#2503,#2413,#285,.T.);
#2094=EDGE_CURVE('',#2504,#2412,#286,.T.);
#2095=EDGE_CURVE('',#2505,#2504,#287,.T.);
#2096=EDGE_CURVE('',#2505,#2377,#288,.T.);
#2097=EDGE_CURVE('',#2506,#2376,#289,.T.);
#2098=EDGE_CURVE('',#2506,#2507,#290,.T.);
#2099=EDGE_CURVE('',#2507,#2431,#291,.T.);
#2100=EDGE_CURVE('',#2508,#2433,#292,.T.);
#2101=EDGE_CURVE('',#2508,#2509,#293,.T.);
#2102=EDGE_CURVE('',#2509,#2435,#294,.T.);
#2103=EDGE_CURVE('',#2510,#2438,#295,.T.);
#2104=EDGE_CURVE('',#2511,#2510,#296,.T.);
#2105=EDGE_CURVE('',#2511,#2379,#297,.T.);
#2106=EDGE_CURVE('',#2512,#2378,#298,.T.);
#2107=EDGE_CURVE('',#2512,#2513,#299,.T.);
#2108=EDGE_CURVE('',#2513,#2411,#300,.T.);
#2109=EDGE_CURVE('',#2514,#2410,#301,.T.);
#2110=EDGE_CURVE('',#2515,#2514,#302,.T.);
#2111=EDGE_CURVE('',#2515,#2444,#303,.T.);
#2112=EDGE_CURVE('',#2516,#2442,#304,.T.);
#2113=EDGE_CURVE('',#2517,#2516,#305,.T.);
#2114=EDGE_CURVE('',#2517,#2440,#306,.T.);
#2115=EDGE_CURVE('',#2297,#2512,#307,.T.);
#2116=EDGE_CURVE('',#2505,#2301,#308,.T.);
#2117=EDGE_CURVE('',#2504,#2513,#309,.T.);
#2118=EDGE_CURVE('',#2300,#2296,#310,.T.);
#2119=EDGE_CURVE('',#2518,#2445,#311,.T.);
#2120=EDGE_CURVE('',#2518,#2519,#312,.T.);
#2121=EDGE_CURVE('',#2519,#2409,#313,.T.);
#2122=EDGE_CURVE('',#2520,#2408,#314,.T.);
#2123=EDGE_CURVE('',#2521,#2520,#315,.T.);
#2124=EDGE_CURVE('',#2521,#2381,#316,.T.);
#2125=EDGE_CURVE('',#2522,#2380,#317,.T.);
#2126=EDGE_CURVE('',#2522,#2523,#318,.T.);
#2127=EDGE_CURVE('',#2523,#2439,#319,.T.);
#2128=EDGE_CURVE('',#2524,#2441,#320,.T.);
#2129=EDGE_CURVE('',#2524,#2525,#321,.T.);
#2130=EDGE_CURVE('',#2525,#2443,#322,.T.);
#2131=EDGE_CURVE('',#2526,#2446,#323,.T.);
#2132=EDGE_CURVE('',#2527,#2526,#324,.T.);
#2133=EDGE_CURVE('',#2527,#2383,#325,.T.);
#2134=EDGE_CURVE('',#2528,#2382,#326,.T.);
#2135=EDGE_CURVE('',#2528,#2529,#327,.T.);
#2136=EDGE_CURVE('',#2529,#2407,#328,.T.);
#2137=EDGE_CURVE('',#2530,#2406,#329,.T.);
#2138=EDGE_CURVE('',#2531,#2530,#330,.T.);
#2139=EDGE_CURVE('',#2531,#2452,#331,.T.);
#2140=EDGE_CURVE('',#2532,#2450,#332,.T.);
#2141=EDGE_CURVE('',#2533,#2532,#333,.T.);
#2142=EDGE_CURVE('',#2533,#2448,#334,.T.);
#2143=EDGE_CURVE('',#2307,#2528,#335,.T.);
#2144=EDGE_CURVE('',#2521,#2311,#336,.T.);
#2145=EDGE_CURVE('',#2520,#2529,#337,.T.);
#2146=EDGE_CURVE('',#2310,#2306,#338,.T.);
#2147=EDGE_CURVE('',#2534,#2453,#339,.T.);
#2148=EDGE_CURVE('',#2534,#2535,#340,.T.);
#2149=EDGE_CURVE('',#2535,#2405,#341,.T.);
#2150=EDGE_CURVE('',#2536,#2404,#342,.T.);
#2151=EDGE_CURVE('',#2537,#2536,#343,.T.);
#2152=EDGE_CURVE('',#2537,#2385,#344,.T.);
#2153=EDGE_CURVE('',#2538,#2384,#345,.T.);
#2154=EDGE_CURVE('',#2538,#2539,#346,.T.);
#2155=EDGE_CURVE('',#2539,#2447,#347,.T.);
#2156=EDGE_CURVE('',#2540,#2449,#348,.T.);
#2157=EDGE_CURVE('',#2540,#2541,#349,.T.);
#2158=EDGE_CURVE('',#2541,#2451,#350,.T.);
#2159=EDGE_CURVE('',#2542,#2454,#351,.T.);
#2160=EDGE_CURVE('',#2543,#2542,#352,.T.);
#2161=EDGE_CURVE('',#2543,#2387,#353,.T.);
#2162=EDGE_CURVE('',#2544,#2386,#354,.T.);
#2163=EDGE_CURVE('',#2544,#2545,#355,.T.);
#2164=EDGE_CURVE('',#2545,#2403,#356,.T.);
#2165=EDGE_CURVE('',#2546,#2402,#357,.T.);
#2166=EDGE_CURVE('',#2547,#2546,#358,.T.);
#2167=EDGE_CURVE('',#2547,#2460,#359,.T.);
#2168=EDGE_CURVE('',#2548,#2458,#360,.T.);
#2169=EDGE_CURVE('',#2549,#2548,#361,.T.);
#2170=EDGE_CURVE('',#2549,#2456,#362,.T.);
#2171=EDGE_CURVE('',#2317,#2544,#363,.T.);
#2172=EDGE_CURVE('',#2537,#2321,#364,.T.);
#2173=EDGE_CURVE('',#2536,#2545,#365,.T.);
#2174=EDGE_CURVE('',#2320,#2316,#366,.T.);
#2175=EDGE_CURVE('',#2550,#2461,#367,.T.);
#2176=EDGE_CURVE('',#2550,#2551,#368,.T.);
#2177=EDGE_CURVE('',#2551,#2401,#369,.T.);
#2178=EDGE_CURVE('',#2552,#2400,#370,.T.);
#2179=EDGE_CURVE('',#2553,#2552,#371,.T.);
#2180=EDGE_CURVE('',#2553,#2389,#372,.T.);
#2181=EDGE_CURVE('',#2554,#2388,#373,.T.);
#2182=EDGE_CURVE('',#2554,#2555,#374,.T.);
#2183=EDGE_CURVE('',#2555,#2455,#375,.T.);
#2184=EDGE_CURVE('',#2556,#2457,#376,.T.);
#2185=EDGE_CURVE('',#2556,#2557,#377,.T.);
#2186=EDGE_CURVE('',#2557,#2459,#378,.T.);
#2187=EDGE_CURVE('',#2558,#2462,#379,.T.);
#2188=EDGE_CURVE('',#2559,#2558,#380,.T.);
#2189=EDGE_CURVE('',#2559,#2391,#381,.T.);
#2190=EDGE_CURVE('',#2560,#2390,#382,.T.);
#2191=EDGE_CURVE('',#2560,#2561,#383,.T.);
#2192=EDGE_CURVE('',#2561,#2399,#384,.T.);
#2193=EDGE_CURVE('',#2562,#2398,#385,.T.);
#2194=EDGE_CURVE('',#2563,#2562,#386,.T.);
#2195=EDGE_CURVE('',#2563,#2468,#387,.T.);
#2196=EDGE_CURVE('',#2564,#2466,#388,.T.);
#2197=EDGE_CURVE('',#2565,#2564,#389,.T.);
#2198=EDGE_CURVE('',#2565,#2464,#390,.T.);
#2199=EDGE_CURVE('',#2327,#2560,#391,.T.);
#2200=EDGE_CURVE('',#2553,#2331,#392,.T.);
#2201=EDGE_CURVE('',#2552,#2561,#393,.T.);
#2202=EDGE_CURVE('',#2330,#2326,#394,.T.);
#2203=EDGE_CURVE('',#2566,#2469,#395,.T.);
#2204=EDGE_CURVE('',#2566,#2567,#396,.T.);
#2205=EDGE_CURVE('',#2567,#2397,#397,.T.);
#2206=EDGE_CURVE('',#2568,#2396,#398,.T.);
#2207=EDGE_CURVE('',#2569,#2568,#399,.T.);
#2208=EDGE_CURVE('',#2569,#2393,#400,.T.);
#2209=EDGE_CURVE('',#2570,#2392,#401,.T.);
#2210=EDGE_CURVE('',#2570,#2571,#402,.T.);
#2211=EDGE_CURVE('',#2571,#2463,#403,.T.);
#2212=EDGE_CURVE('',#2572,#2465,#404,.T.);
#2213=EDGE_CURVE('',#2572,#2573,#405,.T.);
#2214=EDGE_CURVE('',#2573,#2467,#406,.T.);
#2215=EDGE_CURVE('',#2574,#2394,#407,.T.);
#2216=EDGE_CURVE('',#2574,#2575,#408,.T.);
#2217=EDGE_CURVE('',#2575,#2395,#409,.T.);
#2218=EDGE_CURVE('',#2337,#2574,#410,.T.);
#2219=EDGE_CURVE('',#2569,#2341,#411,.T.);
#2220=EDGE_CURVE('',#2568,#2575,#412,.T.);
#2221=EDGE_CURVE('',#2340,#2336,#413,.T.);
#2222=EDGE_CURVE('',#2559,#2570,#414,.T.);
#2223=EDGE_CURVE('',#2558,#2571,#415,.T.);
#2224=EDGE_CURVE('',#2565,#2572,#416,.T.);
#2225=EDGE_CURVE('',#2564,#2573,#417,.T.);
#2226=EDGE_CURVE('',#2563,#2566,#418,.T.);
#2227=EDGE_CURVE('',#2562,#2567,#419,.T.);
#2228=EDGE_CURVE('',#2543,#2554,#420,.T.);
#2229=EDGE_CURVE('',#2542,#2555,#421,.T.);
#2230=EDGE_CURVE('',#2549,#2556,#422,.T.);
#2231=EDGE_CURVE('',#2548,#2557,#423,.T.);
#2232=EDGE_CURVE('',#2547,#2550,#424,.T.);
#2233=EDGE_CURVE('',#2546,#2551,#425,.T.);
#2234=EDGE_CURVE('',#2526,#2539,#426,.T.);
#2235=EDGE_CURVE('',#2527,#2538,#427,.T.);
#2236=EDGE_CURVE('',#2533,#2540,#428,.T.);
#2237=EDGE_CURVE('',#2532,#2541,#429,.T.);
#2238=EDGE_CURVE('',#2531,#2534,#430,.T.);
#2239=EDGE_CURVE('',#2530,#2535,#431,.T.);
#2240=EDGE_CURVE('',#2511,#2522,#432,.T.);
#2241=EDGE_CURVE('',#2510,#2523,#433,.T.);
#2242=EDGE_CURVE('',#2517,#2524,#434,.T.);
#2243=EDGE_CURVE('',#2516,#2525,#435,.T.);
#2244=EDGE_CURVE('',#2515,#2518,#436,.T.);
#2245=EDGE_CURVE('',#2514,#2519,#437,.T.);
#2246=EDGE_CURVE('',#2495,#2506,#438,.T.);
#2247=EDGE_CURVE('',#2494,#2507,#439,.T.);
#2248=EDGE_CURVE('',#2501,#2508,#440,.T.);
#2249=EDGE_CURVE('',#2500,#2509,#441,.T.);
#2250=EDGE_CURVE('',#2499,#2502,#442,.T.);
#2251=EDGE_CURVE('',#2498,#2503,#443,.T.);
#2252=EDGE_CURVE('',#2478,#2491,#444,.T.);
#2253=EDGE_CURVE('',#2479,#2490,#445,.T.);
#2254=EDGE_CURVE('',#2485,#2492,#446,.T.);
#2255=EDGE_CURVE('',#2484,#2493,#447,.T.);
#2256=EDGE_CURVE('',#2483,#2486,#448,.T.);
#2257=EDGE_CURVE('',#2482,#2487,#449,.T.);
#2258=EDGE_CURVE('',#2350,#2474,#450,.T.);
#2259=EDGE_CURVE('',#2348,#2475,#451,.T.);
#2260=EDGE_CURVE('',#2360,#2476,#452,.T.);
#2261=EDGE_CURVE('',#2359,#2477,#453,.T.);
#2262=EDGE_CURVE('',#2356,#2470,#454,.T.);
#2263=EDGE_CURVE('',#2355,#2471,#455,.T.);
#2264=VERTEX_POINT('',#4218);
#2265=VERTEX_POINT('',#4220);
#2266=VERTEX_POINT('',#4221);
#2267=VERTEX_POINT('',#4223);
#2268=VERTEX_POINT('',#4225);
#2269=VERTEX_POINT('',#4229);
#2270=VERTEX_POINT('',#4231);
#2271=VERTEX_POINT('',#4232);
#2272=VERTEX_POINT('',#4234);
#2273=VERTEX_POINT('',#4236);
#2274=VERTEX_POINT('',#4240);
#2275=VERTEX_POINT('',#4242);
#2276=VERTEX_POINT('',#4243);
#2277=VERTEX_POINT('',#4245);
#2278=VERTEX_POINT('',#4247);
#2279=VERTEX_POINT('',#4251);
#2280=VERTEX_POINT('',#4253);
#2281=VERTEX_POINT('',#4254);
#2282=VERTEX_POINT('',#4256);
#2283=VERTEX_POINT('',#4258);
#2284=VERTEX_POINT('',#4262);
#2285=VERTEX_POINT('',#4264);
#2286=VERTEX_POINT('',#4265);
#2287=VERTEX_POINT('',#4267);
#2288=VERTEX_POINT('',#4269);
#2289=VERTEX_POINT('',#4273);
#2290=VERTEX_POINT('',#4275);
#2291=VERTEX_POINT('',#4276);
#2292=VERTEX_POINT('',#4278);
#2293=VERTEX_POINT('',#4280);
#2294=VERTEX_POINT('',#4284);
#2295=VERTEX_POINT('',#4286);
#2296=VERTEX_POINT('',#4287);
#2297=VERTEX_POINT('',#4289);
#2298=VERTEX_POINT('',#4291);
#2299=VERTEX_POINT('',#4295);
#2300=VERTEX_POINT('',#4297);
#2301=VERTEX_POINT('',#4298);
#2302=VERTEX_POINT('',#4300);
#2303=VERTEX_POINT('',#4302);
#2304=VERTEX_POINT('',#4306);
#2305=VERTEX_POINT('',#4308);
#2306=VERTEX_POINT('',#4309);
#2307=VERTEX_POINT('',#4311);
#2308=VERTEX_POINT('',#4313);
#2309=VERTEX_POINT('',#4317);
#2310=VERTEX_POINT('',#4319);
#2311=VERTEX_POINT('',#4320);
#2312=VERTEX_POINT('',#4322);
#2313=VERTEX_POINT('',#4324);
#2314=VERTEX_POINT('',#4328);
#2315=VERTEX_POINT('',#4330);
#2316=VERTEX_POINT('',#4331);
#2317=VERTEX_POINT('',#4333);
#2318=VERTEX_POINT('',#4335);
#2319=VERTEX_POINT('',#4339);
#2320=VERTEX_POINT('',#4341);
#2321=VERTEX_POINT('',#4342);
#2322=VERTEX_POINT('',#4344);
#2323=VERTEX_POINT('',#4346);
#2324=VERTEX_POINT('',#4350);
#2325=VERTEX_POINT('',#4352);
#2326=VERTEX_POINT('',#4353);
#2327=VERTEX_POINT('',#4355);
#2328=VERTEX_POINT('',#4357);
#2329=VERTEX_POINT('',#4361);
#2330=VERTEX_POINT('',#4363);
#2331=VERTEX_POINT('',#4364);
#2332=VERTEX_POINT('',#4366);
#2333=VERTEX_POINT('',#4368);
#2334=VERTEX_POINT('',#4372);
#2335=VERTEX_POINT('',#4374);
#2336=VERTEX_POINT('',#4375);
#2337=VERTEX_POINT('',#4377);
#2338=VERTEX_POINT('',#4379);
#2339=VERTEX_POINT('',#4383);
#2340=VERTEX_POINT('',#4385);
#2341=VERTEX_POINT('',#4386);
#2342=VERTEX_POINT('',#4388);
#2343=VERTEX_POINT('',#4390);
#2344=VERTEX_POINT('',#4394);
#2345=VERTEX_POINT('',#4395);
#2346=VERTEX_POINT('',#4397);
#2347=VERTEX_POINT('',#4399);
#2348=VERTEX_POINT('',#4403);
#2349=VERTEX_POINT('',#4404);
#2350=VERTEX_POINT('',#4406);
#2351=VERTEX_POINT('',#4408);
#2352=VERTEX_POINT('',#4410);
#2353=VERTEX_POINT('',#4412);
#2354=VERTEX_POINT('',#4415);
#2355=VERTEX_POINT('',#4417);
#2356=VERTEX_POINT('',#4419);
#2357=VERTEX_POINT('',#4421);
#2358=VERTEX_POINT('',#4423);
#2359=VERTEX_POINT('',#4425);
#2360=VERTEX_POINT('',#4427);
#2361=VERTEX_POINT('',#4429);
#2362=VERTEX_POINT('',#4436);
#2363=VERTEX_POINT('',#4438);
#2364=VERTEX_POINT('',#4447);
#2365=VERTEX_POINT('',#4449);
#2366=VERTEX_POINT('',#4452);
#2367=VERTEX_POINT('',#4454);
#2368=VERTEX_POINT('',#4458);
#2369=VERTEX_POINT('',#4460);
#2370=VERTEX_POINT('',#4464);
#2371=VERTEX_POINT('',#4466);
#2372=VERTEX_POINT('',#4468);
#2373=VERTEX_POINT('',#4470);
#2374=VERTEX_POINT('',#4474);
#2375=VERTEX_POINT('',#4476);
#2376=VERTEX_POINT('',#4478);
#2377=VERTEX_POINT('',#4480);
#2378=VERTEX_POINT('',#4484);
#2379=VERTEX_POINT('',#4486);
#2380=VERTEX_POINT('',#4488);
#2381=VERTEX_POINT('',#4490);
#2382=VERTEX_POINT('',#4494);
#2383=VERTEX_POINT('',#4496);
#2384=VERTEX_POINT('',#4498);
#2385=VERTEX_POINT('',#4500);
#2386=VERTEX_POINT('',#4504);
#2387=VERTEX_POINT('',#4506);
#2388=VERTEX_POINT('',#4508);
#2389=VERTEX_POINT('',#4510);
#2390=VERTEX_POINT('',#4514);
#2391=VERTEX_POINT('',#4516);
#2392=VERTEX_POINT('',#4518);
#2393=VERTEX_POINT('',#4520);
#2394=VERTEX_POINT('',#4524);
#2395=VERTEX_POINT('',#4526);
#2396=VERTEX_POINT('',#4528);
#2397=VERTEX_POINT('',#4530);
#2398=VERTEX_POINT('',#4532);
#2399=VERTEX_POINT('',#4534);
#2400=VERTEX_POINT('',#4536);
#2401=VERTEX_POINT('',#4538);
#2402=VERTEX_POINT('',#4540);
#2403=VERTEX_POINT('',#4542);
#2404=VERTEX_POINT('',#4544);
#2405=VERTEX_POINT('',#4546);
#2406=VERTEX_POINT('',#4548);
#2407=VERTEX_POINT('',#4550);
#2408=VERTEX_POINT('',#4552);
#2409=VERTEX_POINT('',#4554);
#2410=VERTEX_POINT('',#4556);
#2411=VERTEX_POINT('',#4558);
#2412=VERTEX_POINT('',#4560);
#2413=VERTEX_POINT('',#4562);
#2414=VERTEX_POINT('',#4564);
#2415=VERTEX_POINT('',#4566);
#2416=VERTEX_POINT('',#4568);
#2417=VERTEX_POINT('',#4570);
#2418=VERTEX_POINT('',#4572);
#2419=VERTEX_POINT('',#4574);
#2420=VERTEX_POINT('',#4576);
#2421=VERTEX_POINT('',#4578);
#2422=VERTEX_POINT('',#4581);
#2423=VERTEX_POINT('',#4582);
#2424=VERTEX_POINT('',#4584);
#2425=VERTEX_POINT('',#4586);
#2426=VERTEX_POINT('',#4589);
#2427=VERTEX_POINT('',#4590);
#2428=VERTEX_POINT('',#4592);
#2429=VERTEX_POINT('',#4594);
#2430=VERTEX_POINT('',#4597);
#2431=VERTEX_POINT('',#4598);
#2432=VERTEX_POINT('',#4600);
#2433=VERTEX_POINT('',#4602);
#2434=VERTEX_POINT('',#4605);
#2435=VERTEX_POINT('',#4606);
#2436=VERTEX_POINT('',#4608);
#2437=VERTEX_POINT('',#4610);
#2438=VERTEX_POINT('',#4613);
#2439=VERTEX_POINT('',#4614);
#2440=VERTEX_POINT('',#4616);
#2441=VERTEX_POINT('',#4618);
#2442=VERTEX_POINT('',#4621);
#2443=VERTEX_POINT('',#4622);
#2444=VERTEX_POINT('',#4624);
#2445=VERTEX_POINT('',#4626);
#2446=VERTEX_POINT('',#4629);
#2447=VERTEX_POINT('',#4630);
#2448=VERTEX_POINT('',#4632);
#2449=VERTEX_POINT('',#4634);
#2450=VERTEX_POINT('',#4637);
#2451=VERTEX_POINT('',#4638);
#2452=VERTEX_POINT('',#4640);
#2453=VERTEX_POINT('',#4642);
#2454=VERTEX_POINT('',#4645);
#2455=VERTEX_POINT('',#4646);
#2456=VERTEX_POINT('',#4648);
#2457=VERTEX_POINT('',#4650);
#2458=VERTEX_POINT('',#4653);
#2459=VERTEX_POINT('',#4654);
#2460=VERTEX_POINT('',#4656);
#2461=VERTEX_POINT('',#4658);
#2462=VERTEX_POINT('',#4661);
#2463=VERTEX_POINT('',#4662);
#2464=VERTEX_POINT('',#4664);
#2465=VERTEX_POINT('',#4666);
#2466=VERTEX_POINT('',#4669);
#2467=VERTEX_POINT('',#4670);
#2468=VERTEX_POINT('',#4672);
#2469=VERTEX_POINT('',#4674);
#2470=VERTEX_POINT('',#4678);
#2471=VERTEX_POINT('',#4680);
#2472=VERTEX_POINT('',#4683);
#2473=VERTEX_POINT('',#4685);
#2474=VERTEX_POINT('',#4688);
#2475=VERTEX_POINT('',#4690);
#2476=VERTEX_POINT('',#4693);
#2477=VERTEX_POINT('',#4695);
#2478=VERTEX_POINT('',#4699);
#2479=VERTEX_POINT('',#4701);
#2480=VERTEX_POINT('',#4704);
#2481=VERTEX_POINT('',#4706);
#2482=VERTEX_POINT('',#4709);
#2483=VERTEX_POINT('',#4711);
#2484=VERTEX_POINT('',#4714);
#2485=VERTEX_POINT('',#4716);
#2486=VERTEX_POINT('',#4728);
#2487=VERTEX_POINT('',#4730);
#2488=VERTEX_POINT('',#4733);
#2489=VERTEX_POINT('',#4735);
#2490=VERTEX_POINT('',#4738);
#2491=VERTEX_POINT('',#4740);
#2492=VERTEX_POINT('',#4743);
#2493=VERTEX_POINT('',#4745);
#2494=VERTEX_POINT('',#4749);
#2495=VERTEX_POINT('',#4751);
#2496=VERTEX_POINT('',#4754);
#2497=VERTEX_POINT('',#4756);
#2498=VERTEX_POINT('',#4759);
#2499=VERTEX_POINT('',#4761);
#2500=VERTEX_POINT('',#4764);
#2501=VERTEX_POINT('',#4766);
#2502=VERTEX_POINT('',#4778);
#2503=VERTEX_POINT('',#4780);
#2504=VERTEX_POINT('',#4783);
#2505=VERTEX_POINT('',#4785);
#2506=VERTEX_POINT('',#4788);
#2507=VERTEX_POINT('',#4790);
#2508=VERTEX_POINT('',#4793);
#2509=VERTEX_POINT('',#4795);
#2510=VERTEX_POINT('',#4799);
#2511=VERTEX_POINT('',#4801);
#2512=VERTEX_POINT('',#4804);
#2513=VERTEX_POINT('',#4806);
#2514=VERTEX_POINT('',#4809);
#2515=VERTEX_POINT('',#4811);
#2516=VERTEX_POINT('',#4814);
#2517=VERTEX_POINT('',#4816);
#2518=VERTEX_POINT('',#4828);
#2519=VERTEX_POINT('',#4830);
#2520=VERTEX_POINT('',#4833);
#2521=VERTEX_POINT('',#4835);
#2522=VERTEX_POINT('',#4838);
#2523=VERTEX_POINT('',#4840);
#2524=VERTEX_POINT('',#4843);
#2525=VERTEX_POINT('',#4845);
#2526=VERTEX_POINT('',#4849);
#2527=VERTEX_POINT('',#4851);
#2528=VERTEX_POINT('',#4854);
#2529=VERTEX_POINT('',#4856);
#2530=VERTEX_POINT('',#4859);
#2531=VERTEX_POINT('',#4861);
#2532=VERTEX_POINT('',#4864);
#2533=VERTEX_POINT('',#4866);
#2534=VERTEX_POINT('',#4878);
#2535=VERTEX_POINT('',#4880);
#2536=VERTEX_POINT('',#4883);
#2537=VERTEX_POINT('',#4885);
#2538=VERTEX_POINT('',#4888);
#2539=VERTEX_POINT('',#4890);
#2540=VERTEX_POINT('',#4893);
#2541=VERTEX_POINT('',#4895);
#2542=VERTEX_POINT('',#4899);
#2543=VERTEX_POINT('',#4901);
#2544=VERTEX_POINT('',#4904);
#2545=VERTEX_POINT('',#4906);
#2546=VERTEX_POINT('',#4909);
#2547=VERTEX_POINT('',#4911);
#2548=VERTEX_POINT('',#4914);
#2549=VERTEX_POINT('',#4916);
#2550=VERTEX_POINT('',#4928);
#2551=VERTEX_POINT('',#4930);
#2552=VERTEX_POINT('',#4933);
#2553=VERTEX_POINT('',#4935);
#2554=VERTEX_POINT('',#4938);
#2555=VERTEX_POINT('',#4940);
#2556=VERTEX_POINT('',#4943);
#2557=VERTEX_POINT('',#4945);
#2558=VERTEX_POINT('',#4949);
#2559=VERTEX_POINT('',#4951);
#2560=VERTEX_POINT('',#4954);
#2561=VERTEX_POINT('',#4956);
#2562=VERTEX_POINT('',#4959);
#2563=VERTEX_POINT('',#4961);
#2564=VERTEX_POINT('',#4964);
#2565=VERTEX_POINT('',#4966);
#2566=VERTEX_POINT('',#4978);
#2567=VERTEX_POINT('',#4980);
#2568=VERTEX_POINT('',#4983);
#2569=VERTEX_POINT('',#4985);
#2570=VERTEX_POINT('',#4988);
#2571=VERTEX_POINT('',#4990);
#2572=VERTEX_POINT('',#4993);
#2573=VERTEX_POINT('',#4995);
#2574=VERTEX_POINT('',#4999);
#2575=VERTEX_POINT('',#5001);
#2576=CIRCLE('',#3258,0.001);
#2577=CIRCLE('',#3259,0.0025);
#2578=CIRCLE('',#3261,0.001);
#2579=CIRCLE('',#3262,0.0025);
#2580=CIRCLE('',#3264,0.001);
#2581=CIRCLE('',#3265,0.0025);
#2582=CIRCLE('',#3267,0.001);
#2583=CIRCLE('',#3268,0.0025);
#2584=CIRCLE('',#3270,0.001);
#2585=CIRCLE('',#3271,0.0025);
#2586=CIRCLE('',#3273,0.001);
#2587=CIRCLE('',#3274,0.0025);
#2588=CIRCLE('',#3276,0.001);
#2589=CIRCLE('',#3277,0.0025);
#2590=CIRCLE('',#3279,0.001);
#2591=CIRCLE('',#3280,0.0025);
#2592=CIRCLE('',#3282,0.001);
#2593=CIRCLE('',#3283,0.0025);
#2594=CIRCLE('',#3285,0.001);
#2595=CIRCLE('',#3286,0.0025);
#2596=CIRCLE('',#3288,0.001);
#2597=CIRCLE('',#3289,0.0025);
#2598=CIRCLE('',#3291,0.001);
#2599=CIRCLE('',#3292,0.0025);
#2600=CIRCLE('',#3294,0.001);
#2601=CIRCLE('',#3295,0.0025);
#2602=CIRCLE('',#3297,0.001);
#2603=CIRCLE('',#3298,0.0025);
#2604=CIRCLE('',#3300,0.001);
#2605=CIRCLE('',#3301,0.0025);
#2606=CIRCLE('',#3303,0.001);
#2607=CIRCLE('',#3304,0.0025);
#2608=EDGE_LOOP('',(#884));
#2609=EDGE_LOOP('',(#885,#886,#887,#888));
#2610=EDGE_LOOP('',(#889));
#2611=EDGE_LOOP('',(#890,#891,#892,#893));
#2612=EDGE_LOOP('',(#894));
#2613=EDGE_LOOP('',(#895,#896,#897,#898));
#2614=EDGE_LOOP('',(#899));
#2615=EDGE_LOOP('',(#900,#901,#902,#903));
#2616=EDGE_LOOP('',(#904));
#2617=EDGE_LOOP('',(#905,#906,#907,#908));
#2618=EDGE_LOOP('',(#909));
#2619=EDGE_LOOP('',(#910,#911,#912,#913));
#2620=EDGE_LOOP('',(#914));
#2621=EDGE_LOOP('',(#915,#916,#917,#918));
#2622=EDGE_LOOP('',(#919));
#2623=EDGE_LOOP('',(#920,#921,#922,#923));
#2624=EDGE_LOOP('',(#924));
#2625=EDGE_LOOP('',(#925,#926,#927,#928));
#2626=EDGE_LOOP('',(#929));
#2627=EDGE_LOOP('',(#930,#931,#932,#933));
#2628=EDGE_LOOP('',(#934));
#2629=EDGE_LOOP('',(#935,#936,#937,#938));
#2630=EDGE_LOOP('',(#939));
#2631=EDGE_LOOP('',(#940,#941,#942,#943));
#2632=EDGE_LOOP('',(#944));
#2633=EDGE_LOOP('',(#945,#946,#947,#948));
#2634=EDGE_LOOP('',(#949));
#2635=EDGE_LOOP('',(#950,#951,#952,#953));
#2636=EDGE_LOOP('',(#954));
#2637=EDGE_LOOP('',(#955,#956,#957,#958));
#2638=EDGE_LOOP('',(#959));
#2639=EDGE_LOOP('',(#960,#961,#962,#963));
#2640=EDGE_LOOP('',(#964,#965,#966,#967));
#2641=EDGE_LOOP('',(#968,#969,#970,#971,#972,#973,#974,#975,#976,#977,#978,
#979,#980,#981,#982,#983));
#2642=EDGE_LOOP('',(#984,#985,#986,#987));
#2643=EDGE_LOOP('',(#988,#989,#990,#991));
#2644=EDGE_LOOP('',(#992,#993,#994,#995));
#2645=EDGE_LOOP('',(#996,#997,#998,#999,#1000,#1001,#1002,#1003));
#2646=EDGE_LOOP('',(#1004,#1005,#1006,#1007));
#2647=EDGE_LOOP('',(#1008,#1009,#1010,#1011));
#2648=EDGE_LOOP('',(#1012,#1013,#1014,#1015,#1016,#1017,#1018,#1019,#1020,
#1021,#1022,#1023,#1024,#1025,#1026,#1027,#1028,#1029,#1030,#1031,#1032,
#1033,#1034,#1035,#1036,#1037,#1038,#1039,#1040,#1041,#1042,#1043,#1044,
#1045,#1046,#1047,#1048,#1049,#1050,#1051,#1052,#1053,#1054,#1055,#1056,
#1057,#1058,#1059,#1060,#1061,#1062,#1063,#1064,#1065,#1066,#1067,#1068,
#1069,#1070,#1071,#1072,#1073,#1074,#1075,#1076,#1077,#1078,#1079,#1080,
#1081,#1082,#1083,#1084,#1085,#1086,#1087,#1088,#1089,#1090,#1091,#1092,
#1093,#1094,#1095,#1096,#1097,#1098,#1099,#1100,#1101,#1102,#1103));
#2649=EDGE_LOOP('',(#1104,#1105,#1106,#1107));
#2650=EDGE_LOOP('',(#1108,#1109,#1110,#1111));
#2651=EDGE_LOOP('',(#1112,#1113,#1114,#1115));
#2652=EDGE_LOOP('',(#1116,#1117,#1118,#1119));
#2653=EDGE_LOOP('',(#1120,#1121,#1122,#1123));
#2654=EDGE_LOOP('',(#1124,#1125,#1126,#1127));
#2655=EDGE_LOOP('',(#1128,#1129,#1130,#1131));
#2656=EDGE_LOOP('',(#1132,#1133,#1134,#1135));
#2657=EDGE_LOOP('',(#1136,#1137,#1138,#1139));
#2658=EDGE_LOOP('',(#1140,#1141,#1142,#1143));
#2659=EDGE_LOOP('',(#1144,#1145,#1146,#1147));
#2660=EDGE_LOOP('',(#1148,#1149,#1150,#1151));
#2661=EDGE_LOOP('',(#1152,#1153,#1154,#1155,#1156,#1157,#1158,#1159,#1160,
#1161,#1162,#1163,#1164,#1165,#1166,#1167));
#2662=EDGE_LOOP('',(#1168,#1169,#1170,#1171,#1172,#1173,#1174,#1175,#1176,
#1177,#1178,#1179,#1180,#1181,#1182,#1183));
#2663=EDGE_LOOP('',(#1184,#1185,#1186,#1187));
#2664=EDGE_LOOP('',(#1188,#1189,#1190,#1191));
#2665=EDGE_LOOP('',(#1192,#1193,#1194,#1195));
#2666=EDGE_LOOP('',(#1196,#1197,#1198,#1199,#1200,#1201,#1202,#1203));
#2667=EDGE_LOOP('',(#1204,#1205,#1206,#1207,#1208,#1209,#1210,#1211,#1212,
#1213,#1214,#1215,#1216,#1217,#1218,#1219));
#2668=EDGE_LOOP('',(#1220,#1221,#1222,#1223,#1224,#1225,#1226,#1227,#1228,
#1229,#1230,#1231,#1232,#1233,#1234,#1235));
#2669=EDGE_LOOP('',(#1236,#1237,#1238,#1239));
#2670=EDGE_LOOP('',(#1240,#1241,#1242,#1243));
#2671=EDGE_LOOP('',(#1244,#1245,#1246,#1247));
#2672=EDGE_LOOP('',(#1248,#1249,#1250,#1251,#1252,#1253,#1254,#1255));
#2673=EDGE_LOOP('',(#1256,#1257,#1258,#1259,#1260,#1261,#1262,#1263,#1264,
#1265,#1266,#1267,#1268,#1269,#1270,#1271));
#2674=EDGE_LOOP('',(#1272,#1273,#1274,#1275,#1276,#1277,#1278,#1279,#1280,
#1281,#1282,#1283,#1284,#1285,#1286,#1287));
#2675=EDGE_LOOP('',(#1288,#1289,#1290,#1291));
#2676=EDGE_LOOP('',(#1292,#1293,#1294,#1295));
#2677=EDGE_LOOP('',(#1296,#1297,#1298,#1299));
#2678=EDGE_LOOP('',(#1300,#1301,#1302,#1303,#1304,#1305,#1306,#1307));
#2679=EDGE_LOOP('',(#1308,#1309,#1310,#1311,#1312,#1313,#1314,#1315,#1316,
#1317,#1318,#1319,#1320,#1321,#1322,#1323));
#2680=EDGE_LOOP('',(#1324,#1325,#1326,#1327,#1328,#1329,#1330,#1331,#1332,
#1333,#1334,#1335,#1336,#1337,#1338,#1339));
#2681=EDGE_LOOP('',(#1340,#1341,#1342,#1343));
#2682=EDGE_LOOP('',(#1344,#1345,#1346,#1347));
#2683=EDGE_LOOP('',(#1348,#1349,#1350,#1351));
#2684=EDGE_LOOP('',(#1352,#1353,#1354,#1355,#1356,#1357,#1358,#1359));
#2685=EDGE_LOOP('',(#1360,#1361,#1362,#1363,#1364,#1365,#1366,#1367,#1368,
#1369,#1370,#1371,#1372,#1373,#1374,#1375));
#2686=EDGE_LOOP('',(#1376,#1377,#1378,#1379,#1380,#1381,#1382,#1383,#1384,
#1385,#1386,#1387,#1388,#1389,#1390,#1391));
#2687=EDGE_LOOP('',(#1392,#1393,#1394,#1395));
#2688=EDGE_LOOP('',(#1396,#1397,#1398,#1399));
#2689=EDGE_LOOP('',(#1400,#1401,#1402,#1403));
#2690=EDGE_LOOP('',(#1404,#1405,#1406,#1407,#1408,#1409,#1410,#1411));
#2691=EDGE_LOOP('',(#1412,#1413,#1414,#1415,#1416,#1417,#1418,#1419,#1420,
#1421,#1422,#1423,#1424,#1425,#1426,#1427));
#2692=EDGE_LOOP('',(#1428,#1429,#1430,#1431,#1432,#1433,#1434,#1435,#1436,
#1437,#1438,#1439,#1440,#1441,#1442,#1443));
#2693=EDGE_LOOP('',(#1444,#1445,#1446,#1447));
#2694=EDGE_LOOP('',(#1448,#1449,#1450,#1451));
#2695=EDGE_LOOP('',(#1452,#1453,#1454,#1455));
#2696=EDGE_LOOP('',(#1456,#1457,#1458,#1459,#1460,#1461,#1462,#1463));
#2697=EDGE_LOOP('',(#1464,#1465,#1466,#1467,#1468,#1469,#1470,#1471,#1472,
#1473,#1474,#1475,#1476,#1477,#1478,#1479));
#2698=EDGE_LOOP('',(#1480,#1481,#1482,#1483));
#2699=EDGE_LOOP('',(#1484,#1485,#1486,#1487));
#2700=EDGE_LOOP('',(#1488,#1489,#1490,#1491));
#2701=EDGE_LOOP('',(#1492,#1493,#1494,#1495));
#2702=EDGE_LOOP('',(#1496,#1497,#1498,#1499,#1500,#1501,#1502,#1503));
#2703=EDGE_LOOP('',(#1504,#1505,#1506,#1507));
#2704=EDGE_LOOP('',(#1508,#1509,#1510,#1511));
#2705=EDGE_LOOP('',(#1512,#1513,#1514,#1515));
#2706=EDGE_LOOP('',(#1516,#1517,#1518,#1519));
#2707=EDGE_LOOP('',(#1520,#1521,#1522,#1523));
#2708=EDGE_LOOP('',(#1524,#1525,#1526,#1527));
#2709=EDGE_LOOP('',(#1528,#1529,#1530,#1531));
#2710=EDGE_LOOP('',(#1532,#1533,#1534,#1535));
#2711=EDGE_LOOP('',(#1536,#1537,#1538,#1539));
#2712=EDGE_LOOP('',(#1540,#1541,#1542,#1543));
#2713=EDGE_LOOP('',(#1544,#1545,#1546,#1547));
#2714=EDGE_LOOP('',(#1548,#1549,#1550,#1551));
#2715=EDGE_LOOP('',(#1552,#1553,#1554,#1555));
#2716=EDGE_LOOP('',(#1556,#1557,#1558,#1559));
#2717=EDGE_LOOP('',(#1560,#1561,#1562,#1563));
#2718=EDGE_LOOP('',(#1564,#1565,#1566,#1567));
#2719=EDGE_LOOP('',(#1568,#1569,#1570,#1571));
#2720=EDGE_LOOP('',(#1572,#1573,#1574,#1575));
#2721=EDGE_LOOP('',(#1576,#1577,#1578,#1579));
#2722=EDGE_LOOP('',(#1580,#1581,#1582,#1583));
#2723=EDGE_LOOP('',(#1584,#1585,#1586,#1587));
#2724=EDGE_LOOP('',(#1588,#1589,#1590,#1591));
#2725=EDGE_LOOP('',(#1592,#1593,#1594,#1595));
#2726=EDGE_LOOP('',(#1596,#1597,#1598,#1599));
#2727=EDGE_LOOP('',(#1600,#1601,#1602,#1603));
#2728=EDGE_LOOP('',(#1604,#1605,#1606,#1607));
#2729=EDGE_LOOP('',(#1608,#1609,#1610,#1611));
#2730=EDGE_LOOP('',(#1612,#1613,#1614,#1615));
#2731=EDGE_LOOP('',(#1616,#1617,#1618,#1619));
#2732=EDGE_LOOP('',(#1620,#1621,#1622,#1623));
#2733=EDGE_LOOP('',(#1624,#1625,#1626,#1627));
#2734=EDGE_LOOP('',(#1628,#1629,#1630,#1631));
#2735=EDGE_LOOP('',(#1632,#1633,#1634,#1635));
#2736=EDGE_LOOP('',(#1636,#1637,#1638,#1639));
#2737=EDGE_LOOP('',(#1640,#1641,#1642,#1643));
#2738=EDGE_LOOP('',(#1644,#1645,#1646,#1647));
#2739=EDGE_LOOP('',(#1648,#1649,#1650,#1651));
#2740=EDGE_LOOP('',(#1652,#1653,#1654,#1655));
#2741=EDGE_LOOP('',(#1656,#1657,#1658,#1659));
#2742=EDGE_LOOP('',(#1660,#1661,#1662,#1663));
#2743=EDGE_LOOP('',(#1664,#1665,#1666,#1667));
#2744=EDGE_LOOP('',(#1668,#1669,#1670,#1671));
#2745=EDGE_LOOP('',(#1672,#1673,#1674,#1675));
#2746=EDGE_LOOP('',(#1676,#1677,#1678,#1679));
#2747=EDGE_LOOP('',(#1680,#1681,#1682,#1683));
#2748=EDGE_LOOP('',(#1684,#1685,#1686,#1687));
#2749=EDGE_LOOP('',(#1688,#1689,#1690,#1691));
#2750=EDGE_LOOP('',(#1692,#1693,#1694,#1695));
#2751=EDGE_LOOP('',(#1696,#1697,#1698,#1699));
#2752=EDGE_LOOP('',(#1700,#1701,#1702,#1703));
#2753=EDGE_LOOP('',(#1704,#1705,#1706,#1707));
#2754=EDGE_LOOP('',(#1708,#1709,#1710,#1711));
#2755=EDGE_LOOP('',(#1712,#1713,#1714,#1715));
#2756=EDGE_LOOP('',(#1716,#1717,#1718,#1719));
#2757=EDGE_LOOP('',(#1720,#1721,#1722,#1723));
#2758=EDGE_LOOP('',(#1724,#1725,#1726,#1727));
#2759=EDGE_LOOP('',(#1728,#1729,#1730,#1731));
#2760=EDGE_LOOP('',(#1732,#1733,#1734,#1735));
#2761=EDGE_LOOP('',(#1736,#1737,#1738,#1739));
#2762=EDGE_LOOP('',(#1740,#1741,#1742,#1743));
#2763=EDGE_LOOP('',(#1744,#1745,#1746,#1747));
#2764=EDGE_LOOP('',(#1748,#1749,#1750,#1751));
#2765=EDGE_LOOP('',(#1752,#1753,#1754,#1755));
#2766=EDGE_LOOP('',(#1756,#1757,#1758,#1759));
#2767=EDGE_LOOP('',(#1760));
#2768=EDGE_LOOP('',(#1761));
#2769=EDGE_LOOP('',(#1762,#1763,#1764,#1765));
#2770=EDGE_LOOP('',(#1766));
#2771=EDGE_LOOP('',(#1767));
#2772=EDGE_LOOP('',(#1768,#1769,#1770,#1771));
#2773=EDGE_LOOP('',(#1772));
#2774=EDGE_LOOP('',(#1773));
#2775=EDGE_LOOP('',(#1774,#1775,#1776,#1777));
#2776=EDGE_LOOP('',(#1778));
#2777=EDGE_LOOP('',(#1779));
#2778=EDGE_LOOP('',(#1780,#1781,#1782,#1783));
#2779=EDGE_LOOP('',(#1784));
#2780=EDGE_LOOP('',(#1785));
#2781=EDGE_LOOP('',(#1786,#1787,#1788,#1789));
#2782=EDGE_LOOP('',(#1790));
#2783=EDGE_LOOP('',(#1791));
#2784=EDGE_LOOP('',(#1792,#1793,#1794,#1795));
#2785=EDGE_LOOP('',(#1796));
#2786=EDGE_LOOP('',(#1797));
#2787=EDGE_LOOP('',(#1798,#1799,#1800,#1801));
#2788=EDGE_LOOP('',(#1802));
#2789=EDGE_LOOP('',(#1803));
#2790=FACE_BOUND('',#2608,.T.);
#2791=FACE_BOUND('',#2609,.T.);
#2792=FACE_BOUND('',#2610,.T.);
#2793=FACE_BOUND('',#2611,.T.);
#2794=FACE_BOUND('',#2612,.T.);
#2795=FACE_BOUND('',#2613,.T.);
#2796=FACE_BOUND('',#2614,.T.);
#2797=FACE_BOUND('',#2615,.T.);
#2798=FACE_BOUND('',#2616,.T.);
#2799=FACE_BOUND('',#2617,.T.);
#2800=FACE_BOUND('',#2618,.T.);
#2801=FACE_BOUND('',#2619,.T.);
#2802=FACE_BOUND('',#2620,.T.);
#2803=FACE_BOUND('',#2621,.T.);
#2804=FACE_BOUND('',#2622,.T.);
#2805=FACE_BOUND('',#2623,.T.);
#2806=FACE_BOUND('',#2624,.T.);
#2807=FACE_BOUND('',#2625,.T.);
#2808=FACE_BOUND('',#2626,.T.);
#2809=FACE_BOUND('',#2627,.T.);
#2810=FACE_BOUND('',#2628,.T.);
#2811=FACE_BOUND('',#2629,.T.);
#2812=FACE_BOUND('',#2630,.T.);
#2813=FACE_BOUND('',#2631,.T.);
#2814=FACE_BOUND('',#2632,.T.);
#2815=FACE_BOUND('',#2633,.T.);
#2816=FACE_BOUND('',#2634,.T.);
#2817=FACE_BOUND('',#2635,.T.);
#2818=FACE_BOUND('',#2636,.T.);
#2819=FACE_BOUND('',#2637,.T.);
#2820=FACE_BOUND('',#2638,.T.);
#2821=FACE_BOUND('',#2639,.T.);
#2822=FACE_BOUND('',#2640,.T.);
#2823=FACE_BOUND('',#2641,.T.);
#2824=FACE_BOUND('',#2642,.T.);
#2825=FACE_BOUND('',#2643,.T.);
#2826=FACE_BOUND('',#2644,.T.);
#2827=FACE_BOUND('',#2645,.T.);
#2828=FACE_BOUND('',#2646,.T.);
#2829=FACE_BOUND('',#2647,.T.);
#2830=FACE_BOUND('',#2648,.T.);
#2831=FACE_BOUND('',#2649,.T.);
#2832=FACE_BOUND('',#2650,.T.);
#2833=FACE_BOUND('',#2651,.T.);
#2834=FACE_BOUND('',#2652,.T.);
#2835=FACE_BOUND('',#2653,.T.);
#2836=FACE_BOUND('',#2654,.T.);
#2837=FACE_BOUND('',#2655,.T.);
#2838=FACE_BOUND('',#2656,.T.);
#2839=FACE_BOUND('',#2657,.T.);
#2840=FACE_BOUND('',#2658,.T.);
#2841=FACE_BOUND('',#2659,.T.);
#2842=FACE_BOUND('',#2660,.T.);
#2843=FACE_BOUND('',#2661,.T.);
#2844=FACE_BOUND('',#2662,.T.);
#2845=FACE_BOUND('',#2663,.T.);
#2846=FACE_BOUND('',#2664,.T.);
#2847=FACE_BOUND('',#2665,.T.);
#2848=FACE_BOUND('',#2666,.T.);
#2849=FACE_BOUND('',#2667,.T.);
#2850=FACE_BOUND('',#2668,.T.);
#2851=FACE_BOUND('',#2669,.T.);
#2852=FACE_BOUND('',#2670,.T.);
#2853=FACE_BOUND('',#2671,.T.);
#2854=FACE_BOUND('',#2672,.T.);
#2855=FACE_BOUND('',#2673,.T.);
#2856=FACE_BOUND('',#2674,.T.);
#2857=FACE_BOUND('',#2675,.T.);
#2858=FACE_BOUND('',#2676,.T.);
#2859=FACE_BOUND('',#2677,.T.);
#2860=FACE_BOUND('',#2678,.T.);
#2861=FACE_BOUND('',#2679,.T.);
#2862=FACE_BOUND('',#2680,.T.);
#2863=FACE_BOUND('',#2681,.T.);
#2864=FACE_BOUND('',#2682,.T.);
#2865=FACE_BOUND('',#2683,.T.);
#2866=FACE_BOUND('',#2684,.T.);
#2867=FACE_BOUND('',#2685,.T.);
#2868=FACE_BOUND('',#2686,.T.);
#2869=FACE_BOUND('',#2687,.T.);
#2870=FACE_BOUND('',#2688,.T.);
#2871=FACE_BOUND('',#2689,.T.);
#2872=FACE_BOUND('',#2690,.T.);
#2873=FACE_BOUND('',#2691,.T.);
#2874=FACE_BOUND('',#2692,.T.);
#2875=FACE_BOUND('',#2693,.T.);
#2876=FACE_BOUND('',#2694,.T.);
#2877=FACE_BOUND('',#2695,.T.);
#2878=FACE_BOUND('',#2696,.T.);
#2879=FACE_BOUND('',#2697,.T.);
#2880=FACE_BOUND('',#2698,.T.);
#2881=FACE_BOUND('',#2699,.T.);
#2882=FACE_BOUND('',#2700,.T.);
#2883=FACE_BOUND('',#2701,.T.);
#2884=FACE_BOUND('',#2702,.T.);
#2885=FACE_BOUND('',#2703,.T.);
#2886=FACE_BOUND('',#2704,.T.);
#2887=FACE_BOUND('',#2705,.T.);
#2888=FACE_BOUND('',#2706,.T.);
#2889=FACE_BOUND('',#2707,.T.);
#2890=FACE_BOUND('',#2708,.T.);
#2891=FACE_BOUND('',#2709,.T.);
#2892=FACE_BOUND('',#2710,.T.);
#2893=FACE_BOUND('',#2711,.T.);
#2894=FACE_BOUND('',#2712,.T.);
#2895=FACE_BOUND('',#2713,.T.);
#2896=FACE_BOUND('',#2714,.T.);
#2897=FACE_BOUND('',#2715,.T.);
#2898=FACE_BOUND('',#2716,.T.);
#2899=FACE_BOUND('',#2717,.T.);
#2900=FACE_BOUND('',#2718,.T.);
#2901=FACE_BOUND('',#2719,.T.);
#2902=FACE_BOUND('',#2720,.T.);
#2903=FACE_BOUND('',#2721,.T.);
#2904=FACE_BOUND('',#2722,.T.);
#2905=FACE_BOUND('',#2723,.T.);
#2906=FACE_BOUND('',#2724,.T.);
#2907=FACE_BOUND('',#2725,.T.);
#2908=FACE_BOUND('',#2726,.T.);
#2909=FACE_BOUND('',#2727,.T.);
#2910=FACE_BOUND('',#2728,.T.);
#2911=FACE_BOUND('',#2729,.T.);
#2912=FACE_BOUND('',#2730,.T.);
#2913=FACE_BOUND('',#2731,.T.);
#2914=FACE_BOUND('',#2732,.T.);
#2915=FACE_BOUND('',#2733,.T.);
#2916=FACE_BOUND('',#2734,.T.);
#2917=FACE_BOUND('',#2735,.T.);
#2918=FACE_BOUND('',#2736,.T.);
#2919=FACE_BOUND('',#2737,.T.);
#2920=FACE_BOUND('',#2738,.T.);
#2921=FACE_BOUND('',#2739,.T.);
#2922=FACE_BOUND('',#2740,.T.);
#2923=FACE_BOUND('',#2741,.T.);
#2924=FACE_BOUND('',#2742,.T.);
#2925=FACE_BOUND('',#2743,.T.);
#2926=FACE_BOUND('',#2744,.T.);
#2927=FACE_BOUND('',#2745,.T.);
#2928=FACE_BOUND('',#2746,.T.);
#2929=FACE_BOUND('',#2747,.T.);
#2930=FACE_BOUND('',#2748,.T.);
#2931=FACE_BOUND('',#2749,.T.);
#2932=FACE_BOUND('',#2750,.T.);
#2933=FACE_BOUND('',#2751,.T.);
#2934=FACE_BOUND('',#2752,.T.);
#2935=FACE_BOUND('',#2753,.T.);
#2936=FACE_BOUND('',#2754,.T.);
#2937=FACE_BOUND('',#2755,.T.);
#2938=FACE_BOUND('',#2756,.T.);
#2939=FACE_BOUND('',#2757,.T.);
#2940=FACE_BOUND('',#2758,.T.);
#2941=FACE_BOUND('',#2759,.T.);
#2942=FACE_BOUND('',#2760,.T.);
#2943=FACE_BOUND('',#2761,.T.);
#2944=FACE_BOUND('',#2762,.T.);
#2945=FACE_BOUND('',#2763,.T.);
#2946=FACE_BOUND('',#2764,.T.);
#2947=FACE_BOUND('',#2765,.T.);
#2948=FACE_BOUND('',#2766,.T.);
#2949=FACE_BOUND('',#2767,.T.);
#2950=FACE_BOUND('',#2768,.T.);
#2951=FACE_BOUND('',#2769,.T.);
#2952=FACE_BOUND('',#2770,.T.);
#2953=FACE_BOUND('',#2771,.T.);
#2954=FACE_BOUND('',#2772,.T.);
#2955=FACE_BOUND('',#2773,.T.);
#2956=FACE_BOUND('',#2774,.T.);
#2957=FACE_BOUND('',#2775,.T.);
#2958=FACE_BOUND('',#2776,.T.);
#2959=FACE_BOUND('',#2777,.T.);
#2960=FACE_BOUND('',#2778,.T.);
#2961=FACE_BOUND('',#2779,.T.);
#2962=FACE_BOUND('',#2780,.T.);
#2963=FACE_BOUND('',#2781,.T.);
#2964=FACE_BOUND('',#2782,.T.);
#2965=FACE_BOUND('',#2783,.T.);
#2966=FACE_BOUND('',#2784,.T.);
#2967=FACE_BOUND('',#2785,.T.);
#2968=FACE_BOUND('',#2786,.T.);
#2969=FACE_BOUND('',#2787,.T.);
#2970=FACE_BOUND('',#2788,.T.);
#2971=FACE_BOUND('',#2789,.T.);
#2972=PLANE('',#3257);
#2973=PLANE('',#3260);
#2974=PLANE('',#3263);
#2975=PLANE('',#3266);
#2976=PLANE('',#3269);
#2977=PLANE('',#3272);
#2978=PLANE('',#3275);
#2979=PLANE('',#3278);
#2980=PLANE('',#3281);
#2981=PLANE('',#3284);
#2982=PLANE('',#3287);
#2983=PLANE('',#3290);
#2984=PLANE('',#3293);
#2985=PLANE('',#3296);
#2986=PLANE('',#3299);
#2987=PLANE('',#3302);
#2988=PLANE('',#3305);
#2989=PLANE('',#3306);
#2990=PLANE('',#3307);
#2991=PLANE('',#3308);
#2992=PLANE('',#3309);
#2993=PLANE('',#3310);
#2994=PLANE('',#3311);
#2995=PLANE('',#3312);
#2996=PLANE('',#3313);
#2997=PLANE('',#3314);
#2998=PLANE('',#3315);
#2999=PLANE('',#3316);
#3000=PLANE('',#3317);
#3001=PLANE('',#3318);
#3002=PLANE('',#3319);
#3003=PLANE('',#3320);
#3004=PLANE('',#3321);
#3005=PLANE('',#3322);
#3006=PLANE('',#3323);
#3007=PLANE('',#3324);
#3008=PLANE('',#3325);
#3009=PLANE('',#3326);
#3010=PLANE('',#3327);
#3011=PLANE('',#3328);
#3012=PLANE('',#3329);
#3013=PLANE('',#3330);
#3014=PLANE('',#3331);
#3015=PLANE('',#3332);
#3016=PLANE('',#3333);
#3017=PLANE('',#3334);
#3018=PLANE('',#3335);
#3019=PLANE('',#3336);
#3020=PLANE('',#3337);
#3021=PLANE('',#3338);
#3022=PLANE('',#3339);
#3023=PLANE('',#3340);
#3024=PLANE('',#3341);
#3025=PLANE('',#3342);
#3026=PLANE('',#3343);
#3027=PLANE('',#3344);
#3028=PLANE('',#3345);
#3029=PLANE('',#3346);
#3030=PLANE('',#3347);
#3031=PLANE('',#3348);
#3032=PLANE('',#3349);
#3033=PLANE('',#3350);
#3034=PLANE('',#3351);
#3035=PLANE('',#3352);
#3036=PLANE('',#3353);
#3037=PLANE('',#3354);
#3038=PLANE('',#3355);
#3039=PLANE('',#3356);
#3040=PLANE('',#3357);
#3041=PLANE('',#3358);
#3042=PLANE('',#3359);
#3043=PLANE('',#3360);
#3044=PLANE('',#3361);
#3045=PLANE('',#3362);
#3046=PLANE('',#3363);
#3047=PLANE('',#3364);
#3048=PLANE('',#3365);
#3049=PLANE('',#3366);
#3050=PLANE('',#3367);
#3051=PLANE('',#3368);
#3052=PLANE('',#3369);
#3053=PLANE('',#3370);
#3054=PLANE('',#3371);
#3055=PLANE('',#3372);
#3056=PLANE('',#3373);
#3057=PLANE('',#3374);
#3058=PLANE('',#3375);
#3059=PLANE('',#3376);
#3060=PLANE('',#3377);
#3061=PLANE('',#3378);
#3062=PLANE('',#3379);
#3063=PLANE('',#3380);
#3064=PLANE('',#3381);
#3065=PLANE('',#3382);
#3066=PLANE('',#3383);
#3067=PLANE('',#3384);
#3068=PLANE('',#3385);
#3069=PLANE('',#3386);
#3070=PLANE('',#3387);
#3071=PLANE('',#3388);
#3072=PLANE('',#3389);
#3073=PLANE('',#3390);
#3074=PLANE('',#3391);
#3075=PLANE('',#3392);
#3076=PLANE('',#3393);
#3077=PLANE('',#3394);
#3078=PLANE('',#3395);
#3079=PLANE('',#3396);
#3080=PLANE('',#3397);
#3081=PLANE('',#3398);
#3082=PLANE('',#3399);
#3083=PLANE('',#3400);
#3084=PLANE('',#3401);
#3085=PLANE('',#3402);
#3086=PLANE('',#3403);
#3087=PLANE('',#3404);
#3088=PLANE('',#3405);
#3089=PLANE('',#3406);
#3090=PLANE('',#3407);
#3091=PLANE('',#3408);
#3092=PLANE('',#3409);
#3093=PLANE('',#3410);
#3094=PLANE('',#3411);
#3095=PLANE('',#3412);
#3096=PLANE('',#3413);
#3097=PLANE('',#3414);
#3098=PLANE('',#3415);
#3099=PLANE('',#3416);
#3100=ADVANCED_FACE('',(#2790,#2791),#2972,.T.);
#3101=ADVANCED_FACE('',(#2792,#2793),#2973,.F.);
#3102=ADVANCED_FACE('',(#2794,#2795),#2974,.T.);
#3103=ADVANCED_FACE('',(#2796,#2797),#2975,.F.);
#3104=ADVANCED_FACE('',(#2798,#2799),#2976,.T.);
#3105=ADVANCED_FACE('',(#2800,#2801),#2977,.F.);
#3106=ADVANCED_FACE('',(#2802,#2803),#2978,.T.);
#3107=ADVANCED_FACE('',(#2804,#2805),#2979,.F.);
#3108=ADVANCED_FACE('',(#2806,#2807),#2980,.T.);
#3109=ADVANCED_FACE('',(#2808,#2809),#2981,.F.);
#3110=ADVANCED_FACE('',(#2810,#2811),#2982,.T.);
#3111=ADVANCED_FACE('',(#2812,#2813),#2983,.F.);
#3112=ADVANCED_FACE('',(#2814,#2815),#2984,.T.);
#3113=ADVANCED_FACE('',(#2816,#2817),#2985,.F.);
#3114=ADVANCED_FACE('',(#2818,#2819),#2986,.T.);
#3115=ADVANCED_FACE('',(#2820,#2821),#2987,.F.);
#3116=ADVANCED_FACE('',(#2822),#2988,.F.);
#3117=ADVANCED_FACE('',(#2823),#2989,.T.);
#3118=ADVANCED_FACE('',(#2824),#2990,.T.);
#3119=ADVANCED_FACE('',(#2825),#2991,.T.);
#3120=ADVANCED_FACE('',(#2826),#2992,.F.);
#3121=ADVANCED_FACE('',(#2827),#2993,.T.);
#3122=ADVANCED_FACE('',(#2828,#2829,#2830,#2831,#2832,#2833,#2834,#2835,
#2836,#2837,#2838,#2839,#2840,#2841,#2842),#2994,.F.);
#3123=ADVANCED_FACE('',(#2843),#2995,.F.);
#3124=ADVANCED_FACE('',(#2844),#2996,.T.);
#3125=ADVANCED_FACE('',(#2845),#2997,.T.);
#3126=ADVANCED_FACE('',(#2846),#2998,.T.);
#3127=ADVANCED_FACE('',(#2847),#2999,.F.);
#3128=ADVANCED_FACE('',(#2848),#3000,.T.);
#3129=ADVANCED_FACE('',(#2849),#3001,.F.);
#3130=ADVANCED_FACE('',(#2850),#3002,.T.);
#3131=ADVANCED_FACE('',(#2851),#3003,.T.);
#3132=ADVANCED_FACE('',(#2852),#3004,.T.);
#3133=ADVANCED_FACE('',(#2853),#3005,.F.);
#3134=ADVANCED_FACE('',(#2854),#3006,.T.);
#3135=ADVANCED_FACE('',(#2855),#3007,.F.);
#3136=ADVANCED_FACE('',(#2856),#3008,.T.);
#3137=ADVANCED_FACE('',(#2857),#3009,.T.);
#3138=ADVANCED_FACE('',(#2858),#3010,.T.);
#3139=ADVANCED_FACE('',(#2859),#3011,.F.);
#3140=ADVANCED_FACE('',(#2860),#3012,.T.);
#3141=ADVANCED_FACE('',(#2861),#3013,.F.);
#3142=ADVANCED_FACE('',(#2862),#3014,.T.);
#3143=ADVANCED_FACE('',(#2863),#3015,.T.);
#3144=ADVANCED_FACE('',(#2864),#3016,.T.);
#3145=ADVANCED_FACE('',(#2865),#3017,.F.);
#3146=ADVANCED_FACE('',(#2866),#3018,.T.);
#3147=ADVANCED_FACE('',(#2867),#3019,.F.);
#3148=ADVANCED_FACE('',(#2868),#3020,.T.);
#3149=ADVANCED_FACE('',(#2869),#3021,.T.);
#3150=ADVANCED_FACE('',(#2870),#3022,.T.);
#3151=ADVANCED_FACE('',(#2871),#3023,.F.);
#3152=ADVANCED_FACE('',(#2872),#3024,.T.);
#3153=ADVANCED_FACE('',(#2873),#3025,.F.);
#3154=ADVANCED_FACE('',(#2874),#3026,.T.);
#3155=ADVANCED_FACE('',(#2875),#3027,.T.);
#3156=ADVANCED_FACE('',(#2876),#3028,.T.);
#3157=ADVANCED_FACE('',(#2877),#3029,.F.);
#3158=ADVANCED_FACE('',(#2878),#3030,.T.);
#3159=ADVANCED_FACE('',(#2879),#3031,.F.);
#3160=ADVANCED_FACE('',(#2880),#3032,.T.);
#3161=ADVANCED_FACE('',(#2881),#3033,.T.);
#3162=ADVANCED_FACE('',(#2882),#3034,.T.);
#3163=ADVANCED_FACE('',(#2883),#3035,.F.);
#3164=ADVANCED_FACE('',(#2884),#3036,.T.);
#3165=ADVANCED_FACE('',(#2885),#3037,.T.);
#3166=ADVANCED_FACE('',(#2886),#3038,.F.);
#3167=ADVANCED_FACE('',(#2887),#3039,.T.);
#3168=ADVANCED_FACE('',(#2888),#3040,.T.);
#3169=ADVANCED_FACE('',(#2889),#3041,.F.);
#3170=ADVANCED_FACE('',(#2890),#3042,.T.);
#3171=ADVANCED_FACE('',(#2891),#3043,.T.);
#3172=ADVANCED_FACE('',(#2892),#3044,.F.);
#3173=ADVANCED_FACE('',(#2893),#3045,.T.);
#3174=ADVANCED_FACE('',(#2894),#3046,.T.);
#3175=ADVANCED_FACE('',(#2895),#3047,.F.);
#3176=ADVANCED_FACE('',(#2896),#3048,.T.);
#3177=ADVANCED_FACE('',(#2897),#3049,.T.);
#3178=ADVANCED_FACE('',(#2898),#3050,.F.);
#3179=ADVANCED_FACE('',(#2899),#3051,.T.);
#3180=ADVANCED_FACE('',(#2900),#3052,.T.);
#3181=ADVANCED_FACE('',(#2901),#3053,.F.);
#3182=ADVANCED_FACE('',(#2902),#3054,.T.);
#3183=ADVANCED_FACE('',(#2903),#3055,.F.);
#3184=ADVANCED_FACE('',(#2904),#3056,.T.);
#3185=ADVANCED_FACE('',(#2905),#3057,.T.);
#3186=ADVANCED_FACE('',(#2906),#3058,.T.);
#3187=ADVANCED_FACE('',(#2907),#3059,.F.);
#3188=ADVANCED_FACE('',(#2908),#3060,.T.);
#3189=ADVANCED_FACE('',(#2909),#3061,.T.);
#3190=ADVANCED_FACE('',(#2910),#3062,.F.);
#3191=ADVANCED_FACE('',(#2911),#3063,.T.);
#3192=ADVANCED_FACE('',(#2912),#3064,.T.);
#3193=ADVANCED_FACE('',(#2913),#3065,.F.);
#3194=ADVANCED_FACE('',(#2914),#3066,.T.);
#3195=ADVANCED_FACE('',(#2915),#3067,.T.);
#3196=ADVANCED_FACE('',(#2916),#3068,.F.);
#3197=ADVANCED_FACE('',(#2917),#3069,.T.);
#3198=ADVANCED_FACE('',(#2918),#3070,.T.);
#3199=ADVANCED_FACE('',(#2919),#3071,.F.);
#3200=ADVANCED_FACE('',(#2920),#3072,.T.);
#3201=ADVANCED_FACE('',(#2921),#3073,.T.);
#3202=ADVANCED_FACE('',(#2922),#3074,.F.);
#3203=ADVANCED_FACE('',(#2923),#3075,.T.);
#3204=ADVANCED_FACE('',(#2924),#3076,.T.);
#3205=ADVANCED_FACE('',(#2925),#3077,.F.);
#3206=ADVANCED_FACE('',(#2926),#3078,.T.);
#3207=ADVANCED_FACE('',(#2927),#3079,.T.);
#3208=ADVANCED_FACE('',(#2928),#3080,.F.);
#3209=ADVANCED_FACE('',(#2929),#3081,.T.);
#3210=ADVANCED_FACE('',(#2930),#3082,.F.);
#3211=ADVANCED_FACE('',(#2931),#3083,.T.);
#3212=ADVANCED_FACE('',(#2932),#3084,.T.);
#3213=ADVANCED_FACE('',(#2933),#3085,.T.);
#3214=ADVANCED_FACE('',(#2934),#3086,.F.);
#3215=ADVANCED_FACE('',(#2935),#3087,.T.);
#3216=ADVANCED_FACE('',(#2936),#3088,.T.);
#3217=ADVANCED_FACE('',(#2937),#3089,.F.);
#3218=ADVANCED_FACE('',(#2938),#3090,.T.);
#3219=ADVANCED_FACE('',(#2939),#3091,.T.);
#3220=ADVANCED_FACE('',(#2940),#3092,.F.);
#3221=ADVANCED_FACE('',(#2941),#3093,.T.);
#3222=ADVANCED_FACE('',(#2942),#3094,.T.);
#3223=ADVANCED_FACE('',(#2943),#3095,.F.);
#3224=ADVANCED_FACE('',(#2944),#3096,.T.);
#3225=ADVANCED_FACE('',(#2945),#3097,.T.);
#3226=ADVANCED_FACE('',(#2946),#3098,.F.);
#3227=ADVANCED_FACE('',(#2947),#3099,.T.);
#3228=ADVANCED_FACE('',(#2948),#12,.T.);
#3229=ADVANCED_FACE('',(#2949,#2950),#13,.F.);
#3230=ADVANCED_FACE('',(#2951),#14,.T.);
#3231=ADVANCED_FACE('',(#2952,#2953),#15,.F.);
#3232=ADVANCED_FACE('',(#2954),#16,.T.);
#3233=ADVANCED_FACE('',(#2955,#2956),#17,.F.);
#3234=ADVANCED_FACE('',(#2957),#18,.T.);
#3235=ADVANCED_FACE('',(#2958,#2959),#19,.F.);
#3236=ADVANCED_FACE('',(#2960),#20,.T.);
#3237=ADVANCED_FACE('',(#2961,#2962),#21,.F.);
#3238=ADVANCED_FACE('',(#2963),#22,.T.);
#3239=ADVANCED_FACE('',(#2964,#2965),#23,.F.);
#3240=ADVANCED_FACE('',(#2966),#24,.T.);
#3241=ADVANCED_FACE('',(#2967,#2968),#25,.F.);
#3242=ADVANCED_FACE('',(#2969),#26,.T.);
#3243=ADVANCED_FACE('',(#2970,#2971),#27,.F.);
#3244=CLOSED_SHELL('',(#3100,#3101,#3102,#3103,#3104,#3105,#3106,#3107,
#3108,#3109,#3110,#3111,#3112,#3113,#3114,#3115,#3116,#3117,#3118,#3119,
#3120,#3121,#3122,#3123,#3124,#3125,#3126,#3127,#3128,#3129,#3130,#3131,
#3132,#3133,#3134,#3135,#3136,#3137,#3138,#3139,#3140,#3141,#3142,#3143,
#3144,#3145,#3146,#3147,#3148,#3149,#3150,#3151,#3152,#3153,#3154,#3155,
#3156,#3157,#3158,#3159,#3160,#3161,#3162,#3163,#3164,#3165,#3166,#3167,
#3168,#3169,#3170,#3171,#3172,#3173,#3174,#3175,#3176,#3177,#3178,#3179,
#3180,#3181,#3182,#3183,#3184,#3185,#3186,#3187,#3188,#3189,#3190,#3191,
#3192,#3193,#3194,#3195,#3196,#3197,#3198,#3199,#3200,#3201,#3202,#3203,
#3204,#3205,#3206,#3207,#3208,#3209,#3210,#3211,#3212,#3213,#3214,#3215,
#3216,#3217,#3218,#3219,#3220,#3221,#3222,#3223,#3224,#3225,#3226,#3227,
#3228,#3229,#3230,#3231,#3232,#3233,#3234,#3235,#3236,#3237,#3238,#3239,
#3240,#3241,#3242,#3243));
#3245=STYLED_ITEM('',(#3246),#3253);
#3246=PRESENTATION_STYLE_ASSIGNMENT((#3247));
#3247=SURFACE_STYLE_USAGE(.BOTH.,#3248);
#3248=SURFACE_SIDE_STYLE('',(#3249));
#3249=SURFACE_STYLE_FILL_AREA(#3250);
#3250=FILL_AREA_STYLE('',(#3251));
#3251=FILL_AREA_STYLE_COLOUR('',#3252);
#3252=COLOUR_RGB('',0.615686274509804,0.811764705882353,0.929411764705882);
#3253=MANIFOLD_SOLID_BREP('Part 1',#3244);
#3254=SHAPE_DEFINITION_REPRESENTATION(#5138,#3255);
#3255=SHAPE_REPRESENTATION('Part 1',(#3256),#5133);
#3256=AXIS2_PLACEMENT_3D('',#4215,#3433,#3434);
#3257=AXIS2_PLACEMENT_3D('',#4216,#3435,#3436);
#3258=AXIS2_PLACEMENT_3D('',#4217,#3437,#3438);
#3259=AXIS2_PLACEMENT_3D('',#4219,#3439,#3440);
#3260=AXIS2_PLACEMENT_3D('',#4227,#3444,#3445);
#3261=AXIS2_PLACEMENT_3D('',#4228,#3446,#3447);
#3262=AXIS2_PLACEMENT_3D('',#4233,#3449,#3450);
#3263=AXIS2_PLACEMENT_3D('',#4238,#3453,#3454);
#3264=AXIS2_PLACEMENT_3D('',#4239,#3455,#3456);
#3265=AXIS2_PLACEMENT_3D('',#4241,#3457,#3458);
#3266=AXIS2_PLACEMENT_3D('',#4249,#3462,#3463);
#3267=AXIS2_PLACEMENT_3D('',#4250,#3464,#3465);
#3268=AXIS2_PLACEMENT_3D('',#4255,#3467,#3468);
#3269=AXIS2_PLACEMENT_3D('',#4260,#3471,#3472);
#3270=AXIS2_PLACEMENT_3D('',#4261,#3473,#3474);
#3271=AXIS2_PLACEMENT_3D('',#4263,#3475,#3476);
#3272=AXIS2_PLACEMENT_3D('',#4271,#3480,#3481);
#3273=AXIS2_PLACEMENT_3D('',#4272,#3482,#3483);
#3274=AXIS2_PLACEMENT_3D('',#4277,#3485,#3486);
#3275=AXIS2_PLACEMENT_3D('',#4282,#3489,#3490);
#3276=AXIS2_PLACEMENT_3D('',#4283,#3491,#3492);
#3277=AXIS2_PLACEMENT_3D('',#4285,#3493,#3494);
#3278=AXIS2_PLACEMENT_3D('',#4293,#3498,#3499);
#3279=AXIS2_PLACEMENT_3D('',#4294,#3500,#3501);
#3280=AXIS2_PLACEMENT_3D('',#4299,#3503,#3504);
#3281=AXIS2_PLACEMENT_3D('',#4304,#3507,#3508);
#3282=AXIS2_PLACEMENT_3D('',#4305,#3509,#3510);
#3283=AXIS2_PLACEMENT_3D('',#4307,#3511,#3512);
#3284=AXIS2_PLACEMENT_3D('',#4315,#3516,#3517);
#3285=AXIS2_PLACEMENT_3D('',#4316,#3518,#3519);
#3286=AXIS2_PLACEMENT_3D('',#4321,#3521,#3522);
#3287=AXIS2_PLACEMENT_3D('',#4326,#3525,#3526);
#3288=AXIS2_PLACEMENT_3D('',#4327,#3527,#3528);
#3289=AXIS2_PLACEMENT_3D('',#4329,#3529,#3530);
#3290=AXIS2_PLACEMENT_3D('',#4337,#3534,#3535);
#3291=AXIS2_PLACEMENT_3D('',#4338,#3536,#3537);
#3292=AXIS2_PLACEMENT_3D('',#4343,#3539,#3540);
#3293=AXIS2_PLACEMENT_3D('',#4348,#3543,#3544);
#3294=AXIS2_PLACEMENT_3D('',#4349,#3545,#3546);
#3295=AXIS2_PLACEMENT_3D('',#4351,#3547,#3548);
#3296=AXIS2_PLACEMENT_3D('',#4359,#3552,#3553);
#3297=AXIS2_PLACEMENT_3D('',#4360,#3554,#3555);
#3298=AXIS2_PLACEMENT_3D('',#4365,#3557,#3558);
#3299=AXIS2_PLACEMENT_3D('',#4370,#3561,#3562);
#3300=AXIS2_PLACEMENT_3D('',#4371,#3563,#3564);
#3301=AXIS2_PLACEMENT_3D('',#4373,#3565,#3566);
#3302=AXIS2_PLACEMENT_3D('',#4381,#3570,#3571);
#3303=AXIS2_PLACEMENT_3D('',#4382,#3572,#3573);
#3304=AXIS2_PLACEMENT_3D('',#4387,#3575,#3576);
#3305=AXIS2_PLACEMENT_3D('',#4392,#3579,#3580);
#3306=AXIS2_PLACEMENT_3D('',#4401,#3585,#3586);
#3307=AXIS2_PLACEMENT_3D('',#4431,#3602,#3603);
#3308=AXIS2_PLACEMENT_3D('',#4434,#3606,#3607);
#3309=AXIS2_PLACEMENT_3D('',#4440,#3611,#3612);
#3310=AXIS2_PLACEMENT_3D('',#4443,#3615,#3616);
#3311=AXIS2_PLACEMENT_3D('',#4445,#3618,#3619);
#3312=AXIS2_PLACEMENT_3D('',#4676,#3744,#3745);
#3313=AXIS2_PLACEMENT_3D('',#4697,#3758,#3759);
#3314=AXIS2_PLACEMENT_3D('',#4718,#3772,#3773);
#3315=AXIS2_PLACEMENT_3D('',#4720,#3775,#3776);
#3316=AXIS2_PLACEMENT_3D('',#4722,#3778,#3779);
#3317=AXIS2_PLACEMENT_3D('',#4724,#3781,#3782);
#3318=AXIS2_PLACEMENT_3D('',#4726,#3784,#3785);
#3319=AXIS2_PLACEMENT_3D('',#4747,#3798,#3799);
#3320=AXIS2_PLACEMENT_3D('',#4768,#3812,#3813);
#3321=AXIS2_PLACEMENT_3D('',#4770,#3815,#3816);
#3322=AXIS2_PLACEMENT_3D('',#4772,#3818,#3819);
#3323=AXIS2_PLACEMENT_3D('',#4774,#3821,#3822);
#3324=AXIS2_PLACEMENT_3D('',#4776,#3824,#3825);
#3325=AXIS2_PLACEMENT_3D('',#4797,#3838,#3839);
#3326=AXIS2_PLACEMENT_3D('',#4818,#3852,#3853);
#3327=AXIS2_PLACEMENT_3D('',#4820,#3855,#3856);
#3328=AXIS2_PLACEMENT_3D('',#4822,#3858,#3859);
#3329=AXIS2_PLACEMENT_3D('',#4824,#3861,#3862);
#3330=AXIS2_PLACEMENT_3D('',#4826,#3864,#3865);
#3331=AXIS2_PLACEMENT_3D('',#4847,#3878,#3879);
#3332=AXIS2_PLACEMENT_3D('',#4868,#3892,#3893);
#3333=AXIS2_PLACEMENT_3D('',#4870,#3895,#3896);
#3334=AXIS2_PLACEMENT_3D('',#4872,#3898,#3899);
#3335=AXIS2_PLACEMENT_3D('',#4874,#3901,#3902);
#3336=AXIS2_PLACEMENT_3D('',#4876,#3904,#3905);
#3337=AXIS2_PLACEMENT_3D('',#4897,#3918,#3919);
#3338=AXIS2_PLACEMENT_3D('',#4918,#3932,#3933);
#3339=AXIS2_PLACEMENT_3D('',#4920,#3935,#3936);
#3340=AXIS2_PLACEMENT_3D('',#4922,#3938,#3939);
#3341=AXIS2_PLACEMENT_3D('',#4924,#3941,#3942);
#3342=AXIS2_PLACEMENT_3D('',#4926,#3944,#3945);
#3343=AXIS2_PLACEMENT_3D('',#4947,#3958,#3959);
#3344=AXIS2_PLACEMENT_3D('',#4968,#3972,#3973);
#3345=AXIS2_PLACEMENT_3D('',#4970,#3975,#3976);
#3346=AXIS2_PLACEMENT_3D('',#4972,#3978,#3979);
#3347=AXIS2_PLACEMENT_3D('',#4974,#3981,#3982);
#3348=AXIS2_PLACEMENT_3D('',#4976,#3984,#3985);
#3349=AXIS2_PLACEMENT_3D('',#4997,#3998,#3999);
#3350=AXIS2_PLACEMENT_3D('',#5003,#4003,#4004);
#3351=AXIS2_PLACEMENT_3D('',#5005,#4006,#4007);
#3352=AXIS2_PLACEMENT_3D('',#5007,#4009,#4010);
#3353=AXIS2_PLACEMENT_3D('',#5009,#4012,#4013);
#3354=AXIS2_PLACEMENT_3D('',#5011,#4015,#4016);
#3355=AXIS2_PLACEMENT_3D('',#5013,#4018,#4019);
#3356=AXIS2_PLACEMENT_3D('',#5015,#4021,#4022);
#3357=AXIS2_PLACEMENT_3D('',#5016,#4023,#4024);
#3358=AXIS2_PLACEMENT_3D('',#5018,#4026,#4027);
#3359=AXIS2_PLACEMENT_3D('',#5020,#4029,#4030);
#3360=AXIS2_PLACEMENT_3D('',#5021,#4031,#4032);
#3361=AXIS2_PLACEMENT_3D('',#5023,#4034,#4035);
#3362=AXIS2_PLACEMENT_3D('',#5025,#4037,#4038);
#3363=AXIS2_PLACEMENT_3D('',#5026,#4039,#4040);
#3364=AXIS2_PLACEMENT_3D('',#5028,#4042,#4043);
#3365=AXIS2_PLACEMENT_3D('',#5030,#4045,#4046);
#3366=AXIS2_PLACEMENT_3D('',#5031,#4047,#4048);
#3367=AXIS2_PLACEMENT_3D('',#5033,#4050,#4051);
#3368=AXIS2_PLACEMENT_3D('',#5035,#4053,#4054);
#3369=AXIS2_PLACEMENT_3D('',#5036,#4055,#4056);
#3370=AXIS2_PLACEMENT_3D('',#5038,#4058,#4059);
#3371=AXIS2_PLACEMENT_3D('',#5040,#4061,#4062);
#3372=AXIS2_PLACEMENT_3D('',#5041,#4063,#4064);
#3373=AXIS2_PLACEMENT_3D('',#5043,#4066,#4067);
#3374=AXIS2_PLACEMENT_3D('',#5045,#4069,#4070);
#3375=AXIS2_PLACEMENT_3D('',#5046,#4071,#4072);
#3376=AXIS2_PLACEMENT_3D('',#5048,#4074,#4075);
#3377=AXIS2_PLACEMENT_3D('',#5050,#4077,#4078);
#3378=AXIS2_PLACEMENT_3D('',#5051,#4079,#4080);
#3379=AXIS2_PLACEMENT_3D('',#5053,#4082,#4083);
#3380=AXIS2_PLACEMENT_3D('',#5055,#4085,#4086);
#3381=AXIS2_PLACEMENT_3D('',#5056,#4087,#4088);
#3382=AXIS2_PLACEMENT_3D('',#5058,#4090,#4091);
#3383=AXIS2_PLACEMENT_3D('',#5060,#4093,#4094);
#3384=AXIS2_PLACEMENT_3D('',#5061,#4095,#4096);
#3385=AXIS2_PLACEMENT_3D('',#5063,#4098,#4099);
#3386=AXIS2_PLACEMENT_3D('',#5065,#4101,#4102);
#3387=AXIS2_PLACEMENT_3D('',#5066,#4103,#4104);
#3388=AXIS2_PLACEMENT_3D('',#5068,#4106,#4107);
#3389=AXIS2_PLACEMENT_3D('',#5070,#4109,#4110);
#3390=AXIS2_PLACEMENT_3D('',#5071,#4111,#4112);
#3391=AXIS2_PLACEMENT_3D('',#5073,#4114,#4115);
#3392=AXIS2_PLACEMENT_3D('',#5075,#4117,#4118);
#3393=AXIS2_PLACEMENT_3D('',#5076,#4119,#4120);
#3394=AXIS2_PLACEMENT_3D('',#5078,#4122,#4123);
#3395=AXIS2_PLACEMENT_3D('',#5080,#4125,#4126);
#3396=AXIS2_PLACEMENT_3D('',#5081,#4127,#4128);
#3397=AXIS2_PLACEMENT_3D('',#5083,#4130,#4131);
#3398=AXIS2_PLACEMENT_3D('',#5085,#4133,#4134);
#3399=AXIS2_PLACEMENT_3D('',#5086,#4135,#4136);
#3400=AXIS2_PLACEMENT_3D('',#5088,#4138,#4139);
#3401=AXIS2_PLACEMENT_3D('',#5090,#4141,#4142);
#3402=AXIS2_PLACEMENT_3D('',#5091,#4143,#4144);
#3403=AXIS2_PLACEMENT_3D('',#5093,#4146,#4147);
#3404=AXIS2_PLACEMENT_3D('',#5095,#4149,#4150);
#3405=AXIS2_PLACEMENT_3D('',#5096,#4151,#4152);
#3406=AXIS2_PLACEMENT_3D('',#5098,#4154,#4155);
#3407=AXIS2_PLACEMENT_3D('',#5100,#4157,#4158);
#3408=AXIS2_PLACEMENT_3D('',#5101,#4159,#4160);
#3409=AXIS2_PLACEMENT_3D('',#5103,#4162,#4163);
#3410=AXIS2_PLACEMENT_3D('',#5105,#4165,#4166);
#3411=AXIS2_PLACEMENT_3D('',#5106,#4167,#4168);
#3412=AXIS2_PLACEMENT_3D('',#5108,#4170,#4171);
#3413=AXIS2_PLACEMENT_3D('',#5110,#4173,#4174);
#3414=AXIS2_PLACEMENT_3D('',#5111,#4175,#4176);
#3415=AXIS2_PLACEMENT_3D('',#5113,#4178,#4179);
#3416=AXIS2_PLACEMENT_3D('',#5115,#4181,#4182);
#3417=AXIS2_PLACEMENT_3D('',#5116,#4183,#4184);
#3418=AXIS2_PLACEMENT_3D('',#5117,#4185,#4186);
#3419=AXIS2_PLACEMENT_3D('',#5118,#4187,#4188);
#3420=AXIS2_PLACEMENT_3D('',#5119,#4189,#4190);
#3421=AXIS2_PLACEMENT_3D('',#5120,#4191,#4192);
#3422=AXIS2_PLACEMENT_3D('',#5121,#4193,#4194);
#3423=AXIS2_PLACEMENT_3D('',#5122,#4195,#4196);
#3424=AXIS2_PLACEMENT_3D('',#5123,#4197,#4198);
#3425=AXIS2_PLACEMENT_3D('',#5124,#4199,#4200);
#3426=AXIS2_PLACEMENT_3D('',#5125,#4201,#4202);
#3427=AXIS2_PLACEMENT_3D('',#5126,#4203,#4204);
#3428=AXIS2_PLACEMENT_3D('',#5127,#4205,#4206);
#3429=AXIS2_PLACEMENT_3D('',#5128,#4207,#4208);
#3430=AXIS2_PLACEMENT_3D('',#5129,#4209,#4210);
#3431=AXIS2_PLACEMENT_3D('',#5130,#4211,#4212);
#3432=AXIS2_PLACEMENT_3D('',#5131,#4213,#4214);
#3433=DIRECTION('',(0.,0.,1.));
#3434=DIRECTION('',(1.,0.,0.));
#3435=DIRECTION('',(1.,0.,0.));
#3436=DIRECTION('',(0.,0.,-1.));
#3437=DIRECTION('',(1.,0.,0.));
#3438=DIRECTION('',(0.,0.,-1.));
#3439=DIRECTION('',(1.,0.,0.));
#3440=DIRECTION('',(0.,0.,-1.));
#3441=DIRECTION('',(0.,-1.,0.));
#3442=DIRECTION('',(0.,0.,-1.));
#3443=DIRECTION('',(0.,-1.,0.));
#3444=DIRECTION('',(1.,0.,0.));
#3445=DIRECTION('',(0.,0.,-1.));
#3446=DIRECTION('',(1.,0.,0.));
#3447=DIRECTION('',(0.,0.,-1.));
#3448=DIRECTION('',(0.,-1.,0.));
#3449=DIRECTION('',(1.,0.,0.));
#3450=DIRECTION('',(0.,0.,-1.));
#3451=DIRECTION('',(0.,-1.,0.));
#3452=DIRECTION('',(0.,0.,-1.));
#3453=DIRECTION('',(1.,0.,0.));
#3454=DIRECTION('',(0.,0.,-1.));
#3455=DIRECTION('',(1.,0.,0.));
#3456=DIRECTION('',(0.,0.,-1.));
#3457=DIRECTION('',(1.,0.,0.));
#3458=DIRECTION('',(0.,0.,-1.));
#3459=DIRECTION('',(0.,-1.,0.));
#3460=DIRECTION('',(0.,0.,-1.));
#3461=DIRECTION('',(0.,-1.,0.));
#3462=DIRECTION('',(1.,0.,0.));
#3463=DIRECTION('',(0.,0.,-1.));
#3464=DIRECTION('',(1.,0.,0.));
#3465=DIRECTION('',(0.,0.,-1.));
#3466=DIRECTION('',(0.,-1.,0.));
#3467=DIRECTION('',(1.,0.,0.));
#3468=DIRECTION('',(0.,0.,-1.));
#3469=DIRECTION('',(0.,-1.,0.));
#3470=DIRECTION('',(0.,0.,-1.));
#3471=DIRECTION('',(1.,0.,0.));
#3472=DIRECTION('',(0.,0.,-1.));
#3473=DIRECTION('',(1.,0.,0.));
#3474=DIRECTION('',(0.,0.,-1.));
#3475=DIRECTION('',(1.,0.,0.));
#3476=DIRECTION('',(0.,0.,-1.));
#3477=DIRECTION('',(0.,-1.,0.));
#3478=DIRECTION('',(0.,0.,-1.));
#3479=DIRECTION('',(0.,-1.,0.));
#3480=DIRECTION('',(1.,0.,0.));
#3481=DIRECTION('',(0.,0.,-1.));
#3482=DIRECTION('',(1.,0.,0.));
#3483=DIRECTION('',(0.,0.,-1.));
#3484=DIRECTION('',(0.,-1.,0.));
#3485=DIRECTION('',(1.,0.,0.));
#3486=DIRECTION('',(0.,0.,-1.));
#3487=DIRECTION('',(0.,-1.,0.));
#3488=DIRECTION('',(0.,0.,-1.));
#3489=DIRECTION('',(1.,0.,0.));
#3490=DIRECTION('',(0.,0.,-1.));
#3491=DIRECTION('',(1.,0.,0.));
#3492=DIRECTION('',(0.,0.,-1.));
#3493=DIRECTION('',(1.,0.,0.));
#3494=DIRECTION('',(0.,0.,-1.));
#3495=DIRECTION('',(0.,-1.,0.));
#3496=DIRECTION('',(0.,0.,-1.));
#3497=DIRECTION('',(0.,-1.,0.));
#3498=DIRECTION('',(1.,0.,0.));
#3499=DIRECTION('',(0.,0.,-1.));
#3500=DIRECTION('',(1.,0.,0.));
#3501=DIRECTION('',(0.,0.,-1.));
#3502=DIRECTION('',(0.,-1.,0.));
#3503=DIRECTION('',(1.,0.,0.));
#3504=DIRECTION('',(0.,0.,-1.));
#3505=DIRECTION('',(0.,-1.,0.));
#3506=DIRECTION('',(0.,0.,-1.));
#3507=DIRECTION('',(1.,0.,0.));
#3508=DIRECTION('',(0.,0.,-1.));
#3509=DIRECTION('',(1.,0.,0.));
#3510=DIRECTION('',(0.,0.,-1.));
#3511=DIRECTION('',(1.,0.,0.));
#3512=DIRECTION('',(0.,0.,-1.));
#3513=DIRECTION('',(0.,-1.,0.));
#3514=DIRECTION('',(0.,0.,-1.));
#3515=DIRECTION('',(0.,-1.,0.));
#3516=DIRECTION('',(1.,0.,0.));
#3517=DIRECTION('',(0.,0.,-1.));
#3518=DIRECTION('',(1.,0.,0.));
#3519=DIRECTION('',(0.,0.,-1.));
#3520=DIRECTION('',(0.,-1.,0.));
#3521=DIRECTION('',(1.,0.,0.));
#3522=DIRECTION('',(0.,0.,-1.));
#3523=DIRECTION('',(0.,-1.,0.));
#3524=DIRECTION('',(0.,0.,-1.));
#3525=DIRECTION('',(1.,5.78241158658936E-17,0.));
#3526=DIRECTION('',(-5.78241158658936E-17,1.,0.));
#3527=DIRECTION('',(1.,5.78241158658936E-17,0.));
#3528=DIRECTION('',(-5.78241158658936E-17,1.,0.));
#3529=DIRECTION('',(1.,5.78241158658936E-17,0.));
#3530=DIRECTION('',(-5.78241158658936E-17,1.,0.));
#3531=DIRECTION('',(5.78241158658936E-17,-1.,0.));
#3532=DIRECTION('',(0.,0.,-1.));
#3533=DIRECTION('',(5.78241158658936E-17,-1.,0.));
#3534=DIRECTION('',(1.,5.78241158658936E-17,0.));
#3535=DIRECTION('',(-5.78241158658936E-17,1.,0.));
#3536=DIRECTION('',(1.,5.78241158658936E-17,0.));
#3537=DIRECTION('',(-5.78241158658936E-17,1.,0.));
#3538=DIRECTION('',(5.78241158658936E-17,-1.,0.));
#3539=DIRECTION('',(1.,5.78241158658936E-17,0.));
#3540=DIRECTION('',(-5.78241158658936E-17,1.,0.));
#3541=DIRECTION('',(5.78241158658936E-17,-1.,0.));
#3542=DIRECTION('',(0.,0.,-1.));
#3543=DIRECTION('',(1.,0.,0.));
#3544=DIRECTION('',(0.,0.,-1.));
#3545=DIRECTION('',(1.,0.,0.));
#3546=DIRECTION('',(0.,0.,-1.));
#3547=DIRECTION('',(1.,0.,0.));
#3548=DIRECTION('',(0.,0.,-1.));
#3549=DIRECTION('',(0.,-1.,0.));
#3550=DIRECTION('',(0.,0.,-1.));
#3551=DIRECTION('',(0.,-1.,0.));
#3552=DIRECTION('',(1.,0.,0.));
#3553=DIRECTION('',(0.,0.,-1.));
#3554=DIRECTION('',(1.,0.,0.));
#3555=DIRECTION('',(0.,0.,-1.));
#3556=DIRECTION('',(0.,-1.,0.));
#3557=DIRECTION('',(1.,0.,0.));
#3558=DIRECTION('',(0.,0.,-1.));
#3559=DIRECTION('',(0.,-1.,0.));
#3560=DIRECTION('',(0.,0.,-1.));
#3561=DIRECTION('',(1.,0.,0.));
#3562=DIRECTION('',(0.,0.,-1.));
#3563=DIRECTION('',(1.,0.,0.));
#3564=DIRECTION('',(0.,0.,-1.));
#3565=DIRECTION('',(1.,0.,0.));
#3566=DIRECTION('',(0.,0.,-1.));
#3567=DIRECTION('',(0.,-1.,0.));
#3568=DIRECTION('',(0.,0.,-1.));
#3569=DIRECTION('',(0.,-1.,0.));
#3570=DIRECTION('',(1.,0.,0.));
#3571=DIRECTION('',(0.,0.,-1.));
#3572=DIRECTION('',(1.,0.,0.));
#3573=DIRECTION('',(0.,0.,-1.));
#3574=DIRECTION('',(0.,-1.,0.));
#3575=DIRECTION('',(1.,0.,0.));
#3576=DIRECTION('',(0.,0.,-1.));
#3577=DIRECTION('',(0.,-1.,0.));
#3578=DIRECTION('',(0.,0.,-1.));
#3579=DIRECTION('',(0.,1.,0.));
#3580=DIRECTION('',(0.,0.,1.));
#3581=DIRECTION('',(1.,0.,0.));
#3582=DIRECTION('',(0.,0.,-1.));
#3583=DIRECTION('',(1.,0.,0.));
#3584=DIRECTION('',(0.,0.,-1.));
#3585=DIRECTION('',(1.,0.,0.));
#3586=DIRECTION('',(0.,0.,-1.));
#3587=DIRECTION('',(0.,0.,-1.));
#3588=DIRECTION('',(0.,-1.,0.));
#3589=DIRECTION('',(0.,0.,-1.));
#3590=DIRECTION('',(0.,-1.,0.));
#3591=DIRECTION('',(0.,0.,-1.));
#3592=DIRECTION('',(0.,-1.,0.));
#3593=DIRECTION('',(0.,-1.,0.));
#3594=DIRECTION('',(0.,0.,-1.));
#3595=DIRECTION('',(0.,-1.,0.));
#3596=DIRECTION('',(0.,0.,-1.));
#3597=DIRECTION('',(0.,-1.,0.));
#3598=DIRECTION('',(0.,0.,-1.));
#3599=DIRECTION('',(0.,-1.,0.));
#3600=DIRECTION('',(0.,0.,-1.));
#3601=DIRECTION('',(0.,-1.,0.));
#3602=DIRECTION('',(0.,1.,0.));
#3603=DIRECTION('',(0.,0.,1.));
#3604=DIRECTION('',(1.,0.,0.));
#3605=DIRECTION('',(1.,0.,0.));
#3606=DIRECTION('',(0.,1.,0.));
#3607=DIRECTION('',(0.,0.,1.));
#3608=DIRECTION('',(1.,0.,0.));
#3609=DIRECTION('',(0.,0.,-1.));
#3610=DIRECTION('',(1.,0.,0.));
#3611=DIRECTION('',(1.,0.,0.));
#3612=DIRECTION('',(0.,0.,-1.));
#3613=DIRECTION('',(0.,-1.,0.));
#3614=DIRECTION('',(0.,-1.,0.));
#3615=DIRECTION('',(0.,0.,1.));
#3616=DIRECTION('',(1.,0.,0.));
#3617=DIRECTION('',(1.,0.,0.));
#3618=DIRECTION('',(0.,0.,1.));
#3619=DIRECTION('',(1.,0.,0.));
#3620=DIRECTION('',(1.,0.,0.));
#3621=DIRECTION('',(1.,0.,0.));
#3622=DIRECTION('',(0.,-1.,0.));
#3623=DIRECTION('',(1.,0.,0.));
#3624=DIRECTION('',(1.,0.,0.));
#3625=DIRECTION('',(0.,-1.,0.));
#3626=DIRECTION('',(1.,0.,0.));
#3627=DIRECTION('',(1.,0.,0.));
#3628=DIRECTION('',(0.,-1.,0.));
#3629=DIRECTION('',(1.,0.,0.));
#3630=DIRECTION('',(1.,0.,0.));
#3631=DIRECTION('',(1.,0.,0.));
#3632=DIRECTION('',(0.,-1.,0.));
#3633=DIRECTION('',(1.,0.,0.));
#3634=DIRECTION('',(0.,-1.,0.));
#3635=DIRECTION('',(1.,0.,0.));
#3636=DIRECTION('',(1.,0.,0.));
#3637=DIRECTION('',(1.,0.,0.));
#3638=DIRECTION('',(0.,-1.,0.));
#3639=DIRECTION('',(1.,0.,0.));
#3640=DIRECTION('',(5.61836772978702E-17,-1.,0.));
#3641=DIRECTION('',(1.,0.,0.));
#3642=DIRECTION('',(1.,0.,0.));
#3643=DIRECTION('',(1.,0.,0.));
#3644=DIRECTION('',(5.61836772978702E-17,-1.,0.));
#3645=DIRECTION('',(1.,0.,0.));
#3646=DIRECTION('',(1.35681867508494E-16,-1.,0.));
#3647=DIRECTION('',(1.,0.,0.));
#3648=DIRECTION('',(1.,0.,0.));
#3649=DIRECTION('',(1.,0.,0.));
#3650=DIRECTION('',(6.7840933754247E-17,-1.,0.));
#3651=DIRECTION('',(1.,0.,0.));
#3652=DIRECTION('',(6.14295915657471E-17,-1.,0.));
#3653=DIRECTION('',(1.,0.,0.));
#3654=DIRECTION('',(1.,0.,0.));
#3655=DIRECTION('',(1.,0.,0.));
#3656=DIRECTION('',(6.14295915657471E-17,-1.,0.));
#3657=DIRECTION('',(1.,0.,0.));
#3658=DIRECTION('',(7.02052475037109E-17,-1.,0.));
#3659=DIRECTION('',(1.,0.,0.));
#3660=DIRECTION('',(1.,0.,0.));
#3661=DIRECTION('',(1.,0.,0.));
#3662=DIRECTION('',(3.51026237518554E-17,-1.,0.));
#3663=DIRECTION('',(1.,0.,0.));
#3664=DIRECTION('',(3.51026237518554E-17,-1.,0.));
#3665=DIRECTION('',(1.,0.,0.));
#3666=DIRECTION('',(1.,0.,0.));
#3667=DIRECTION('',(1.,0.,0.));
#3668=DIRECTION('',(7.02052475037109E-17,-1.,0.));
#3669=DIRECTION('',(1.,0.,0.));
#3670=DIRECTION('',(3.51026237518554E-17,-1.,0.));
#3671=DIRECTION('',(1.,0.,0.));
#3672=DIRECTION('',(3.51026237518554E-17,-1.,0.));
#3673=DIRECTION('',(1.,0.,0.));
#3674=DIRECTION('',(7.02052475037109E-17,-1.,0.));
#3675=DIRECTION('',(1.,0.,0.));
#3676=DIRECTION('',(6.14295915657471E-17,-1.,0.));
#3677=DIRECTION('',(1.,0.,0.));
#3678=DIRECTION('',(6.14295915657471E-17,-1.,0.));
#3679=DIRECTION('',(1.,0.,0.));
#3680=DIRECTION('',(6.7840933754247E-17,-1.,0.));
#3681=DIRECTION('',(1.,0.,0.));
#3682=DIRECTION('',(1.35681867508494E-16,-1.,0.));
#3683=DIRECTION('',(1.,0.,0.));
#3684=DIRECTION('',(5.61836772978702E-17,-1.,0.));
#3685=DIRECTION('',(1.,0.,0.));
#3686=DIRECTION('',(5.61836772978702E-17,-1.,0.));
#3687=DIRECTION('',(1.,0.,0.));
#3688=DIRECTION('',(0.,-1.,0.));
#3689=DIRECTION('',(1.,0.,0.));
#3690=DIRECTION('',(0.,-1.,0.));
#3691=DIRECTION('',(1.,0.,0.));
#3692=DIRECTION('',(0.,-1.,0.));
#3693=DIRECTION('',(1.,0.,0.));
#3694=DIRECTION('',(0.,-1.,0.));
#3695=DIRECTION('',(1.,0.,0.));
#3696=DIRECTION('',(1.,0.,0.));
#3697=DIRECTION('',(0.,-1.,0.));
#3698=DIRECTION('',(1.,0.,0.));
#3699=DIRECTION('',(0.,-1.,0.));
#3700=DIRECTION('',(1.,0.,0.));
#3701=DIRECTION('',(0.,-1.,0.));
#3702=DIRECTION('',(1.,0.,0.));
#3703=DIRECTION('',(0.,-1.,0.));
#3704=DIRECTION('',(1.,0.,0.));
#3705=DIRECTION('',(0.,-1.,0.));
#3706=DIRECTION('',(1.,0.,0.));
#3707=DIRECTION('',(5.61836772978702E-17,-1.,0.));
#3708=DIRECTION('',(1.,0.,0.));
#3709=DIRECTION('',(0.,-1.,0.));
#3710=DIRECTION('',(1.,0.,0.));
#3711=DIRECTION('',(5.61836772978702E-17,-1.,0.));
#3712=DIRECTION('',(1.,0.,0.));
#3713=DIRECTION('',(5.61836772978702E-17,-1.,0.));
#3714=DIRECTION('',(1.,0.,0.));
#3715=DIRECTION('',(1.35681867508494E-16,-1.,0.));
#3716=DIRECTION('',(1.,0.,0.));
#3717=DIRECTION('',(5.61836772978702E-17,-1.,0.));
#3718=DIRECTION('',(1.,0.,0.));
#3719=DIRECTION('',(1.35681867508494E-16,-1.,0.));
#3720=DIRECTION('',(1.,0.,0.));
#3721=DIRECTION('',(6.7840933754247E-17,-1.,0.));
#3722=DIRECTION('',(1.,0.,0.));
#3723=DIRECTION('',(6.14295915657471E-17,-1.,0.));
#3724=DIRECTION('',(1.,0.,0.));
#3725=DIRECTION('',(6.7840933754247E-17,-1.,0.));
#3726=DIRECTION('',(1.,0.,0.));
#3727=DIRECTION('',(6.14295915657471E-17,-1.,0.));
#3728=DIRECTION('',(1.,0.,0.));
#3729=DIRECTION('',(6.14295915657471E-17,-1.,0.));
#3730=DIRECTION('',(1.,0.,0.));
#3731=DIRECTION('',(7.02052475037109E-17,-1.,0.));
#3732=DIRECTION('',(1.,0.,0.));
#3733=DIRECTION('',(6.14295915657471E-17,-1.,0.));
#3734=DIRECTION('',(1.,0.,0.));
#3735=DIRECTION('',(7.02052475037109E-17,-1.,0.));
#3736=DIRECTION('',(1.,0.,0.));
#3737=DIRECTION('',(3.51026237518554E-17,-1.,0.));
#3738=DIRECTION('',(1.,0.,0.));
#3739=DIRECTION('',(3.51026237518554E-17,-1.,0.));
#3740=DIRECTION('',(1.,0.,0.));
#3741=DIRECTION('',(3.51026237518554E-17,-1.,0.));
#3742=DIRECTION('',(1.,0.,0.));
#3743=DIRECTION('',(3.51026237518554E-17,-1.,0.));
#3744=DIRECTION('',(1.,0.,0.));
#3745=DIRECTION('',(0.,0.,-1.));
#3746=DIRECTION('',(0.,0.,-1.));
#3747=DIRECTION('',(0.,-1.,0.));
#3748=DIRECTION('',(0.,0.,-1.));
#3749=DIRECTION('',(0.,0.,-1.));
#3750=DIRECTION('',(0.,-1.,0.));
#3751=DIRECTION('',(0.,0.,-1.));
#3752=DIRECTION('',(0.,0.,-1.));
#3753=DIRECTION('',(0.,-1.,0.));
#3754=DIRECTION('',(0.,0.,-1.));
#3755=DIRECTION('',(0.,0.,-1.));
#3756=DIRECTION('',(0.,-1.,0.));
#3757=DIRECTION('',(0.,0.,-1.));
#3758=DIRECTION('',(1.,0.,0.));
#3759=DIRECTION('',(0.,0.,-1.));
#3760=DIRECTION('',(0.,0.,-1.));
#3761=DIRECTION('',(0.,-1.,0.));
#3762=DIRECTION('',(0.,0.,-1.));
#3763=DIRECTION('',(0.,0.,-1.));
#3764=DIRECTION('',(0.,-1.,0.));
#3765=DIRECTION('',(0.,0.,-1.));
#3766=DIRECTION('',(0.,0.,-1.));
#3767=DIRECTION('',(0.,-1.,0.));
#3768=DIRECTION('',(0.,0.,-1.));
#3769=DIRECTION('',(0.,0.,-1.));
#3770=DIRECTION('',(0.,-1.,0.));
#3771=DIRECTION('',(0.,0.,-1.));
#3772=DIRECTION('',(0.,1.,0.));
#3773=DIRECTION('',(0.,0.,1.));
#3774=DIRECTION('',(1.,0.,0.));
#3775=DIRECTION('',(0.,1.,0.));
#3776=DIRECTION('',(0.,0.,1.));
#3777=DIRECTION('',(1.,0.,0.));
#3778=DIRECTION('',(0.,1.,0.));
#3779=DIRECTION('',(0.,0.,1.));
#3780=DIRECTION('',(1.,0.,0.));
#3781=DIRECTION('',(0.,0.,1.));
#3782=DIRECTION('',(1.,0.,0.));
#3783=DIRECTION('',(1.,0.,0.));
#3784=DIRECTION('',(1.,0.,0.));
#3785=DIRECTION('',(0.,0.,-1.));
#3786=DIRECTION('',(0.,0.,-1.));
#3787=DIRECTION('',(0.,-1.,0.));
#3788=DIRECTION('',(0.,0.,-1.));
#3789=DIRECTION('',(0.,0.,-1.));
#3790=DIRECTION('',(0.,-1.,0.));
#3791=DIRECTION('',(0.,0.,-1.));
#3792=DIRECTION('',(0.,0.,-1.));
#3793=DIRECTION('',(0.,-1.,0.));
#3794=DIRECTION('',(0.,0.,-1.));
#3795=DIRECTION('',(0.,0.,-1.));
#3796=DIRECTION('',(0.,-1.,0.));
#3797=DIRECTION('',(0.,0.,-1.));
#3798=DIRECTION('',(1.,0.,0.));
#3799=DIRECTION('',(0.,0.,-1.));
#3800=DIRECTION('',(0.,0.,-1.));
#3801=DIRECTION('',(0.,-1.,0.));
#3802=DIRECTION('',(0.,0.,-1.));
#3803=DIRECTION('',(0.,0.,-1.));
#3804=DIRECTION('',(0.,-1.,0.));
#3805=DIRECTION('',(0.,0.,-1.));
#3806=DIRECTION('',(0.,0.,-1.));
#3807=DIRECTION('',(0.,-1.,0.));
#3808=DIRECTION('',(0.,0.,-1.));
#3809=DIRECTION('',(0.,0.,-1.));
#3810=DIRECTION('',(0.,-1.,0.));
#3811=DIRECTION('',(0.,0.,-1.));
#3812=DIRECTION('',(0.,1.,0.));
#3813=DIRECTION('',(0.,0.,1.));
#3814=DIRECTION('',(1.,0.,0.));
#3815=DIRECTION('',(0.,1.,0.));
#3816=DIRECTION('',(0.,0.,1.));
#3817=DIRECTION('',(1.,0.,0.));
#3818=DIRECTION('',(0.,1.,0.));
#3819=DIRECTION('',(0.,0.,1.));
#3820=DIRECTION('',(1.,0.,0.));
#3821=DIRECTION('',(0.,0.,1.));
#3822=DIRECTION('',(1.,0.,0.));
#3823=DIRECTION('',(1.,0.,0.));
#3824=DIRECTION('',(1.,5.61836772978702E-17,0.));
#3825=DIRECTION('',(-5.61836772978702E-17,1.,0.));
#3826=DIRECTION('',(0.,0.,-1.));
#3827=DIRECTION('',(0.,-1.,0.));
#3828=DIRECTION('',(0.,0.,-1.));
#3829=DIRECTION('',(0.,0.,-1.));
#3830=DIRECTION('',(5.61836772978702E-17,-1.,0.));
#3831=DIRECTION('',(0.,0.,-1.));
#3832=DIRECTION('',(0.,0.,-1.));
#3833=DIRECTION('',(3.46944695195362E-16,-1.,0.));
#3834=DIRECTION('',(0.,0.,-1.));
#3835=DIRECTION('',(0.,0.,-1.));
#3836=DIRECTION('',(0.,-1.,0.));
#3837=DIRECTION('',(0.,0.,-1.));
#3838=DIRECTION('',(1.,5.61836772978702E-17,0.));
#3839=DIRECTION('',(-5.61836772978702E-17,1.,0.));
#3840=DIRECTION('',(0.,0.,-1.));
#3841=DIRECTION('',(3.46944695195362E-16,-1.,0.));
#3842=DIRECTION('',(0.,0.,-1.));
#3843=DIRECTION('',(0.,0.,-1.));
#3844=DIRECTION('',(5.61836772978702E-17,-1.,0.));
#3845=DIRECTION('',(0.,0.,-1.));
#3846=DIRECTION('',(0.,0.,-1.));
#3847=DIRECTION('',(0.,-1.,0.));
#3848=DIRECTION('',(0.,0.,-1.));
#3849=DIRECTION('',(0.,0.,-1.));
#3850=DIRECTION('',(0.,-1.,0.));
#3851=DIRECTION('',(0.,0.,-1.));
#3852=DIRECTION('',(0.,1.,0.));
#3853=DIRECTION('',(0.,0.,1.));
#3854=DIRECTION('',(1.,0.,0.));
#3855=DIRECTION('',(0.,1.,0.));
#3856=DIRECTION('',(0.,0.,1.));
#3857=DIRECTION('',(1.,0.,0.));
#3858=DIRECTION('',(0.,1.,0.));
#3859=DIRECTION('',(0.,0.,1.));
#3860=DIRECTION('',(1.,0.,0.));
#3861=DIRECTION('',(0.,0.,1.));
#3862=DIRECTION('',(1.,0.,0.));
#3863=DIRECTION('',(1.,0.,0.));
#3864=DIRECTION('',(1.,1.35681867508494E-16,0.));
#3865=DIRECTION('',(-1.35681867508494E-16,1.,0.));
#3866=DIRECTION('',(0.,0.,-1.));
#3867=DIRECTION('',(1.7347234759768E-16,-1.,0.));
#3868=DIRECTION('',(0.,0.,-1.));
#3869=DIRECTION('',(0.,0.,-1.));
#3870=DIRECTION('',(1.35681867508494E-16,-1.,0.));
#3871=DIRECTION('',(0.,0.,-1.));
#3872=DIRECTION('',(0.,0.,-1.));
#3873=DIRECTION('',(0.,-1.,0.));
#3874=DIRECTION('',(0.,0.,-1.));
#3875=DIRECTION('',(0.,0.,-1.));
#3876=DIRECTION('',(0.,-1.,0.));
#3877=DIRECTION('',(0.,0.,-1.));
#3878=DIRECTION('',(1.,6.7840933754247E-17,0.));
#3879=DIRECTION('',(-6.7840933754247E-17,1.,0.));
#3880=DIRECTION('',(0.,0.,-1.));
#3881=DIRECTION('',(8.67361737988404E-17,-1.,0.));
#3882=DIRECTION('',(0.,0.,-1.));
#3883=DIRECTION('',(0.,0.,-1.));
#3884=DIRECTION('',(6.7840933754247E-17,-1.,0.));
#3885=DIRECTION('',(0.,0.,-1.));
#3886=DIRECTION('',(0.,0.,-1.));
#3887=DIRECTION('',(0.,-1.,0.));
#3888=DIRECTION('',(0.,0.,-1.));
#3889=DIRECTION('',(0.,0.,-1.));
#3890=DIRECTION('',(8.67361737988404E-17,-1.,0.));
#3891=DIRECTION('',(0.,0.,-1.));
#3892=DIRECTION('',(0.,1.,0.));
#3893=DIRECTION('',(0.,0.,1.));
#3894=DIRECTION('',(1.,0.,0.));
#3895=DIRECTION('',(0.,1.,0.));
#3896=DIRECTION('',(0.,0.,1.));
#3897=DIRECTION('',(1.,0.,0.));
#3898=DIRECTION('',(0.,1.,0.));
#3899=DIRECTION('',(0.,0.,1.));
#3900=DIRECTION('',(1.,0.,0.));
#3901=DIRECTION('',(0.,0.,1.));
#3902=DIRECTION('',(1.,0.,0.));
#3903=DIRECTION('',(1.,0.,0.));
#3904=DIRECTION('',(1.,6.14295915657471E-17,0.));
#3905=DIRECTION('',(-6.14295915657471E-17,1.,0.));
#3906=DIRECTION('',(0.,0.,-1.));
#3907=DIRECTION('',(6.50521303491302E-17,-1.,0.));
#3908=DIRECTION('',(0.,0.,-1.));
#3909=DIRECTION('',(0.,0.,-1.));
#3910=DIRECTION('',(6.14295915657471E-17,-1.,0.));
#3911=DIRECTION('',(0.,0.,-1.));
#3912=DIRECTION('',(0.,0.,-1.));
#3913=DIRECTION('',(5.96311194867027E-17,-1.,0.));
#3914=DIRECTION('',(0.,0.,-1.));
#3915=DIRECTION('',(0.,0.,-1.));
#3916=DIRECTION('',(5.96311194867028E-17,-1.,0.));
#3917=DIRECTION('',(0.,0.,-1.));
#3918=DIRECTION('',(1.,6.14295915657471E-17,0.));
#3919=DIRECTION('',(-6.14295915657471E-17,1.,0.));
#3920=DIRECTION('',(0.,0.,-1.));
#3921=DIRECTION('',(8.67361737988404E-17,-1.,0.));
#3922=DIRECTION('',(0.,0.,-1.));
#3923=DIRECTION('',(0.,0.,-1.));
#3924=DIRECTION('',(6.14295915657471E-17,-1.,0.));
#3925=DIRECTION('',(0.,0.,-1.));
#3926=DIRECTION('',(0.,0.,-1.));
#3927=DIRECTION('',(0.,-1.,0.));
#3928=DIRECTION('',(0.,0.,-1.));
#3929=DIRECTION('',(0.,0.,-1.));
#3930=DIRECTION('',(8.67361737988404E-17,-1.,0.));
#3931=DIRECTION('',(0.,0.,-1.));
#3932=DIRECTION('',(0.,1.,0.));
#3933=DIRECTION('',(0.,0.,1.));
#3934=DIRECTION('',(1.,0.,0.));
#3935=DIRECTION('',(0.,1.,0.));
#3936=DIRECTION('',(0.,0.,1.));
#3937=DIRECTION('',(1.,0.,0.));
#3938=DIRECTION('',(0.,1.,0.));
#3939=DIRECTION('',(0.,0.,1.));
#3940=DIRECTION('',(1.,0.,0.));
#3941=DIRECTION('',(0.,0.,1.));
#3942=DIRECTION('',(1.,0.,0.));
#3943=DIRECTION('',(1.,0.,0.));
#3944=DIRECTION('',(1.,7.02052475037109E-17,0.));
#3945=DIRECTION('',(-7.02052475037109E-17,1.,0.));
#3946=DIRECTION('',(0.,0.,-1.));
#3947=DIRECTION('',(1.7347234759768E-16,-1.,0.));
#3948=DIRECTION('',(0.,0.,-1.));
#3949=DIRECTION('',(0.,0.,-1.));
#3950=DIRECTION('',(7.02052475037109E-17,-1.,0.));
#3951=DIRECTION('',(0.,0.,-1.));
#3952=DIRECTION('',(0.,0.,-1.));
#3953=DIRECTION('',(0.,-1.,0.));
#3954=DIRECTION('',(0.,0.,-1.));
#3955=DIRECTION('',(0.,0.,-1.));
#3956=DIRECTION('',(0.,-1.,0.));
#3957=DIRECTION('',(0.,0.,-1.));
#3958=DIRECTION('',(1.,3.51026237518554E-17,0.));
#3959=DIRECTION('',(-3.51026237518554E-17,1.,0.));
#3960=DIRECTION('',(0.,0.,-1.));
#3961=DIRECTION('',(3.46944695195362E-16,-1.,0.));
#3962=DIRECTION('',(0.,0.,-1.));
#3963=DIRECTION('',(0.,0.,-1.));
#3964=DIRECTION('',(3.51026237518554E-17,-1.,0.));
#3965=DIRECTION('',(0.,0.,-1.));
#3966=DIRECTION('',(0.,0.,-1.));
#3967=DIRECTION('',(0.,-1.,0.));
#3968=DIRECTION('',(0.,0.,-1.));
#3969=DIRECTION('',(0.,0.,-1.));
#3970=DIRECTION('',(0.,-1.,0.));
#3971=DIRECTION('',(0.,0.,-1.));
#3972=DIRECTION('',(0.,1.,0.));
#3973=DIRECTION('',(0.,0.,1.));
#3974=DIRECTION('',(1.,0.,0.));
#3975=DIRECTION('',(0.,1.,0.));
#3976=DIRECTION('',(0.,0.,1.));
#3977=DIRECTION('',(1.,0.,0.));
#3978=DIRECTION('',(0.,1.,0.));
#3979=DIRECTION('',(0.,0.,1.));
#3980=DIRECTION('',(1.,0.,0.));
#3981=DIRECTION('',(0.,0.,1.));
#3982=DIRECTION('',(1.,0.,0.));
#3983=DIRECTION('',(1.,0.,0.));
#3984=DIRECTION('',(1.,3.51026237518554E-17,0.));
#3985=DIRECTION('',(-3.51026237518554E-17,1.,0.));
#3986=DIRECTION('',(0.,0.,-1.));
#3987=DIRECTION('',(0.,-1.,0.));
#3988=DIRECTION('',(0.,0.,-1.));
#3989=DIRECTION('',(0.,0.,-1.));
#3990=DIRECTION('',(3.51026237518554E-17,-1.,0.));
#3991=DIRECTION('',(0.,0.,-1.));
#3992=DIRECTION('',(0.,0.,-1.));
#3993=DIRECTION('',(3.46944695195362E-16,-1.,0.));
#3994=DIRECTION('',(0.,0.,-1.));
#3995=DIRECTION('',(0.,0.,-1.));
#3996=DIRECTION('',(0.,-1.,0.));
#3997=DIRECTION('',(0.,0.,-1.));
#3998=DIRECTION('',(1.,7.02052475037109E-17,0.));
#3999=DIRECTION('',(-7.02052475037109E-17,1.,0.));
#4000=DIRECTION('',(0.,0.,-1.));
#4001=DIRECTION('',(7.02052475037109E-17,-1.,0.));
#4002=DIRECTION('',(0.,0.,-1.));
#4003=DIRECTION('',(0.,1.,0.));
#4004=DIRECTION('',(0.,0.,1.));
#4005=DIRECTION('',(1.,0.,0.));
#4006=DIRECTION('',(0.,1.,0.));
#4007=DIRECTION('',(0.,0.,1.));
#4008=DIRECTION('',(1.,0.,0.));
#4009=DIRECTION('',(0.,1.,0.));
#4010=DIRECTION('',(0.,0.,1.));
#4011=DIRECTION('',(1.,0.,0.));
#4012=DIRECTION('',(0.,0.,1.));
#4013=DIRECTION('',(1.,0.,0.));
#4014=DIRECTION('',(1.,0.,0.));
#4015=DIRECTION('',(0.,1.,0.));
#4016=DIRECTION('',(0.,0.,1.));
#4017=DIRECTION('',(1.,0.,0.));
#4018=DIRECTION('',(0.,1.,0.));
#4019=DIRECTION('',(0.,0.,1.));
#4020=DIRECTION('',(1.,0.,0.));
#4021=DIRECTION('',(0.,0.,1.));
#4022=DIRECTION('',(1.,0.,0.));
#4023=DIRECTION('',(0.,1.,0.));
#4024=DIRECTION('',(0.,0.,1.));
#4025=DIRECTION('',(1.,0.,0.));
#4026=DIRECTION('',(0.,1.,0.));
#4027=DIRECTION('',(0.,0.,1.));
#4028=DIRECTION('',(1.,0.,0.));
#4029=DIRECTION('',(0.,0.,1.));
#4030=DIRECTION('',(1.,0.,0.));
#4031=DIRECTION('',(0.,1.,0.));
#4032=DIRECTION('',(0.,0.,1.));
#4033=DIRECTION('',(1.,0.,0.));
#4034=DIRECTION('',(0.,1.,0.));
#4035=DIRECTION('',(0.,0.,1.));
#4036=DIRECTION('',(1.,0.,0.));
#4037=DIRECTION('',(0.,0.,1.));
#4038=DIRECTION('',(1.,0.,0.));
#4039=DIRECTION('',(0.,1.,0.));
#4040=DIRECTION('',(0.,0.,1.));
#4041=DIRECTION('',(1.,0.,0.));
#4042=DIRECTION('',(0.,1.,0.));
#4043=DIRECTION('',(0.,0.,1.));
#4044=DIRECTION('',(1.,0.,0.));
#4045=DIRECTION('',(0.,0.,1.));
#4046=DIRECTION('',(1.,0.,0.));
#4047=DIRECTION('',(0.,1.,0.));
#4048=DIRECTION('',(0.,0.,1.));
#4049=DIRECTION('',(1.,0.,0.));
#4050=DIRECTION('',(0.,1.,0.));
#4051=DIRECTION('',(0.,0.,1.));
#4052=DIRECTION('',(1.,0.,0.));
#4053=DIRECTION('',(0.,0.,1.));
#4054=DIRECTION('',(1.,0.,0.));
#4055=DIRECTION('',(0.,1.,0.));
#4056=DIRECTION('',(0.,0.,1.));
#4057=DIRECTION('',(1.,0.,0.));
#4058=DIRECTION('',(0.,1.,0.));
#4059=DIRECTION('',(0.,0.,1.));
#4060=DIRECTION('',(1.,0.,0.));
#4061=DIRECTION('',(0.,0.,1.));
#4062=DIRECTION('',(1.,0.,0.));
#4063=DIRECTION('',(0.,1.,0.));
#4064=DIRECTION('',(0.,0.,1.));
#4065=DIRECTION('',(1.,0.,0.));
#4066=DIRECTION('',(0.,1.,0.));
#4067=DIRECTION('',(0.,0.,1.));
#4068=DIRECTION('',(1.,0.,0.));
#4069=DIRECTION('',(0.,0.,1.));
#4070=DIRECTION('',(1.,0.,0.));
#4071=DIRECTION('',(0.,1.,0.));
#4072=DIRECTION('',(0.,0.,1.));
#4073=DIRECTION('',(1.,0.,0.));
#4074=DIRECTION('',(0.,1.,0.));
#4075=DIRECTION('',(0.,0.,1.));
#4076=DIRECTION('',(1.,0.,0.));
#4077=DIRECTION('',(0.,0.,1.));
#4078=DIRECTION('',(1.,0.,0.));
#4079=DIRECTION('',(0.,1.,0.));
#4080=DIRECTION('',(0.,0.,1.));
#4081=DIRECTION('',(1.,0.,0.));
#4082=DIRECTION('',(0.,1.,0.));
#4083=DIRECTION('',(0.,0.,1.));
#4084=DIRECTION('',(1.,0.,0.));
#4085=DIRECTION('',(0.,0.,1.));
#4086=DIRECTION('',(1.,0.,0.));
#4087=DIRECTION('',(0.,1.,0.));
#4088=DIRECTION('',(0.,0.,1.));
#4089=DIRECTION('',(1.,0.,0.));
#4090=DIRECTION('',(0.,1.,0.));
#4091=DIRECTION('',(0.,0.,1.));
#4092=DIRECTION('',(1.,0.,0.));
#4093=DIRECTION('',(0.,0.,1.));
#4094=DIRECTION('',(1.,0.,0.));
#4095=DIRECTION('',(0.,1.,0.));
#4096=DIRECTION('',(0.,0.,1.));
#4097=DIRECTION('',(1.,0.,0.));
#4098=DIRECTION('',(0.,1.,0.));
#4099=DIRECTION('',(0.,0.,1.));
#4100=DIRECTION('',(1.,0.,0.));
#4101=DIRECTION('',(0.,0.,1.));
#4102=DIRECTION('',(1.,0.,0.));
#4103=DIRECTION('',(0.,1.,0.));
#4104=DIRECTION('',(0.,0.,1.));
#4105=DIRECTION('',(1.,0.,0.));
#4106=DIRECTION('',(0.,1.,0.));
#4107=DIRECTION('',(0.,0.,1.));
#4108=DIRECTION('',(1.,0.,0.));
#4109=DIRECTION('',(0.,0.,1.));
#4110=DIRECTION('',(1.,0.,0.));
#4111=DIRECTION('',(0.,1.,0.));
#4112=DIRECTION('',(0.,0.,1.));
#4113=DIRECTION('',(1.,0.,0.));
#4114=DIRECTION('',(0.,1.,0.));
#4115=DIRECTION('',(0.,0.,1.));
#4116=DIRECTION('',(1.,0.,0.));
#4117=DIRECTION('',(0.,0.,1.));
#4118=DIRECTION('',(1.,0.,0.));
#4119=DIRECTION('',(0.,1.,0.));
#4120=DIRECTION('',(0.,0.,1.));
#4121=DIRECTION('',(1.,0.,0.));
#4122=DIRECTION('',(0.,1.,0.));
#4123=DIRECTION('',(0.,0.,1.));
#4124=DIRECTION('',(1.,0.,0.));
#4125=DIRECTION('',(0.,0.,1.));
#4126=DIRECTION('',(1.,0.,0.));
#4127=DIRECTION('',(0.,1.,0.));
#4128=DIRECTION('',(0.,0.,1.));
#4129=DIRECTION('',(1.,0.,0.));
#4130=DIRECTION('',(0.,1.,0.));
#4131=DIRECTION('',(0.,0.,1.));
#4132=DIRECTION('',(1.,0.,0.));
#4133=DIRECTION('',(0.,0.,1.));
#4134=DIRECTION('',(1.,0.,0.));
#4135=DIRECTION('',(0.,1.,0.));
#4136=DIRECTION('',(0.,0.,1.));
#4137=DIRECTION('',(1.,0.,0.));
#4138=DIRECTION('',(0.,1.,0.));
#4139=DIRECTION('',(0.,0.,1.));
#4140=DIRECTION('',(1.,0.,0.));
#4141=DIRECTION('',(0.,0.,1.));
#4142=DIRECTION('',(1.,0.,0.));
#4143=DIRECTION('',(0.,1.,0.));
#4144=DIRECTION('',(0.,0.,1.));
#4145=DIRECTION('',(1.,0.,0.));
#4146=DIRECTION('',(0.,1.,0.));
#4147=DIRECTION('',(0.,0.,1.));
#4148=DIRECTION('',(1.,0.,0.));
#4149=DIRECTION('',(0.,0.,1.));
#4150=DIRECTION('',(1.,0.,0.));
#4151=DIRECTION('',(0.,1.,0.));
#4152=DIRECTION('',(0.,0.,1.));
#4153=DIRECTION('',(1.,0.,0.));
#4154=DIRECTION('',(0.,1.,0.));
#4155=DIRECTION('',(0.,0.,1.));
#4156=DIRECTION('',(1.,0.,0.));
#4157=DIRECTION('',(0.,0.,1.));
#4158=DIRECTION('',(1.,0.,0.));
#4159=DIRECTION('',(0.,1.,0.));
#4160=DIRECTION('',(0.,0.,1.));
#4161=DIRECTION('',(1.,0.,0.));
#4162=DIRECTION('',(0.,1.,0.));
#4163=DIRECTION('',(0.,0.,1.));
#4164=DIRECTION('',(1.,0.,0.));
#4165=DIRECTION('',(0.,0.,1.));
#4166=DIRECTION('',(1.,0.,0.));
#4167=DIRECTION('',(0.,1.,0.));
#4168=DIRECTION('',(0.,0.,1.));
#4169=DIRECTION('',(1.,0.,0.));
#4170=DIRECTION('',(0.,1.,0.));
#4171=DIRECTION('',(0.,0.,1.));
#4172=DIRECTION('',(1.,0.,0.));
#4173=DIRECTION('',(0.,0.,1.));
#4174=DIRECTION('',(1.,0.,0.));
#4175=DIRECTION('',(0.,1.,0.));
#4176=DIRECTION('',(0.,0.,1.));
#4177=DIRECTION('',(1.,0.,0.));
#4178=DIRECTION('',(0.,1.,0.));
#4179=DIRECTION('',(0.,0.,1.));
#4180=DIRECTION('',(1.,0.,0.));
#4181=DIRECTION('',(0.,0.,1.));
#4182=DIRECTION('',(1.,0.,0.));
#4183=DIRECTION('',(1.,0.,0.));
#4184=DIRECTION('',(0.,0.,-1.));
#4185=DIRECTION('',(1.,0.,0.));
#4186=DIRECTION('',(0.,0.,-1.));
#4187=DIRECTION('',(1.,0.,0.));
#4188=DIRECTION('',(0.,0.,-1.));
#4189=DIRECTION('',(1.,0.,0.));
#4190=DIRECTION('',(0.,0.,-1.));
#4191=DIRECTION('',(1.,0.,0.));
#4192=DIRECTION('',(0.,0.,-1.));
#4193=DIRECTION('',(1.,0.,0.));
#4194=DIRECTION('',(0.,0.,-1.));
#4195=DIRECTION('',(1.,0.,0.));
#4196=DIRECTION('',(0.,0.,-1.));
#4197=DIRECTION('',(1.,0.,0.));
#4198=DIRECTION('',(0.,0.,-1.));
#4199=DIRECTION('',(1.,0.,0.));
#4200=DIRECTION('',(0.,0.,-1.));
#4201=DIRECTION('',(1.,0.,0.));
#4202=DIRECTION('',(0.,0.,-1.));
#4203=DIRECTION('',(1.,0.,0.));
#4204=DIRECTION('',(0.,0.,-1.));
#4205=DIRECTION('',(1.,0.,0.));
#4206=DIRECTION('',(0.,0.,-1.));
#4207=DIRECTION('',(1.,0.,0.));
#4208=DIRECTION('',(0.,0.,-1.));
#4209=DIRECTION('',(1.,0.,0.));
#4210=DIRECTION('',(0.,0.,-1.));
#4211=DIRECTION('',(1.,0.,0.));
#4212=DIRECTION('',(0.,0.,-1.));
#4213=DIRECTION('',(1.,0.,0.));
#4214=DIRECTION('',(0.,0.,-1.));
#4215=CARTESIAN_POINT('',(0.,0.,0.));
#4216=CARTESIAN_POINT('',(-0.0612862407729379,0.0544684258103371,0.005));
#4217=CARTESIAN_POINT('',(-0.0612862407729379,0.0564684258103371,0.0025));
#4218=CARTESIAN_POINT('',(-0.0612862407729379,0.0564684258103371,0.0015));
#4219=CARTESIAN_POINT('',(-0.0612862407729379,0.0594684258103371,0.0025));
#4220=CARTESIAN_POINT('',(-0.0612862407729379,0.0594684258103371,0.));
#4221=CARTESIAN_POINT('',(-0.0612862407729379,0.0594684258103371,0.005));
#4222=CARTESIAN_POINT('',(-0.0612862407729379,0.0544684258103371,0.005));
#4223=CARTESIAN_POINT('',(-0.0612862407729379,0.0469684258103371,0.005));
#4224=CARTESIAN_POINT('',(-0.0612862407729379,0.0469684258103371,0.005));
#4225=CARTESIAN_POINT('',(-0.0612862407729379,0.0469684258103371,0.));
#4226=CARTESIAN_POINT('',(-0.0612862407729379,0.0544684258103371,0.));
#4227=CARTESIAN_POINT('',(-0.0629362407729379,0.0544684258103371,0.005));
#4228=CARTESIAN_POINT('',(-0.0629362407729379,0.0564684258103371,0.0025));
#4229=CARTESIAN_POINT('',(-0.0629362407729379,0.0564684258103371,0.0015));
#4230=CARTESIAN_POINT('',(-0.0629362407729379,0.0544684258103371,0.005));
#4231=CARTESIAN_POINT('',(-0.0629362407729379,0.0594684258103371,0.005));
#4232=CARTESIAN_POINT('',(-0.0629362407729379,0.0469684258103371,0.005));
#4233=CARTESIAN_POINT('',(-0.0629362407729379,0.0594684258103371,0.0025));
#4234=CARTESIAN_POINT('',(-0.0629362407729379,0.0594684258103371,0.));
#4235=CARTESIAN_POINT('',(-0.0629362407729379,0.0544684258103371,0.));
#4236=CARTESIAN_POINT('',(-0.0629362407729379,0.0469684258103371,0.));
#4237=CARTESIAN_POINT('',(-0.0629362407729379,0.0469684258103371,0.005));
#4238=CARTESIAN_POINT('',(-0.0482862407729379,0.0544684258103371,0.005));
#4239=CARTESIAN_POINT('',(-0.0482862407729379,0.0564684258103371,0.0025));
#4240=CARTESIAN_POINT('',(-0.0482862407729379,0.0564684258103371,0.0015));
#4241=CARTESIAN_POINT('',(-0.0482862407729379,0.0594684258103371,0.0025));
#4242=CARTESIAN_POINT('',(-0.0482862407729379,0.0594684258103371,0.));
#4243=CARTESIAN_POINT('',(-0.0482862407729379,0.0594684258103371,0.005));
#4244=CARTESIAN_POINT('',(-0.0482862407729379,0.0544684258103371,0.005));
#4245=CARTESIAN_POINT('',(-0.0482862407729379,0.0469684258103371,0.005));
#4246=CARTESIAN_POINT('',(-0.0482862407729379,0.0469684258103371,0.005));
#4247=CARTESIAN_POINT('',(-0.0482862407729379,0.0469684258103371,0.));
#4248=CARTESIAN_POINT('',(-0.0482862407729379,0.0544684258103371,0.));
#4249=CARTESIAN_POINT('',(-0.0499362407729379,0.0544684258103371,0.005));
#4250=CARTESIAN_POINT('',(-0.0499362407729379,0.0564684258103371,0.0025));
#4251=CARTESIAN_POINT('',(-0.0499362407729379,0.0564684258103371,0.0015));
#4252=CARTESIAN_POINT('',(-0.0499362407729379,0.0544684258103371,0.005));
#4253=CARTESIAN_POINT('',(-0.0499362407729379,0.0594684258103371,0.005));
#4254=CARTESIAN_POINT('',(-0.0499362407729379,0.0469684258103371,0.005));
#4255=CARTESIAN_POINT('',(-0.0499362407729379,0.0594684258103371,0.0025));
#4256=CARTESIAN_POINT('',(-0.0499362407729379,0.0594684258103371,0.));
#4257=CARTESIAN_POINT('',(-0.0499362407729379,0.0544684258103371,0.));
#4258=CARTESIAN_POINT('',(-0.0499362407729379,0.0469684258103371,0.));
#4259=CARTESIAN_POINT('',(-0.0499362407729379,0.0469684258103371,0.005));
#4260=CARTESIAN_POINT('',(-0.0352862407729379,0.0544684258103371,0.005));
#4261=CARTESIAN_POINT('',(-0.0352862407729379,0.0564684258103371,0.0025));
#4262=CARTESIAN_POINT('',(-0.0352862407729379,0.0564684258103371,0.0015));
#4263=CARTESIAN_POINT('',(-0.0352862407729379,0.0594684258103371,0.0025));
#4264=CARTESIAN_POINT('',(-0.0352862407729379,0.0594684258103371,0.));
#4265=CARTESIAN_POINT('',(-0.0352862407729379,0.0594684258103371,0.005));
#4266=CARTESIAN_POINT('',(-0.0352862407729379,0.0544684258103371,0.005));
#4267=CARTESIAN_POINT('',(-0.0352862407729379,0.0469684258103371,0.005));
#4268=CARTESIAN_POINT('',(-0.0352862407729379,0.0469684258103371,0.005));
#4269=CARTESIAN_POINT('',(-0.0352862407729379,0.0469684258103371,0.));
#4270=CARTESIAN_POINT('',(-0.0352862407729379,0.0544684258103371,0.));
#4271=CARTESIAN_POINT('',(-0.0369362407729379,0.0544684258103371,0.005));
#4272=CARTESIAN_POINT('',(-0.0369362407729379,0.0564684258103371,0.0025));
#4273=CARTESIAN_POINT('',(-0.0369362407729379,0.0564684258103371,0.0015));
#4274=CARTESIAN_POINT('',(-0.0369362407729379,0.0544684258103371,0.005));
#4275=CARTESIAN_POINT('',(-0.0369362407729379,0.0594684258103371,0.005));
#4276=CARTESIAN_POINT('',(-0.0369362407729379,0.0469684258103371,0.005));
#4277=CARTESIAN_POINT('',(-0.0369362407729379,0.0594684258103371,0.0025));
#4278=CARTESIAN_POINT('',(-0.0369362407729379,0.0594684258103371,0.));
#4279=CARTESIAN_POINT('',(-0.0369362407729379,0.0544684258103371,0.));
#4280=CARTESIAN_POINT('',(-0.0369362407729379,0.0469684258103371,0.));
#4281=CARTESIAN_POINT('',(-0.0369362407729379,0.0469684258103371,0.005));
#4282=CARTESIAN_POINT('',(-0.0222862407729379,0.0544684258103371,0.005));
#4283=CARTESIAN_POINT('',(-0.0222862407729379,0.0564684258103371,0.0025));
#4284=CARTESIAN_POINT('',(-0.0222862407729379,0.0564684258103371,0.0015));
#4285=CARTESIAN_POINT('',(-0.0222862407729379,0.0594684258103371,0.0025));
#4286=CARTESIAN_POINT('',(-0.0222862407729379,0.0594684258103371,0.));
#4287=CARTESIAN_POINT('',(-0.0222862407729379,0.0594684258103371,0.005));
#4288=CARTESIAN_POINT('',(-0.0222862407729379,0.0544684258103371,0.005));
#4289=CARTESIAN_POINT('',(-0.0222862407729379,0.0469684258103371,0.005));
#4290=CARTESIAN_POINT('',(-0.0222862407729379,0.0469684258103371,0.005));
#4291=CARTESIAN_POINT('',(-0.0222862407729379,0.0469684258103371,0.));
#4292=CARTESIAN_POINT('',(-0.0222862407729379,0.0544684258103371,0.));
#4293=CARTESIAN_POINT('',(-0.0239362407729379,0.0544684258103371,0.005));
#4294=CARTESIAN_POINT('',(-0.0239362407729379,0.0564684258103371,0.0025));
#4295=CARTESIAN_POINT('',(-0.0239362407729379,0.0564684258103371,0.0015));
#4296=CARTESIAN_POINT('',(-0.0239362407729379,0.0544684258103371,0.005));
#4297=CARTESIAN_POINT('',(-0.0239362407729379,0.0594684258103371,0.005));
#4298=CARTESIAN_POINT('',(-0.0239362407729379,0.0469684258103371,0.005));
#4299=CARTESIAN_POINT('',(-0.0239362407729379,0.0594684258103371,0.0025));
#4300=CARTESIAN_POINT('',(-0.0239362407729379,0.0594684258103371,0.));
#4301=CARTESIAN_POINT('',(-0.0239362407729379,0.0544684258103371,0.));
#4302=CARTESIAN_POINT('',(-0.0239362407729379,0.0469684258103371,0.));
#4303=CARTESIAN_POINT('',(-0.0239362407729379,0.0469684258103371,0.005));
#4304=CARTESIAN_POINT('',(-0.0092862407729379,0.0544684258103371,0.005));
#4305=CARTESIAN_POINT('',(-0.00928624077293791,0.0564684258103371,0.0025));
#4306=CARTESIAN_POINT('',(-0.00928624077293791,0.0564684258103371,0.0015));
#4307=CARTESIAN_POINT('',(-0.00928624077293791,0.0594684258103371,0.0025));
#4308=CARTESIAN_POINT('',(-0.00928624077293791,0.0594684258103371,0.));
#4309=CARTESIAN_POINT('',(-0.00928624077293791,0.0594684258103371,0.005));
#4310=CARTESIAN_POINT('',(-0.0092862407729379,0.0544684258103371,0.005));
#4311=CARTESIAN_POINT('',(-0.0092862407729379,0.0469684258103371,0.005));
#4312=CARTESIAN_POINT('',(-0.0092862407729379,0.0469684258103371,0.005));
#4313=CARTESIAN_POINT('',(-0.0092862407729379,0.0469684258103371,0.));
#4314=CARTESIAN_POINT('',(-0.0092862407729379,0.0544684258103371,0.));
#4315=CARTESIAN_POINT('',(-0.0109362407729379,0.0544684258103371,0.005));
#4316=CARTESIAN_POINT('',(-0.0109362407729379,0.0564684258103371,0.0025));
#4317=CARTESIAN_POINT('',(-0.0109362407729379,0.0564684258103371,0.0015));
#4318=CARTESIAN_POINT('',(-0.0109362407729379,0.0544684258103371,0.005));
#4319=CARTESIAN_POINT('',(-0.0109362407729379,0.0594684258103371,0.005));
#4320=CARTESIAN_POINT('',(-0.0109362407729379,0.0469684258103371,0.005));
#4321=CARTESIAN_POINT('',(-0.0109362407729379,0.0594684258103371,0.0025));
#4322=CARTESIAN_POINT('',(-0.0109362407729379,0.0594684258103371,0.));
#4323=CARTESIAN_POINT('',(-0.0109362407729379,0.0544684258103371,0.));
#4324=CARTESIAN_POINT('',(-0.0109362407729379,0.0469684258103371,0.));
#4325=CARTESIAN_POINT('',(-0.0109362407729379,0.0469684258103371,0.005));
#4326=CARTESIAN_POINT('',(0.00371375922706209,0.0544684258103371,0.005));
#4327=CARTESIAN_POINT('',(0.0037137592270621,0.0564684258103371,0.0025));
#4328=CARTESIAN_POINT('',(0.0037137592270621,0.0574684258103371,0.0025));
#4329=CARTESIAN_POINT('',(0.0037137592270621,0.0594684258103371,0.0025));
#4330=CARTESIAN_POINT('',(0.0037137592270621,0.0594684258103371,0.));
#4331=CARTESIAN_POINT('',(0.0037137592270621,0.0594684258103371,0.005));
#4332=CARTESIAN_POINT('',(0.00371375922706209,0.0544684258103371,0.005));
#4333=CARTESIAN_POINT('',(0.00371375922706209,0.0469684258103371,0.005));
#4334=CARTESIAN_POINT('',(0.00371375922706209,0.0469684258103371,0.005));
#4335=CARTESIAN_POINT('',(0.00371375922706209,0.0469684258103371,0.));
#4336=CARTESIAN_POINT('',(0.00371375922706209,0.0544684258103371,0.));
#4337=CARTESIAN_POINT('',(0.00206375922706209,0.0544684258103371,0.005));
#4338=CARTESIAN_POINT('',(0.00206375922706209,0.0564684258103371,0.0025));
#4339=CARTESIAN_POINT('',(0.00206375922706209,0.0574684258103371,0.0025));
#4340=CARTESIAN_POINT('',(0.00206375922706209,0.0544684258103371,0.005));
#4341=CARTESIAN_POINT('',(0.00206375922706209,0.0594684258103371,0.005));
#4342=CARTESIAN_POINT('',(0.00206375922706209,0.0469684258103371,0.005));
#4343=CARTESIAN_POINT('',(0.00206375922706209,0.0594684258103371,0.0025));
#4344=CARTESIAN_POINT('',(0.00206375922706209,0.0594684258103371,0.));
#4345=CARTESIAN_POINT('',(0.00206375922706209,0.0544684258103371,0.));
#4346=CARTESIAN_POINT('',(0.00206375922706209,0.0469684258103371,0.));
#4347=CARTESIAN_POINT('',(0.00206375922706209,0.0469684258103371,0.005));
#4348=CARTESIAN_POINT('',(0.0167137592270621,0.0544684258103371,0.005));
#4349=CARTESIAN_POINT('',(0.0167137592270621,0.0564684258103371,0.0025));
#4350=CARTESIAN_POINT('',(0.0167137592270621,0.0564684258103371,0.0015));
#4351=CARTESIAN_POINT('',(0.0167137592270621,0.0594684258103371,0.0025));
#4352=CARTESIAN_POINT('',(0.0167137592270621,0.0594684258103371,0.));
#4353=CARTESIAN_POINT('',(0.0167137592270621,0.0594684258103371,0.005));
#4354=CARTESIAN_POINT('',(0.0167137592270621,0.0544684258103371,0.005));
#4355=CARTESIAN_POINT('',(0.0167137592270621,0.0469684258103371,0.005));
#4356=CARTESIAN_POINT('',(0.0167137592270621,0.0469684258103371,0.005));
#4357=CARTESIAN_POINT('',(0.0167137592270621,0.0469684258103371,0.));
#4358=CARTESIAN_POINT('',(0.0167137592270621,0.0544684258103371,0.));
#4359=CARTESIAN_POINT('',(0.0150637592270621,0.0544684258103371,0.005));
#4360=CARTESIAN_POINT('',(0.0150637592270621,0.0564684258103371,0.0025));
#4361=CARTESIAN_POINT('',(0.0150637592270621,0.0564684258103371,0.0015));
#4362=CARTESIAN_POINT('',(0.0150637592270621,0.0544684258103371,0.005));
#4363=CARTESIAN_POINT('',(0.0150637592270621,0.0594684258103371,0.005));
#4364=CARTESIAN_POINT('',(0.0150637592270621,0.0469684258103371,0.005));
#4365=CARTESIAN_POINT('',(0.0150637592270621,0.0594684258103371,0.0025));
#4366=CARTESIAN_POINT('',(0.0150637592270621,0.0594684258103371,0.));
#4367=CARTESIAN_POINT('',(0.0150637592270621,0.0544684258103371,0.));
#4368=CARTESIAN_POINT('',(0.0150637592270621,0.0469684258103371,0.));
#4369=CARTESIAN_POINT('',(0.0150637592270621,0.0469684258103371,0.005));
#4370=CARTESIAN_POINT('',(0.0297137592270621,0.0544684258103371,0.005));
#4371=CARTESIAN_POINT('',(0.0297137592270621,0.0564684258103371,0.0025));
#4372=CARTESIAN_POINT('',(0.0297137592270621,0.0564684258103371,0.0015));
#4373=CARTESIAN_POINT('',(0.0297137592270621,0.0594684258103371,0.0025));
#4374=CARTESIAN_POINT('',(0.0297137592270621,0.0594684258103371,0.));
#4375=CARTESIAN_POINT('',(0.0297137592270621,0.0594684258103371,0.005));
#4376=CARTESIAN_POINT('',(0.0297137592270621,0.0544684258103371,0.005));
#4377=CARTESIAN_POINT('',(0.0297137592270621,0.0469684258103371,0.005));
#4378=CARTESIAN_POINT('',(0.0297137592270621,0.0469684258103371,0.005));
#4379=CARTESIAN_POINT('',(0.0297137592270621,0.0469684258103371,0.));
#4380=CARTESIAN_POINT('',(0.0297137592270621,0.0544684258103371,0.));
#4381=CARTESIAN_POINT('',(0.0280637592270621,0.0544684258103371,0.005));
#4382=CARTESIAN_POINT('',(0.0280637592270621,0.0564684258103371,0.0025));
#4383=CARTESIAN_POINT('',(0.0280637592270621,0.0564684258103371,0.0015));
#4384=CARTESIAN_POINT('',(0.0280637592270621,0.0544684258103371,0.005));
#4385=CARTESIAN_POINT('',(0.0280637592270621,0.0594684258103371,0.005));
#4386=CARTESIAN_POINT('',(0.0280637592270621,0.0469684258103371,0.005));
#4387=CARTESIAN_POINT('',(0.0280637592270621,0.0594684258103371,0.0025));
#4388=CARTESIAN_POINT('',(0.0280637592270621,0.0594684258103371,0.));
#4389=CARTESIAN_POINT('',(0.0280637592270621,0.0544684258103371,0.));
#4390=CARTESIAN_POINT('',(0.0280637592270621,0.0469684258103371,0.));
#4391=CARTESIAN_POINT('',(0.0280637592270621,0.0469684258103371,0.005));
#4392=CARTESIAN_POINT('',(-0.0621112407729379,-0.253031574189663,0.005));
#4393=CARTESIAN_POINT('',(-0.0621112407729379,-0.253031574189663,0.));
#4394=CARTESIAN_POINT('',(-0.0646112407729379,-0.253031574189663,0.));
#4395=CARTESIAN_POINT('',(-0.0596112407729379,-0.253031574189663,0.));
#4396=CARTESIAN_POINT('',(-0.0596112407729379,-0.253031574189663,0.005));
#4397=CARTESIAN_POINT('',(-0.0596112407729379,-0.253031574189663,0.005));
#4398=CARTESIAN_POINT('',(-0.0621112407729379,-0.253031574189663,0.005));
#4399=CARTESIAN_POINT('',(-0.0646112407729379,-0.253031574189663,0.005));
#4400=CARTESIAN_POINT('',(-0.0646112407729379,-0.253031574189663,0.005));
#4401=CARTESIAN_POINT('',(-0.0596112407729379,0.0405758123099804,0.005));
#4402=CARTESIAN_POINT('',(-0.0596112407729379,0.0241831988096237,0.0005));
#4403=CARTESIAN_POINT('',(-0.0596112407729379,0.0241831988096237,0.0005));
#4404=CARTESIAN_POINT('',(-0.0596112407729379,0.0241831988096237,0.));
#4405=CARTESIAN_POINT('',(-0.0596112407729379,0.0291831988096237,0.0005));
#4406=CARTESIAN_POINT('',(-0.0596112407729379,0.0341831988096237,0.0005));
#4407=CARTESIAN_POINT('',(-0.0596112407729379,0.0341831988096237,0.0005));
#4408=CARTESIAN_POINT('',(-0.0596112407729379,0.0341831988096237,0.));
#4409=CARTESIAN_POINT('',(-0.0596112407729379,0.0405758123099804,0.));
#4410=CARTESIAN_POINT('',(-0.0596112407729379,0.0469684258103371,0.));
#4411=CARTESIAN_POINT('',(-0.0596112407729379,0.0469684258103371,0.005));
#4412=CARTESIAN_POINT('',(-0.0596112407729379,0.0469684258103371,0.005));
#4413=CARTESIAN_POINT('',(-0.0596112407729379,0.0405758123099804,0.005));
#4414=CARTESIAN_POINT('',(-0.0596112407729379,0.0405758123099804,0.));
#4415=CARTESIAN_POINT('',(-0.0596112407729379,-0.191279707476497,0.));
#4416=CARTESIAN_POINT('',(-0.0596112407729379,-0.191279707476497,0.0005));
#4417=CARTESIAN_POINT('',(-0.0596112407729379,-0.191279707476497,0.0005));
#4418=CARTESIAN_POINT('',(-0.0596112407729379,-0.186279707476497,0.0005));
#4419=CARTESIAN_POINT('',(-0.0596112407729379,-0.181279707476497,0.0005));
#4420=CARTESIAN_POINT('',(-0.0596112407729379,-0.181279707476497,0.0005));
#4421=CARTESIAN_POINT('',(-0.0596112407729379,-0.181279707476497,0.));
#4422=CARTESIAN_POINT('',(-0.0596112407729379,0.0405758123099804,0.));
#4423=CARTESIAN_POINT('',(-0.0596112407729379,-0.0846540555357933,0.));
#4424=CARTESIAN_POINT('',(-0.0596112407729379,-0.0846540555357933,0.0005));
#4425=CARTESIAN_POINT('',(-0.0596112407729379,-0.0846540555357933,0.0005));
#4426=CARTESIAN_POINT('',(-0.0596112407729379,-0.0796540555357933,0.0005));
#4427=CARTESIAN_POINT('',(-0.0596112407729379,-0.0746540555357933,0.0005));
#4428=CARTESIAN_POINT('',(-0.0596112407729379,-0.0746540555357933,0.0005));
#4429=CARTESIAN_POINT('',(-0.0596112407729379,-0.0746540555357933,0.));
#4430=CARTESIAN_POINT('',(-0.0596112407729379,0.0405758123099804,0.));
#4431=CARTESIAN_POINT('',(-0.0604487407729379,0.0469684258103371,0.005));
#4432=CARTESIAN_POINT('',(-0.0604487407729379,0.0469684258103371,0.));
#4433=CARTESIAN_POINT('',(-0.0604487407729379,0.0469684258103371,0.005));
#4434=CARTESIAN_POINT('',(-0.0637737407729379,0.0469684258103371,0.005));
#4435=CARTESIAN_POINT('',(-0.0637737407729379,0.0469684258103371,0.));
#4436=CARTESIAN_POINT('',(-0.0646112407729379,0.0469684258103371,0.));
#4437=CARTESIAN_POINT('',(-0.0646112407729379,0.0469684258103371,0.005));
#4438=CARTESIAN_POINT('',(-0.0646112407729379,0.0469684258103371,0.005));
#4439=CARTESIAN_POINT('',(-0.0637737407729379,0.0469684258103371,0.005));
#4440=CARTESIAN_POINT('',(-0.0646112407729379,0.0405758123099804,0.005));
#4441=CARTESIAN_POINT('',(-0.0646112407729379,0.0405758123099804,0.));
#4442=CARTESIAN_POINT('',(-0.0646112407729379,0.0405758123099804,0.005));
#4443=CARTESIAN_POINT('',(-0.0166112407729379,-0.0955315741896629,0.005));
#4444=CARTESIAN_POINT('',(-0.170286240772938,0.0594684258103371,0.005));
#4445=CARTESIAN_POINT('',(-0.0166112407729379,-0.0955315741896629,0.));
#4446=CARTESIAN_POINT('',(-0.0556112407729379,0.0241831988096237,0.));
#4447=CARTESIAN_POINT('',(-0.0516112407729379,0.0241831988096237,0.));
#4448=CARTESIAN_POINT('',(-0.0556112407729379,-0.0746540555357933,0.));
#4449=CARTESIAN_POINT('',(-0.0516112407729379,-0.0746540555357933,0.));
#4450=CARTESIAN_POINT('',(-0.0516112407729379,-0.22215564083308,0.));
#4451=CARTESIAN_POINT('',(-0.0556112407729379,-0.0846540555357933,0.));
#4452=CARTESIAN_POINT('',(-0.0516112407729379,-0.0846540555357933,0.));
#4453=CARTESIAN_POINT('',(-0.0556112407729379,-0.181279707476497,0.));
#4454=CARTESIAN_POINT('',(-0.0516112407729379,-0.181279707476497,0.));
#4455=CARTESIAN_POINT('',(-0.0516112407729379,-0.22215564083308,0.));
#4456=CARTESIAN_POINT('',(-0.170286240772938,0.0594684258103371,0.));
#4457=CARTESIAN_POINT('',(-0.0556112407729379,0.0341831988096237,0.));
#4458=CARTESIAN_POINT('',(-0.0516112407729379,0.0341831988096237,0.));
#4459=CARTESIAN_POINT('',(-0.0516112407729379,-0.22215564083308,0.));
#4460=CARTESIAN_POINT('',(-0.0516112407729379,0.0469684258103371,0.));
#4461=CARTESIAN_POINT('',(-0.0507737407729379,0.0469684258103371,0.));
#4462=CARTESIAN_POINT('',(-0.170286240772938,0.0594684258103371,0.));
#4463=CARTESIAN_POINT('',(-0.0474487407729379,0.0469684258103371,0.));
#4464=CARTESIAN_POINT('',(-0.0466112407729379,0.0469684258103371,0.));
#4465=CARTESIAN_POINT('',(-0.0466112407729379,-0.22215564083308,0.));
#4466=CARTESIAN_POINT('',(-0.0466112407729379,0.0341831988096237,0.));
#4467=CARTESIAN_POINT('',(-0.0426112407729379,0.0341831988096237,0.));
#4468=CARTESIAN_POINT('',(-0.0386112407729379,0.0341831988096237,0.));
#4469=CARTESIAN_POINT('',(-0.0386112407729379,0.0291831988096237,0.));
#4470=CARTESIAN_POINT('',(-0.0386112407729379,0.0469684258103371,0.));
#4471=CARTESIAN_POINT('',(-0.0377737407729379,0.0469684258103371,0.));
#4472=CARTESIAN_POINT('',(-0.170286240772938,0.0594684258103371,0.));
#4473=CARTESIAN_POINT('',(-0.0344487407729379,0.0469684258103371,0.));
#4474=CARTESIAN_POINT('',(-0.0336112407729379,0.0469684258103371,0.));
#4475=CARTESIAN_POINT('',(-0.0336112407729379,0.0291831988096237,0.));
#4476=CARTESIAN_POINT('',(-0.0336112407729379,0.0341831988096237,0.));
#4477=CARTESIAN_POINT('',(-0.0296112407729379,0.0341831988096237,0.));
#4478=CARTESIAN_POINT('',(-0.0256112407729379,0.0341831988096237,0.));
#4479=CARTESIAN_POINT('',(-0.0256112407729379,-0.22215564083308,0.));
#4480=CARTESIAN_POINT('',(-0.0256112407729379,0.0469684258103371,0.));
#4481=CARTESIAN_POINT('',(-0.0247737407729379,0.0469684258103371,0.));
#4482=CARTESIAN_POINT('',(-0.170286240772938,0.0594684258103371,0.));
#4483=CARTESIAN_POINT('',(-0.0214487407729379,0.0469684258103371,0.));
#4484=CARTESIAN_POINT('',(-0.0206112407729379,0.0469684258103371,0.));
#4485=CARTESIAN_POINT('',(-0.0206112407729379,-0.22215564083308,0.));
#4486=CARTESIAN_POINT('',(-0.0206112407729379,0.0341831988096237,0.));
#4487=CARTESIAN_POINT('',(-0.0166112407729379,0.0341831988096237,0.));
#4488=CARTESIAN_POINT('',(-0.0126112407729379,0.0341831988096237,0.));
#4489=CARTESIAN_POINT('',(-0.0126112407729379,0.0405758123099804,0.));
#4490=CARTESIAN_POINT('',(-0.0126112407729379,0.0469684258103371,0.));
#4491=CARTESIAN_POINT('',(-0.0117737407729379,0.0469684258103371,0.));
#4492=CARTESIAN_POINT('',(-0.170286240772938,0.0594684258103371,0.));
#4493=CARTESIAN_POINT('',(-0.0084487407729379,0.0469684258103371,0.));
#4494=CARTESIAN_POINT('',(-0.0076112407729379,0.0469684258103371,0.));
#4495=CARTESIAN_POINT('',(-0.0076112407729379,0.0405758123099804,0.));
#4496=CARTESIAN_POINT('',(-0.0076112407729379,0.0341831988096237,0.));
#4497=CARTESIAN_POINT('',(-0.00361124077293791,0.0341831988096237,0.));
#4498=CARTESIAN_POINT('',(0.000388759227062098,0.0341831988096237,0.));
#4499=CARTESIAN_POINT('',(0.000388759227062101,-0.0252354283630848,0.));
#4500=CARTESIAN_POINT('',(0.000388759227062098,0.0469684258103371,0.));
#4501=CARTESIAN_POINT('',(0.0012262592270621,0.0469684258103371,0.));
#4502=CARTESIAN_POINT('',(-0.170286240772938,0.0594684258103371,0.));
#4503=CARTESIAN_POINT('',(0.0045512592270621,0.0469684258103371,0.));
#4504=CARTESIAN_POINT('',(0.0053887592270621,0.0469684258103371,0.));
#4505=CARTESIAN_POINT('',(0.0053887592270621,-0.0252354283630848,0.));
#4506=CARTESIAN_POINT('',(0.0053887592270621,0.0341831988096237,0.));
#4507=CARTESIAN_POINT('',(0.0093887592270621,0.0341831988096237,0.));
#4508=CARTESIAN_POINT('',(0.0133887592270621,0.0341831988096237,0.));
#4509=CARTESIAN_POINT('',(0.0133887592270621,-0.0252354283630848,0.));
#4510=CARTESIAN_POINT('',(0.0133887592270621,0.0469684258103371,0.));
#4511=CARTESIAN_POINT('',(0.0142262592270621,0.0469684258103371,0.));
#4512=CARTESIAN_POINT('',(-0.170286240772938,0.0594684258103371,0.));
#4513=CARTESIAN_POINT('',(0.0175512592270621,0.0469684258103371,0.));
#4514=CARTESIAN_POINT('',(0.0183887592270621,0.0469684258103371,0.));
#4515=CARTESIAN_POINT('',(0.0183887592270621,-0.0252354283630848,0.));
#4516=CARTESIAN_POINT('',(0.0183887592270621,0.0341831988096237,0.));
#4517=CARTESIAN_POINT('',(0.0223887592270621,0.0341831988096237,0.));
#4518=CARTESIAN_POINT('',(0.0263887592270621,0.0341831988096237,0.));
#4519=CARTESIAN_POINT('',(0.0263887592270621,-0.0252354283630848,0.));
#4520=CARTESIAN_POINT('',(0.0263887592270621,0.0469684258103371,0.));
#4521=CARTESIAN_POINT('',(0.0272262592270621,0.0469684258103371,0.));
#4522=CARTESIAN_POINT('',(-0.170286240772938,0.0594684258103371,0.));
#4523=CARTESIAN_POINT('',(0.0305512592270621,0.0469684258103371,0.));
#4524=CARTESIAN_POINT('',(0.0313887592270621,0.0469684258103371,0.));
#4525=CARTESIAN_POINT('',(0.0313887592270621,-0.0252354283630848,0.));
#4526=CARTESIAN_POINT('',(0.0313887592270621,-0.253031574189663,0.));
#4527=CARTESIAN_POINT('',(0.0288887592270621,-0.253031574189663,0.));
#4528=CARTESIAN_POINT('',(0.0263887592270621,-0.253031574189663,0.));
#4529=CARTESIAN_POINT('',(0.0263887592270621,-0.0252354283630848,0.));
#4530=CARTESIAN_POINT('',(0.0263887592270621,-0.191279707476497,0.));
#4531=CARTESIAN_POINT('',(0.0223887592270621,-0.191279707476497,0.));
#4532=CARTESIAN_POINT('',(0.0183887592270621,-0.191279707476497,0.));
#4533=CARTESIAN_POINT('',(0.0183887592270621,-0.0252354283630848,0.));
#4534=CARTESIAN_POINT('',(0.0183887592270621,-0.253031574189663,0.));
#4535=CARTESIAN_POINT('',(0.0158887592270621,-0.253031574189663,0.));
#4536=CARTESIAN_POINT('',(0.0133887592270621,-0.253031574189663,0.));
#4537=CARTESIAN_POINT('',(0.0133887592270621,-0.0252354283630848,0.));
#4538=CARTESIAN_POINT('',(0.0133887592270621,-0.191279707476497,0.));
#4539=CARTESIAN_POINT('',(0.00938875922706211,-0.191279707476497,0.));
#4540=CARTESIAN_POINT('',(0.00538875922706211,-0.191279707476497,0.));
#4541=CARTESIAN_POINT('',(0.0053887592270621,-0.0252354283630848,0.));
#4542=CARTESIAN_POINT('',(0.00538875922706212,-0.253031574189663,0.));
#4543=CARTESIAN_POINT('',(0.00288875922706212,-0.253031574189663,0.));
#4544=CARTESIAN_POINT('',(0.000388759227062115,-0.253031574189663,0.));
#4545=CARTESIAN_POINT('',(0.000388759227062101,-0.0252354283630848,0.));
#4546=CARTESIAN_POINT('',(0.000388759227062111,-0.191279707476497,0.));
#4547=CARTESIAN_POINT('',(-0.00361124077293789,-0.191279707476497,0.));
#4548=CARTESIAN_POINT('',(-0.00761124077293789,-0.191279707476497,0.));
#4549=CARTESIAN_POINT('',(-0.0076112407729379,0.0405758123099804,0.));
#4550=CARTESIAN_POINT('',(-0.00761124077293789,-0.253031574189663,0.));
#4551=CARTESIAN_POINT('',(-0.0101112407729379,-0.253031574189663,0.));
#4552=CARTESIAN_POINT('',(-0.0126112407729379,-0.253031574189663,0.));
#4553=CARTESIAN_POINT('',(-0.0126112407729379,0.0405758123099804,0.));
#4554=CARTESIAN_POINT('',(-0.0126112407729379,-0.191279707476497,0.));
#4555=CARTESIAN_POINT('',(-0.0166112407729379,-0.191279707476497,0.));
#4556=CARTESIAN_POINT('',(-0.0206112407729379,-0.191279707476497,0.));
#4557=CARTESIAN_POINT('',(-0.0206112407729379,-0.22215564083308,0.));
#4558=CARTESIAN_POINT('',(-0.0206112407729379,-0.253031574189663,0.));
#4559=CARTESIAN_POINT('',(-0.0231112407729379,-0.253031574189663,0.));
#4560=CARTESIAN_POINT('',(-0.0256112407729379,-0.253031574189663,0.));
#4561=CARTESIAN_POINT('',(-0.0256112407729379,-0.22215564083308,0.));
#4562=CARTESIAN_POINT('',(-0.0256112407729379,-0.191279707476497,0.));
#4563=CARTESIAN_POINT('',(-0.0296112407729379,-0.191279707476497,0.));
#4564=CARTESIAN_POINT('',(-0.0336112407729379,-0.191279707476497,0.));
#4565=CARTESIAN_POINT('',(-0.0336112407729379,0.0291831988096237,0.));
#4566=CARTESIAN_POINT('',(-0.0336112407729379,-0.253031574189663,0.));
#4567=CARTESIAN_POINT('',(-0.0361112407729379,-0.253031574189663,0.));
#4568=CARTESIAN_POINT('',(-0.0386112407729379,-0.253031574189663,0.));
#4569=CARTESIAN_POINT('',(-0.0386112407729379,0.0291831988096237,0.));
#4570=CARTESIAN_POINT('',(-0.0386112407729379,-0.191279707476497,0.));
#4571=CARTESIAN_POINT('',(-0.0426112407729379,-0.191279707476497,0.));
#4572=CARTESIAN_POINT('',(-0.0466112407729379,-0.191279707476497,0.));
#4573=CARTESIAN_POINT('',(-0.0466112407729379,-0.22215564083308,0.));
#4574=CARTESIAN_POINT('',(-0.0466112407729379,-0.253031574189663,0.));
#4575=CARTESIAN_POINT('',(-0.0491112407729379,-0.253031574189663,0.));
#4576=CARTESIAN_POINT('',(-0.0516112407729379,-0.253031574189663,0.));
#4577=CARTESIAN_POINT('',(-0.0516112407729379,-0.22215564083308,0.));
#4578=CARTESIAN_POINT('',(-0.0516112407729379,-0.191279707476497,0.));
#4579=CARTESIAN_POINT('',(-0.0556112407729379,-0.191279707476497,0.));
#4580=CARTESIAN_POINT('',(-0.0426112407729379,0.0241831988096237,0.));
#4581=CARTESIAN_POINT('',(-0.0466112407729379,0.0241831988096237,0.));
#4582=CARTESIAN_POINT('',(-0.0386112407729379,0.0241831988096237,0.));
#4583=CARTESIAN_POINT('',(-0.0466112407729379,-0.22215564083308,0.));
#4584=CARTESIAN_POINT('',(-0.0466112407729379,-0.0746540555357933,0.));
#4585=CARTESIAN_POINT('',(-0.0426112407729379,-0.0746540555357933,0.));
#4586=CARTESIAN_POINT('',(-0.0386112407729379,-0.0746540555357933,0.));
#4587=CARTESIAN_POINT('',(-0.0386112407729379,0.0291831988096237,0.));
#4588=CARTESIAN_POINT('',(-0.0426112407729379,-0.0846540555357933,0.));
#4589=CARTESIAN_POINT('',(-0.0466112407729379,-0.0846540555357933,0.));
#4590=CARTESIAN_POINT('',(-0.0386112407729379,-0.0846540555357933,0.));
#4591=CARTESIAN_POINT('',(-0.0466112407729379,-0.22215564083308,0.));
#4592=CARTESIAN_POINT('',(-0.0466112407729379,-0.181279707476497,0.));
#4593=CARTESIAN_POINT('',(-0.0426112407729379,-0.181279707476497,0.));
#4594=CARTESIAN_POINT('',(-0.0386112407729379,-0.181279707476497,0.));
#4595=CARTESIAN_POINT('',(-0.0386112407729379,0.0291831988096237,0.));
#4596=CARTESIAN_POINT('',(-0.0296112407729379,0.0241831988096237,0.));
#4597=CARTESIAN_POINT('',(-0.0336112407729379,0.0241831988096237,0.));
#4598=CARTESIAN_POINT('',(-0.0256112407729379,0.0241831988096237,0.));
#4599=CARTESIAN_POINT('',(-0.0336112407729379,0.0291831988096237,0.));
#4600=CARTESIAN_POINT('',(-0.0336112407729379,-0.0746540555357933,0.));
#4601=CARTESIAN_POINT('',(-0.0296112407729379,-0.0746540555357933,0.));
#4602=CARTESIAN_POINT('',(-0.0256112407729379,-0.0746540555357933,0.));
#4603=CARTESIAN_POINT('',(-0.0256112407729379,-0.22215564083308,0.));
#4604=CARTESIAN_POINT('',(-0.0296112407729379,-0.0846540555357933,0.));
#4605=CARTESIAN_POINT('',(-0.0336112407729379,-0.0846540555357933,0.));
#4606=CARTESIAN_POINT('',(-0.0256112407729379,-0.0846540555357933,0.));
#4607=CARTESIAN_POINT('',(-0.0336112407729379,0.0291831988096237,0.));
#4608=CARTESIAN_POINT('',(-0.0336112407729379,-0.181279707476497,0.));
#4609=CARTESIAN_POINT('',(-0.0296112407729379,-0.181279707476497,0.));
#4610=CARTESIAN_POINT('',(-0.0256112407729379,-0.181279707476497,0.));
#4611=CARTESIAN_POINT('',(-0.0256112407729379,-0.22215564083308,0.));
#4612=CARTESIAN_POINT('',(-0.0166112407729379,0.0241831988096237,0.));
#4613=CARTESIAN_POINT('',(-0.0206112407729379,0.0241831988096237,0.));
#4614=CARTESIAN_POINT('',(-0.0126112407729379,0.0241831988096237,0.));
#4615=CARTESIAN_POINT('',(-0.0206112407729379,-0.22215564083308,0.));
#4616=CARTESIAN_POINT('',(-0.0206112407729379,-0.0746540555357933,0.));
#4617=CARTESIAN_POINT('',(-0.0166112407729379,-0.0746540555357933,0.));
#4618=CARTESIAN_POINT('',(-0.0126112407729379,-0.0746540555357933,0.));
#4619=CARTESIAN_POINT('',(-0.0126112407729379,0.0405758123099804,0.));
#4620=CARTESIAN_POINT('',(-0.0166112407729379,-0.0846540555357933,0.));
#4621=CARTESIAN_POINT('',(-0.0206112407729379,-0.0846540555357933,0.));
#4622=CARTESIAN_POINT('',(-0.0126112407729379,-0.0846540555357933,0.));
#4623=CARTESIAN_POINT('',(-0.0206112407729379,-0.22215564083308,0.));
#4624=CARTESIAN_POINT('',(-0.0206112407729379,-0.181279707476497,0.));
#4625=CARTESIAN_POINT('',(-0.0166112407729379,-0.181279707476497,0.));
#4626=CARTESIAN_POINT('',(-0.0126112407729379,-0.181279707476497,0.));
#4627=CARTESIAN_POINT('',(-0.0126112407729379,0.0405758123099804,0.));
#4628=CARTESIAN_POINT('',(-0.0036112407729379,0.0241831988096237,0.));
#4629=CARTESIAN_POINT('',(-0.0076112407729379,0.0241831988096237,0.));
#4630=CARTESIAN_POINT('',(0.000388759227062098,0.0241831988096237,0.));
#4631=CARTESIAN_POINT('',(-0.0076112407729379,0.0405758123099804,0.));
#4632=CARTESIAN_POINT('',(-0.0076112407729379,-0.0746540555357933,0.));
#4633=CARTESIAN_POINT('',(-0.0036112407729379,-0.0746540555357933,0.));
#4634=CARTESIAN_POINT('',(0.000388759227062104,-0.0746540555357933,0.));
#4635=CARTESIAN_POINT('',(0.000388759227062101,-0.0252354283630848,0.));
#4636=CARTESIAN_POINT('',(-0.0036112407729379,-0.0846540555357933,0.));
#4637=CARTESIAN_POINT('',(-0.00761124077293789,-0.0846540555357933,0.));
#4638=CARTESIAN_POINT('',(0.000388759227062104,-0.0846540555357933,0.));
#4639=CARTESIAN_POINT('',(-0.0076112407729379,0.0405758123099804,0.));
#4640=CARTESIAN_POINT('',(-0.00761124077293789,-0.181279707476497,0.));
#4641=CARTESIAN_POINT('',(-0.00361124077293789,-0.181279707476497,0.));
#4642=CARTESIAN_POINT('',(0.000388759227062111,-0.181279707476497,0.));
#4643=CARTESIAN_POINT('',(0.000388759227062101,-0.0252354283630848,0.));
#4644=CARTESIAN_POINT('',(0.0093887592270621,0.0241831988096237,0.));
#4645=CARTESIAN_POINT('',(0.0053887592270621,0.0241831988096237,0.));
#4646=CARTESIAN_POINT('',(0.0133887592270621,0.0241831988096237,0.));
#4647=CARTESIAN_POINT('',(0.0053887592270621,-0.0252354283630848,0.));
#4648=CARTESIAN_POINT('',(0.00538875922706211,-0.0746540555357933,0.));
#4649=CARTESIAN_POINT('',(0.0093887592270621,-0.0746540555357933,0.));
#4650=CARTESIAN_POINT('',(0.0133887592270621,-0.0746540555357933,0.));
#4651=CARTESIAN_POINT('',(0.0133887592270621,-0.0252354283630848,0.));
#4652=CARTESIAN_POINT('',(0.0093887592270621,-0.0846540555357933,0.));
#4653=CARTESIAN_POINT('',(0.00538875922706211,-0.0846540555357933,0.));
#4654=CARTESIAN_POINT('',(0.0133887592270621,-0.0846540555357933,0.));
#4655=CARTESIAN_POINT('',(0.0053887592270621,-0.0252354283630848,0.));
#4656=CARTESIAN_POINT('',(0.00538875922706211,-0.181279707476497,0.));
#4657=CARTESIAN_POINT('',(0.00938875922706211,-0.181279707476497,0.));
#4658=CARTESIAN_POINT('',(0.0133887592270621,-0.181279707476497,0.));
#4659=CARTESIAN_POINT('',(0.0133887592270621,-0.0252354283630848,0.));
#4660=CARTESIAN_POINT('',(0.0223887592270621,0.0241831988096237,0.));
#4661=CARTESIAN_POINT('',(0.0183887592270621,0.0241831988096237,0.));
#4662=CARTESIAN_POINT('',(0.0263887592270621,0.0241831988096237,0.));
#4663=CARTESIAN_POINT('',(0.0183887592270621,-0.0252354283630848,0.));
#4664=CARTESIAN_POINT('',(0.0183887592270621,-0.0746540555357933,0.));
#4665=CARTESIAN_POINT('',(0.0223887592270621,-0.0746540555357933,0.));
#4666=CARTESIAN_POINT('',(0.0263887592270621,-0.0746540555357933,0.));
#4667=CARTESIAN_POINT('',(0.0263887592270621,-0.0252354283630848,0.));
#4668=CARTESIAN_POINT('',(0.0223887592270621,-0.0846540555357933,0.));
#4669=CARTESIAN_POINT('',(0.0183887592270621,-0.0846540555357933,0.));
#4670=CARTESIAN_POINT('',(0.0263887592270621,-0.0846540555357933,0.));
#4671=CARTESIAN_POINT('',(0.0183887592270621,-0.0252354283630848,0.));
#4672=CARTESIAN_POINT('',(0.0183887592270621,-0.181279707476497,0.));
#4673=CARTESIAN_POINT('',(0.0223887592270621,-0.181279707476497,0.));
#4674=CARTESIAN_POINT('',(0.0263887592270621,-0.181279707476497,0.));
#4675=CARTESIAN_POINT('',(0.0263887592270621,-0.0252354283630848,0.));
#4676=CARTESIAN_POINT('',(-0.0516112407729379,-0.22215564083308,0.005));
#4677=CARTESIAN_POINT('',(-0.0516112407729379,-0.181279707476497,0.0005));
#4678=CARTESIAN_POINT('',(-0.0516112407729379,-0.181279707476497,0.0005));
#4679=CARTESIAN_POINT('',(-0.0516112407729379,-0.186279707476497,0.0005));
#4680=CARTESIAN_POINT('',(-0.0516112407729379,-0.191279707476497,0.0005));
#4681=CARTESIAN_POINT('',(-0.0516112407729379,-0.191279707476497,0.0005));
#4682=CARTESIAN_POINT('',(-0.0516112407729379,-0.253031574189663,0.005));
#4683=CARTESIAN_POINT('',(-0.0516112407729379,-0.253031574189663,0.005));
#4684=CARTESIAN_POINT('',(-0.0516112407729379,-0.22215564083308,0.005));
#4685=CARTESIAN_POINT('',(-0.0516112407729379,0.0469684258103371,0.005));
#4686=CARTESIAN_POINT('',(-0.0516112407729379,0.0469684258103371,0.005));
#4687=CARTESIAN_POINT('',(-0.0516112407729379,0.0341831988096237,0.0005));
#4688=CARTESIAN_POINT('',(-0.0516112407729379,0.0341831988096237,0.0005));
#4689=CARTESIAN_POINT('',(-0.0516112407729379,0.0291831988096237,0.0005));
#4690=CARTESIAN_POINT('',(-0.0516112407729379,0.0241831988096237,0.0005));
#4691=CARTESIAN_POINT('',(-0.0516112407729379,0.0241831988096237,0.0005));
#4692=CARTESIAN_POINT('',(-0.0516112407729379,-0.0746540555357933,0.0005));
#4693=CARTESIAN_POINT('',(-0.0516112407729379,-0.0746540555357933,0.0005));
#4694=CARTESIAN_POINT('',(-0.0516112407729379,-0.0796540555357933,0.0005));
#4695=CARTESIAN_POINT('',(-0.0516112407729379,-0.0846540555357933,0.0005));
#4696=CARTESIAN_POINT('',(-0.0516112407729379,-0.0846540555357933,0.0005));
#4697=CARTESIAN_POINT('',(-0.0466112407729379,-0.22215564083308,0.005));
#4698=CARTESIAN_POINT('',(-0.0466112407729379,0.0241831988096237,0.0005));
#4699=CARTESIAN_POINT('',(-0.0466112407729379,0.0241831988096237,0.0005));
#4700=CARTESIAN_POINT('',(-0.0466112407729379,0.0291831988096237,0.0005));
#4701=CARTESIAN_POINT('',(-0.0466112407729379,0.0341831988096238,0.0005));
#4702=CARTESIAN_POINT('',(-0.0466112407729379,0.0341831988096237,0.0005));
#4703=CARTESIAN_POINT('',(-0.0466112407729379,0.0469684258103371,0.005));
#4704=CARTESIAN_POINT('',(-0.0466112407729379,0.0469684258103371,0.005));
#4705=CARTESIAN_POINT('',(-0.0466112407729379,-0.22215564083308,0.005));
#4706=CARTESIAN_POINT('',(-0.0466112407729379,-0.253031574189663,0.005));
#4707=CARTESIAN_POINT('',(-0.0466112407729379,-0.253031574189663,0.005));
#4708=CARTESIAN_POINT('',(-0.0466112407729379,-0.191279707476497,0.0005));
#4709=CARTESIAN_POINT('',(-0.0466112407729379,-0.191279707476497,0.0005));
#4710=CARTESIAN_POINT('',(-0.0466112407729379,-0.186279707476497,0.0005));
#4711=CARTESIAN_POINT('',(-0.0466112407729379,-0.181279707476497,0.0005));
#4712=CARTESIAN_POINT('',(-0.0466112407729379,-0.181279707476497,0.0005));
#4713=CARTESIAN_POINT('',(-0.0466112407729379,-0.0846540555357933,0.0005));
#4714=CARTESIAN_POINT('',(-0.0466112407729379,-0.0846540555357933,0.0005));
#4715=CARTESIAN_POINT('',(-0.0466112407729379,-0.0796540555357933,0.0005));
#4716=CARTESIAN_POINT('',(-0.0466112407729379,-0.0746540555357933,0.0005));
#4717=CARTESIAN_POINT('',(-0.0466112407729379,-0.0746540555357933,0.0005));
#4718=CARTESIAN_POINT('',(-0.0474487407729379,0.0469684258103371,0.005));
#4719=CARTESIAN_POINT('',(-0.0474487407729379,0.0469684258103371,0.005));
#4720=CARTESIAN_POINT('',(-0.0507737407729379,0.0469684258103371,0.005));
#4721=CARTESIAN_POINT('',(-0.0507737407729379,0.0469684258103371,0.005));
#4722=CARTESIAN_POINT('',(-0.0491112407729379,-0.253031574189663,0.005));
#4723=CARTESIAN_POINT('',(-0.0491112407729379,-0.253031574189663,0.005));
#4724=CARTESIAN_POINT('',(-0.0166112407729379,-0.0955315741896629,0.005));
#4725=CARTESIAN_POINT('',(-0.170286240772938,0.0594684258103371,0.005));
#4726=CARTESIAN_POINT('',(-0.0386112407729379,0.0291831988096237,0.005));
#4727=CARTESIAN_POINT('',(-0.0386112407729379,-0.181279707476497,0.0005));
#4728=CARTESIAN_POINT('',(-0.0386112407729379,-0.181279707476497,0.0005));
#4729=CARTESIAN_POINT('',(-0.0386112407729379,-0.186279707476497,0.0005));
#4730=CARTESIAN_POINT('',(-0.0386112407729379,-0.191279707476497,0.0005));
#4731=CARTESIAN_POINT('',(-0.0386112407729379,-0.191279707476497,0.0005));
#4732=CARTESIAN_POINT('',(-0.0386112407729379,-0.253031574189663,0.005));
#4733=CARTESIAN_POINT('',(-0.0386112407729379,-0.253031574189663,0.005));
#4734=CARTESIAN_POINT('',(-0.0386112407729379,0.0291831988096237,0.005));
#4735=CARTESIAN_POINT('',(-0.0386112407729379,0.0469684258103371,0.005));
#4736=CARTESIAN_POINT('',(-0.0386112407729379,0.0469684258103371,0.005));
#4737=CARTESIAN_POINT('',(-0.0386112407729379,0.0341831988096237,0.0005));
#4738=CARTESIAN_POINT('',(-0.0386112407729379,0.0341831988096237,0.0005));
#4739=CARTESIAN_POINT('',(-0.0386112407729379,0.0291831988096237,0.0005));
#4740=CARTESIAN_POINT('',(-0.0386112407729379,0.0241831988096237,0.0005));
#4741=CARTESIAN_POINT('',(-0.0386112407729379,0.0241831988096237,0.0005));
#4742=CARTESIAN_POINT('',(-0.0386112407729379,-0.0746540555357933,0.0005));
#4743=CARTESIAN_POINT('',(-0.0386112407729379,-0.0746540555357933,0.0005));
#4744=CARTESIAN_POINT('',(-0.0386112407729379,-0.0796540555357933,0.0005));
#4745=CARTESIAN_POINT('',(-0.0386112407729379,-0.0846540555357933,0.0005));
#4746=CARTESIAN_POINT('',(-0.0386112407729379,-0.0846540555357933,0.0005));
#4747=CARTESIAN_POINT('',(-0.0336112407729379,0.0291831988096237,0.005));
#4748=CARTESIAN_POINT('',(-0.0336112407729379,0.0241831988096237,0.0005));
#4749=CARTESIAN_POINT('',(-0.0336112407729379,0.0241831988096237,0.0005));
#4750=CARTESIAN_POINT('',(-0.0336112407729379,0.0291831988096237,0.0005));
#4751=CARTESIAN_POINT('',(-0.0336112407729379,0.0341831988096237,0.0005));
#4752=CARTESIAN_POINT('',(-0.0336112407729379,0.0341831988096237,0.0005));
#4753=CARTESIAN_POINT('',(-0.0336112407729379,0.0469684258103371,0.005));
#4754=CARTESIAN_POINT('',(-0.0336112407729379,0.0469684258103371,0.005));
#4755=CARTESIAN_POINT('',(-0.0336112407729379,0.0291831988096237,0.005));
#4756=CARTESIAN_POINT('',(-0.0336112407729379,-0.253031574189663,0.005));
#4757=CARTESIAN_POINT('',(-0.0336112407729379,-0.253031574189663,0.005));
#4758=CARTESIAN_POINT('',(-0.0336112407729379,-0.191279707476497,0.0005));
#4759=CARTESIAN_POINT('',(-0.0336112407729379,-0.191279707476497,0.0005));
#4760=CARTESIAN_POINT('',(-0.0336112407729379,-0.186279707476497,0.0005));
#4761=CARTESIAN_POINT('',(-0.0336112407729379,-0.181279707476497,0.0005));
#4762=CARTESIAN_POINT('',(-0.0336112407729379,-0.181279707476497,0.0005));
#4763=CARTESIAN_POINT('',(-0.0336112407729379,-0.0846540555357933,0.0005));
#4764=CARTESIAN_POINT('',(-0.0336112407729379,-0.0846540555357933,0.0005));
#4765=CARTESIAN_POINT('',(-0.0336112407729379,-0.0796540555357933,0.0005));
#4766=CARTESIAN_POINT('',(-0.0336112407729379,-0.0746540555357933,0.0005));
#4767=CARTESIAN_POINT('',(-0.0336112407729379,-0.0746540555357933,0.0005));
#4768=CARTESIAN_POINT('',(-0.0344487407729379,0.0469684258103371,0.005));
#4769=CARTESIAN_POINT('',(-0.0344487407729379,0.0469684258103371,0.005));
#4770=CARTESIAN_POINT('',(-0.0377737407729379,0.0469684258103371,0.005));
#4771=CARTESIAN_POINT('',(-0.0377737407729379,0.0469684258103371,0.005));
#4772=CARTESIAN_POINT('',(-0.0361112407729379,-0.253031574189663,0.005));
#4773=CARTESIAN_POINT('',(-0.0361112407729379,-0.253031574189663,0.005));
#4774=CARTESIAN_POINT('',(-0.0166112407729379,-0.0955315741896629,0.005));
#4775=CARTESIAN_POINT('',(-0.170286240772938,0.0594684258103371,0.005));
#4776=CARTESIAN_POINT('',(-0.0256112407729379,-0.22215564083308,0.005));
#4777=CARTESIAN_POINT('',(-0.0256112407729379,-0.181279707476497,0.0005));
#4778=CARTESIAN_POINT('',(-0.0256112407729379,-0.181279707476497,0.0005));
#4779=CARTESIAN_POINT('',(-0.0256112407729379,-0.186279707476497,0.0005));
#4780=CARTESIAN_POINT('',(-0.0256112407729379,-0.191279707476497,0.0005));
#4781=CARTESIAN_POINT('',(-0.0256112407729379,-0.191279707476497,0.0005));
#4782=CARTESIAN_POINT('',(-0.0256112407729379,-0.253031574189663,0.005));
#4783=CARTESIAN_POINT('',(-0.0256112407729379,-0.253031574189663,0.005));
#4784=CARTESIAN_POINT('',(-0.0256112407729379,-0.22215564083308,0.005));
#4785=CARTESIAN_POINT('',(-0.0256112407729379,0.0469684258103371,0.005));
#4786=CARTESIAN_POINT('',(-0.0256112407729379,0.0469684258103371,0.005));
#4787=CARTESIAN_POINT('',(-0.0256112407729379,0.0341831988096237,0.0005));
#4788=CARTESIAN_POINT('',(-0.0256112407729379,0.0341831988096237,0.0005));
#4789=CARTESIAN_POINT('',(-0.0256112407729379,0.0291831988096237,0.0005));
#4790=CARTESIAN_POINT('',(-0.0256112407729379,0.0241831988096237,0.0005));
#4791=CARTESIAN_POINT('',(-0.0256112407729379,0.0241831988096237,0.0005));
#4792=CARTESIAN_POINT('',(-0.0256112407729379,-0.0746540555357933,0.0005));
#4793=CARTESIAN_POINT('',(-0.0256112407729379,-0.0746540555357933,0.0005));
#4794=CARTESIAN_POINT('',(-0.0256112407729379,-0.0796540555357933,0.0005));
#4795=CARTESIAN_POINT('',(-0.0256112407729379,-0.0846540555357933,0.0005));
#4796=CARTESIAN_POINT('',(-0.0256112407729379,-0.0846540555357933,0.0005));
#4797=CARTESIAN_POINT('',(-0.0206112407729379,-0.22215564083308,0.005));
#4798=CARTESIAN_POINT('',(-0.0206112407729379,0.0241831988096237,0.0005));
#4799=CARTESIAN_POINT('',(-0.0206112407729379,0.0241831988096237,0.0005));
#4800=CARTESIAN_POINT('',(-0.0206112407729379,0.0291831988096237,0.0005));
#4801=CARTESIAN_POINT('',(-0.0206112407729379,0.0341831988096238,0.0005));
#4802=CARTESIAN_POINT('',(-0.0206112407729379,0.0341831988096237,0.0005));
#4803=CARTESIAN_POINT('',(-0.0206112407729379,0.0469684258103371,0.005));
#4804=CARTESIAN_POINT('',(-0.0206112407729379,0.0469684258103371,0.005));
#4805=CARTESIAN_POINT('',(-0.0206112407729379,-0.22215564083308,0.005));
#4806=CARTESIAN_POINT('',(-0.0206112407729379,-0.253031574189663,0.005));
#4807=CARTESIAN_POINT('',(-0.0206112407729379,-0.253031574189663,0.005));
#4808=CARTESIAN_POINT('',(-0.0206112407729379,-0.191279707476497,0.0005));
#4809=CARTESIAN_POINT('',(-0.0206112407729379,-0.191279707476497,0.0005));
#4810=CARTESIAN_POINT('',(-0.0206112407729379,-0.186279707476497,0.0005));
#4811=CARTESIAN_POINT('',(-0.0206112407729379,-0.181279707476497,0.0005));
#4812=CARTESIAN_POINT('',(-0.0206112407729379,-0.181279707476497,0.0005));
#4813=CARTESIAN_POINT('',(-0.0206112407729379,-0.0846540555357933,0.0005));
#4814=CARTESIAN_POINT('',(-0.0206112407729379,-0.0846540555357933,0.0005));
#4815=CARTESIAN_POINT('',(-0.0206112407729379,-0.0796540555357933,0.0005));
#4816=CARTESIAN_POINT('',(-0.0206112407729379,-0.0746540555357933,0.0005));
#4817=CARTESIAN_POINT('',(-0.0206112407729379,-0.0746540555357933,0.0005));
#4818=CARTESIAN_POINT('',(-0.0214487407729379,0.0469684258103371,0.005));
#4819=CARTESIAN_POINT('',(-0.0214487407729379,0.0469684258103371,0.005));
#4820=CARTESIAN_POINT('',(-0.0247737407729379,0.0469684258103371,0.005));
#4821=CARTESIAN_POINT('',(-0.0247737407729379,0.0469684258103371,0.005));
#4822=CARTESIAN_POINT('',(-0.0231112407729379,-0.253031574189663,0.005));
#4823=CARTESIAN_POINT('',(-0.0231112407729379,-0.253031574189663,0.005));
#4824=CARTESIAN_POINT('',(-0.0166112407729379,-0.0955315741896629,0.005));
#4825=CARTESIAN_POINT('',(-0.170286240772938,0.0594684258103371,0.005));
#4826=CARTESIAN_POINT('',(-0.0126112407729379,0.0405758123099804,0.005));
#4827=CARTESIAN_POINT('',(-0.0126112407729379,-0.181279707476497,0.0005));
#4828=CARTESIAN_POINT('',(-0.0126112407729379,-0.181279707476497,0.0005));
#4829=CARTESIAN_POINT('',(-0.0126112407729379,-0.186279707476497,0.0005));
#4830=CARTESIAN_POINT('',(-0.0126112407729379,-0.191279707476497,0.0005));
#4831=CARTESIAN_POINT('',(-0.0126112407729379,-0.191279707476497,0.0005));
#4832=CARTESIAN_POINT('',(-0.0126112407729379,-0.253031574189663,0.005));
#4833=CARTESIAN_POINT('',(-0.0126112407729379,-0.253031574189663,0.005));
#4834=CARTESIAN_POINT('',(-0.0126112407729379,0.0405758123099804,0.005));
#4835=CARTESIAN_POINT('',(-0.0126112407729379,0.0469684258103371,0.005));
#4836=CARTESIAN_POINT('',(-0.0126112407729379,0.0469684258103371,0.005));
#4837=CARTESIAN_POINT('',(-0.0126112407729379,0.0341831988096237,0.0005));
#4838=CARTESIAN_POINT('',(-0.0126112407729379,0.0341831988096237,0.0005));
#4839=CARTESIAN_POINT('',(-0.0126112407729379,0.0291831988096237,0.0005));
#4840=CARTESIAN_POINT('',(-0.0126112407729379,0.0241831988096237,0.0005));
#4841=CARTESIAN_POINT('',(-0.0126112407729379,0.0241831988096237,0.0005));
#4842=CARTESIAN_POINT('',(-0.0126112407729379,-0.0746540555357933,0.0005));
#4843=CARTESIAN_POINT('',(-0.0126112407729379,-0.0746540555357933,0.0005));
#4844=CARTESIAN_POINT('',(-0.0126112407729379,-0.0796540555357933,0.0005));
#4845=CARTESIAN_POINT('',(-0.0126112407729379,-0.0846540555357933,0.0005));
#4846=CARTESIAN_POINT('',(-0.0126112407729379,-0.0846540555357933,0.0005));
#4847=CARTESIAN_POINT('',(-0.0076112407729379,0.0405758123099804,0.005));
#4848=CARTESIAN_POINT('',(-0.0076112407729379,0.0241831988096237,0.0005));
#4849=CARTESIAN_POINT('',(-0.0076112407729379,0.0241831988096237,0.0005));
#4850=CARTESIAN_POINT('',(-0.0076112407729379,0.0291831988096237,0.0005));
#4851=CARTESIAN_POINT('',(-0.0076112407729379,0.0341831988096237,0.0005));
#4852=CARTESIAN_POINT('',(-0.0076112407729379,0.0341831988096237,0.0005));
#4853=CARTESIAN_POINT('',(-0.0076112407729379,0.0469684258103371,0.005));
#4854=CARTESIAN_POINT('',(-0.0076112407729379,0.0469684258103371,0.005));
#4855=CARTESIAN_POINT('',(-0.0076112407729379,0.0405758123099804,0.005));
#4856=CARTESIAN_POINT('',(-0.00761124077293789,-0.253031574189663,0.005));
#4857=CARTESIAN_POINT('',(-0.00761124077293789,-0.253031574189663,0.005));
#4858=CARTESIAN_POINT('',(-0.00761124077293789,-0.191279707476497,0.0005));
#4859=CARTESIAN_POINT('',(-0.00761124077293789,-0.191279707476497,0.0005));
#4860=CARTESIAN_POINT('',(-0.00761124077293789,-0.186279707476497,0.0005));
#4861=CARTESIAN_POINT('',(-0.00761124077293789,-0.181279707476497,0.0005));
#4862=CARTESIAN_POINT('',(-0.00761124077293789,-0.181279707476497,0.0005));
#4863=CARTESIAN_POINT('',(-0.00761124077293789,-0.0846540555357933,0.0005));
#4864=CARTESIAN_POINT('',(-0.00761124077293789,-0.0846540555357933,0.0005));
#4865=CARTESIAN_POINT('',(-0.0076112407729379,-0.0796540555357933,0.0005));
#4866=CARTESIAN_POINT('',(-0.0076112407729379,-0.0746540555357933,0.0005));
#4867=CARTESIAN_POINT('',(-0.0076112407729379,-0.0746540555357933,0.0005));
#4868=CARTESIAN_POINT('',(-0.0084487407729379,0.0469684258103371,0.005));
#4869=CARTESIAN_POINT('',(-0.0084487407729379,0.0469684258103371,0.005));
#4870=CARTESIAN_POINT('',(-0.0117737407729379,0.0469684258103371,0.005));
#4871=CARTESIAN_POINT('',(-0.0117737407729379,0.0469684258103371,0.005));
#4872=CARTESIAN_POINT('',(-0.0101112407729379,-0.253031574189663,0.005));
#4873=CARTESIAN_POINT('',(-0.0101112407729379,-0.253031574189663,0.005));
#4874=CARTESIAN_POINT('',(-0.0166112407729379,-0.0955315741896629,0.005));
#4875=CARTESIAN_POINT('',(-0.170286240772938,0.0594684258103371,0.005));
#4876=CARTESIAN_POINT('',(0.000388759227062101,-0.0252354283630848,0.005));
#4877=CARTESIAN_POINT('',(0.000388759227062111,-0.181279707476497,0.0005));
#4878=CARTESIAN_POINT('',(0.000388759227062111,-0.181279707476497,0.0005));
#4879=CARTESIAN_POINT('',(0.000388759227062111,-0.186279707476497,0.0005));
#4880=CARTESIAN_POINT('',(0.000388759227062111,-0.191279707476497,0.0005));
#4881=CARTESIAN_POINT('',(0.000388759227062111,-0.191279707476497,0.0005));
#4882=CARTESIAN_POINT('',(0.000388759227062115,-0.253031574189663,0.005));
#4883=CARTESIAN_POINT('',(0.000388759227062115,-0.253031574189663,0.005));
#4884=CARTESIAN_POINT('',(0.000388759227062101,-0.0252354283630848,0.005));
#4885=CARTESIAN_POINT('',(0.000388759227062098,0.0469684258103371,0.005));
#4886=CARTESIAN_POINT('',(0.000388759227062098,0.0469684258103371,0.005));
#4887=CARTESIAN_POINT('',(0.000388759227062098,0.0341831988096237,0.0005));
#4888=CARTESIAN_POINT('',(0.000388759227062098,0.0341831988096237,0.0005));
#4889=CARTESIAN_POINT('',(0.000388759227062098,0.0291831988096237,0.0005));
#4890=CARTESIAN_POINT('',(0.000388759227062098,0.0241831988096237,0.0005));
#4891=CARTESIAN_POINT('',(0.000388759227062098,0.0241831988096237,0.0005));
#4892=CARTESIAN_POINT('',(0.000388759227062104,-0.0746540555357933,0.0005));
#4893=CARTESIAN_POINT('',(0.000388759227062104,-0.0746540555357933,0.0005));
#4894=CARTESIAN_POINT('',(0.000388759227062104,-0.0796540555357933,0.0005));
#4895=CARTESIAN_POINT('',(0.000388759227062105,-0.0846540555357933,0.0005));
#4896=CARTESIAN_POINT('',(0.000388759227062104,-0.0846540555357933,0.0005));
#4897=CARTESIAN_POINT('',(0.0053887592270621,-0.0252354283630848,0.005));
#4898=CARTESIAN_POINT('',(0.0053887592270621,0.0241831988096237,0.0005));
#4899=CARTESIAN_POINT('',(0.0053887592270621,0.0241831988096237,0.0005));
#4900=CARTESIAN_POINT('',(0.0053887592270621,0.0291831988096237,0.0005));
#4901=CARTESIAN_POINT('',(0.0053887592270621,0.0341831988096237,0.0005));
#4902=CARTESIAN_POINT('',(0.0053887592270621,0.0341831988096237,0.0005));
#4903=CARTESIAN_POINT('',(0.0053887592270621,0.0469684258103371,0.005));
#4904=CARTESIAN_POINT('',(0.0053887592270621,0.0469684258103371,0.005));
#4905=CARTESIAN_POINT('',(0.0053887592270621,-0.0252354283630848,0.005));
#4906=CARTESIAN_POINT('',(0.00538875922706212,-0.253031574189663,0.005));
#4907=CARTESIAN_POINT('',(0.00538875922706212,-0.253031574189663,0.005));
#4908=CARTESIAN_POINT('',(0.00538875922706211,-0.191279707476497,0.0005));
#4909=CARTESIAN_POINT('',(0.00538875922706211,-0.191279707476497,0.0005));
#4910=CARTESIAN_POINT('',(0.00538875922706211,-0.186279707476497,0.0005));
#4911=CARTESIAN_POINT('',(0.00538875922706211,-0.181279707476497,0.0005));
#4912=CARTESIAN_POINT('',(0.00538875922706211,-0.181279707476497,0.0005));
#4913=CARTESIAN_POINT('',(0.00538875922706211,-0.0846540555357933,0.0005));
#4914=CARTESIAN_POINT('',(0.00538875922706211,-0.0846540555357933,0.0005));
#4915=CARTESIAN_POINT('',(0.00538875922706211,-0.0796540555357933,0.0005));
#4916=CARTESIAN_POINT('',(0.00538875922706211,-0.0746540555357933,0.0005));
#4917=CARTESIAN_POINT('',(0.00538875922706211,-0.0746540555357933,0.0005));
#4918=CARTESIAN_POINT('',(0.0045512592270621,0.0469684258103371,0.005));
#4919=CARTESIAN_POINT('',(0.0045512592270621,0.0469684258103371,0.005));
#4920=CARTESIAN_POINT('',(0.0012262592270621,0.0469684258103371,0.005));
#4921=CARTESIAN_POINT('',(0.0012262592270621,0.0469684258103371,0.005));
#4922=CARTESIAN_POINT('',(0.00288875922706212,-0.253031574189663,0.005));
#4923=CARTESIAN_POINT('',(0.00288875922706212,-0.253031574189663,0.005));
#4924=CARTESIAN_POINT('',(-0.0166112407729379,-0.0955315741896629,0.005));
#4925=CARTESIAN_POINT('',(-0.170286240772938,0.0594684258103371,0.005));
#4926=CARTESIAN_POINT('',(0.0133887592270621,-0.0252354283630848,0.005));
#4927=CARTESIAN_POINT('',(0.0133887592270621,-0.181279707476497,0.0005));
#4928=CARTESIAN_POINT('',(0.0133887592270621,-0.181279707476497,0.0005));
#4929=CARTESIAN_POINT('',(0.0133887592270621,-0.186279707476497,0.0005));
#4930=CARTESIAN_POINT('',(0.0133887592270621,-0.191279707476497,0.0005));
#4931=CARTESIAN_POINT('',(0.0133887592270621,-0.191279707476497,0.0005));
#4932=CARTESIAN_POINT('',(0.0133887592270621,-0.253031574189663,0.005));
#4933=CARTESIAN_POINT('',(0.0133887592270621,-0.253031574189663,0.005));
#4934=CARTESIAN_POINT('',(0.0133887592270621,-0.0252354283630848,0.005));
#4935=CARTESIAN_POINT('',(0.0133887592270621,0.0469684258103371,0.005));
#4936=CARTESIAN_POINT('',(0.0133887592270621,0.0469684258103371,0.005));
#4937=CARTESIAN_POINT('',(0.0133887592270621,0.0341831988096237,0.0005));
#4938=CARTESIAN_POINT('',(0.0133887592270621,0.0341831988096237,0.0005));
#4939=CARTESIAN_POINT('',(0.0133887592270621,0.0291831988096237,0.0005));
#4940=CARTESIAN_POINT('',(0.0133887592270621,0.0241831988096237,0.0005));
#4941=CARTESIAN_POINT('',(0.0133887592270621,0.0241831988096237,0.0005));
#4942=CARTESIAN_POINT('',(0.0133887592270621,-0.0746540555357933,0.0005));
#4943=CARTESIAN_POINT('',(0.0133887592270621,-0.0746540555357933,0.0005));
#4944=CARTESIAN_POINT('',(0.0133887592270621,-0.0796540555357933,0.0005));
#4945=CARTESIAN_POINT('',(0.0133887592270621,-0.0846540555357933,0.0005));
#4946=CARTESIAN_POINT('',(0.0133887592270621,-0.0846540555357933,0.0005));
#4947=CARTESIAN_POINT('',(0.0183887592270621,-0.0252354283630848,0.005));
#4948=CARTESIAN_POINT('',(0.0183887592270621,0.0241831988096237,0.0005));
#4949=CARTESIAN_POINT('',(0.0183887592270621,0.0241831988096237,0.0005));
#4950=CARTESIAN_POINT('',(0.0183887592270621,0.0291831988096237,0.0005));
#4951=CARTESIAN_POINT('',(0.0183887592270621,0.0341831988096237,0.0005));
#4952=CARTESIAN_POINT('',(0.0183887592270621,0.0341831988096237,0.0005));
#4953=CARTESIAN_POINT('',(0.0183887592270621,0.0469684258103371,0.005));
#4954=CARTESIAN_POINT('',(0.0183887592270621,0.0469684258103371,0.005));
#4955=CARTESIAN_POINT('',(0.0183887592270621,-0.0252354283630848,0.005));
#4956=CARTESIAN_POINT('',(0.0183887592270621,-0.253031574189663,0.005));
#4957=CARTESIAN_POINT('',(0.0183887592270621,-0.253031574189663,0.005));
#4958=CARTESIAN_POINT('',(0.0183887592270621,-0.191279707476497,0.0005));
#4959=CARTESIAN_POINT('',(0.0183887592270621,-0.191279707476497,0.0005));
#4960=CARTESIAN_POINT('',(0.0183887592270621,-0.186279707476497,0.0005));
#4961=CARTESIAN_POINT('',(0.0183887592270621,-0.181279707476497,0.0005));
#4962=CARTESIAN_POINT('',(0.0183887592270621,-0.181279707476497,0.0005));
#4963=CARTESIAN_POINT('',(0.0183887592270621,-0.0846540555357933,0.0005));
#4964=CARTESIAN_POINT('',(0.0183887592270621,-0.0846540555357933,0.0005));
#4965=CARTESIAN_POINT('',(0.0183887592270621,-0.0796540555357933,0.0005));
#4966=CARTESIAN_POINT('',(0.0183887592270621,-0.0746540555357933,0.0005));
#4967=CARTESIAN_POINT('',(0.0183887592270621,-0.0746540555357933,0.0005));
#4968=CARTESIAN_POINT('',(0.0175512592270621,0.0469684258103371,0.005));
#4969=CARTESIAN_POINT('',(0.0175512592270621,0.0469684258103371,0.005));
#4970=CARTESIAN_POINT('',(0.0142262592270621,0.0469684258103371,0.005));
#4971=CARTESIAN_POINT('',(0.0142262592270621,0.0469684258103371,0.005));
#4972=CARTESIAN_POINT('',(0.0158887592270621,-0.253031574189663,0.005));
#4973=CARTESIAN_POINT('',(0.0158887592270621,-0.253031574189663,0.005));
#4974=CARTESIAN_POINT('',(-0.0166112407729379,-0.0955315741896629,0.005));
#4975=CARTESIAN_POINT('',(-0.170286240772938,0.0594684258103371,0.005));
#4976=CARTESIAN_POINT('',(0.0263887592270621,-0.0252354283630848,0.005));
#4977=CARTESIAN_POINT('',(0.0263887592270621,-0.181279707476497,0.0005));
#4978=CARTESIAN_POINT('',(0.0263887592270621,-0.181279707476497,0.0005));
#4979=CARTESIAN_POINT('',(0.0263887592270621,-0.186279707476497,0.0005));
#4980=CARTESIAN_POINT('',(0.0263887592270621,-0.191279707476497,0.0005));
#4981=CARTESIAN_POINT('',(0.0263887592270621,-0.191279707476497,0.0005));
#4982=CARTESIAN_POINT('',(0.0263887592270621,-0.253031574189663,0.005));
#4983=CARTESIAN_POINT('',(0.0263887592270621,-0.253031574189663,0.005));
#4984=CARTESIAN_POINT('',(0.0263887592270621,-0.0252354283630848,0.005));
#4985=CARTESIAN_POINT('',(0.0263887592270621,0.0469684258103371,0.005));
#4986=CARTESIAN_POINT('',(0.0263887592270621,0.0469684258103371,0.005));
#4987=CARTESIAN_POINT('',(0.0263887592270621,0.0341831988096237,0.0005));
#4988=CARTESIAN_POINT('',(0.0263887592270621,0.0341831988096237,0.0005));
#4989=CARTESIAN_POINT('',(0.0263887592270621,0.0291831988096237,0.0005));
#4990=CARTESIAN_POINT('',(0.0263887592270621,0.0241831988096237,0.0005));
#4991=CARTESIAN_POINT('',(0.0263887592270621,0.0241831988096237,0.0005));
#4992=CARTESIAN_POINT('',(0.0263887592270621,-0.0746540555357933,0.0005));
#4993=CARTESIAN_POINT('',(0.0263887592270621,-0.0746540555357933,0.0005));
#4994=CARTESIAN_POINT('',(0.0263887592270621,-0.0796540555357933,0.0005));
#4995=CARTESIAN_POINT('',(0.0263887592270621,-0.0846540555357933,0.0005));
#4996=CARTESIAN_POINT('',(0.0263887592270621,-0.0846540555357933,0.0005));
#4997=CARTESIAN_POINT('',(0.0313887592270621,-0.0252354283630848,0.005));
#4998=CARTESIAN_POINT('',(0.0313887592270621,0.0469684258103371,0.005));
#4999=CARTESIAN_POINT('',(0.0313887592270621,0.0469684258103371,0.005));
#5000=CARTESIAN_POINT('',(0.0313887592270621,-0.0252354283630848,0.005));
#5001=CARTESIAN_POINT('',(0.0313887592270621,-0.253031574189663,0.005));
#5002=CARTESIAN_POINT('',(0.0313887592270621,-0.253031574189663,0.005));
#5003=CARTESIAN_POINT('',(0.0305512592270621,0.0469684258103371,0.005));
#5004=CARTESIAN_POINT('',(0.0305512592270621,0.0469684258103371,0.005));
#5005=CARTESIAN_POINT('',(0.0272262592270621,0.0469684258103371,0.005));
#5006=CARTESIAN_POINT('',(0.0272262592270621,0.0469684258103371,0.005));
#5007=CARTESIAN_POINT('',(0.0288887592270621,-0.253031574189663,0.005));
#5008=CARTESIAN_POINT('',(0.0288887592270621,-0.253031574189663,0.005));
#5009=CARTESIAN_POINT('',(-0.0166112407729379,-0.0955315741896629,0.005));
#5010=CARTESIAN_POINT('',(-0.170286240772938,0.0594684258103371,0.005));
#5011=CARTESIAN_POINT('',(0.0223887592270621,0.0341831988096237,0.0005));
#5012=CARTESIAN_POINT('',(0.0223887592270621,0.0341831988096237,0.0005));
#5013=CARTESIAN_POINT('',(0.0223887592270621,0.0241831988096237,0.0005));
#5014=CARTESIAN_POINT('',(0.0223887592270621,0.0241831988096237,0.0005));
#5015=CARTESIAN_POINT('',(-0.0166112407729379,-0.0955315741896629,0.0005));
#5016=CARTESIAN_POINT('',(0.0223887592270621,-0.0746540555357933,0.0005));
#5017=CARTESIAN_POINT('',(0.0223887592270621,-0.0746540555357933,0.0005));
#5018=CARTESIAN_POINT('',(0.0223887592270621,-0.0846540555357933,0.0005));
#5019=CARTESIAN_POINT('',(0.0223887592270621,-0.0846540555357933,0.0005));
#5020=CARTESIAN_POINT('',(-0.0166112407729379,-0.0955315741896629,0.0005));
#5021=CARTESIAN_POINT('',(0.0223887592270621,-0.181279707476497,0.0005));
#5022=CARTESIAN_POINT('',(0.0223887592270621,-0.181279707476497,0.0005));
#5023=CARTESIAN_POINT('',(0.0223887592270621,-0.191279707476497,0.0005));
#5024=CARTESIAN_POINT('',(0.0223887592270621,-0.191279707476497,0.0005));
#5025=CARTESIAN_POINT('',(-0.0166112407729379,-0.0955315741896629,0.0005));
#5026=CARTESIAN_POINT('',(0.0093887592270621,0.0341831988096237,0.0005));
#5027=CARTESIAN_POINT('',(0.0093887592270621,0.0341831988096237,0.0005));
#5028=CARTESIAN_POINT('',(0.0093887592270621,0.0241831988096237,0.0005));
#5029=CARTESIAN_POINT('',(0.0093887592270621,0.0241831988096237,0.0005));
#5030=CARTESIAN_POINT('',(-0.0166112407729379,-0.0955315741896629,0.0005));
#5031=CARTESIAN_POINT('',(0.0093887592270621,-0.0746540555357933,0.0005));
#5032=CARTESIAN_POINT('',(0.0093887592270621,-0.0746540555357933,0.0005));
#5033=CARTESIAN_POINT('',(0.0093887592270621,-0.0846540555357933,0.0005));
#5034=CARTESIAN_POINT('',(0.0093887592270621,-0.0846540555357933,0.0005));
#5035=CARTESIAN_POINT('',(-0.0166112407729379,-0.0955315741896629,0.0005));
#5036=CARTESIAN_POINT('',(0.00938875922706211,-0.181279707476497,0.0005));
#5037=CARTESIAN_POINT('',(0.00938875922706211,-0.181279707476497,0.0005));
#5038=CARTESIAN_POINT('',(0.00938875922706211,-0.191279707476497,0.0005));
#5039=CARTESIAN_POINT('',(0.00938875922706211,-0.191279707476497,0.0005));
#5040=CARTESIAN_POINT('',(-0.0166112407729379,-0.0955315741896629,0.0005));
#5041=CARTESIAN_POINT('',(-0.0036112407729379,0.0241831988096237,0.0005));
#5042=CARTESIAN_POINT('',(-0.0036112407729379,0.0241831988096237,0.0005));
#5043=CARTESIAN_POINT('',(-0.00361124077293791,0.0341831988096237,0.0005));
#5044=CARTESIAN_POINT('',(-0.00361124077293791,0.0341831988096237,0.0005));
#5045=CARTESIAN_POINT('',(-0.0166112407729379,-0.0955315741896629,0.0005));
#5046=CARTESIAN_POINT('',(-0.0036112407729379,-0.0746540555357933,0.0005));
#5047=CARTESIAN_POINT('',(-0.0036112407729379,-0.0746540555357933,0.0005));
#5048=CARTESIAN_POINT('',(-0.0036112407729379,-0.0846540555357933,0.0005));
#5049=CARTESIAN_POINT('',(-0.0036112407729379,-0.0846540555357933,0.0005));
#5050=CARTESIAN_POINT('',(-0.0166112407729379,-0.0955315741896629,0.0005));
#5051=CARTESIAN_POINT('',(-0.00361124077293789,-0.181279707476497,0.0005));
#5052=CARTESIAN_POINT('',(-0.00361124077293789,-0.181279707476497,0.0005));
#5053=CARTESIAN_POINT('',(-0.00361124077293789,-0.191279707476497,0.0005));
#5054=CARTESIAN_POINT('',(-0.00361124077293789,-0.191279707476497,0.0005));
#5055=CARTESIAN_POINT('',(-0.0166112407729379,-0.0955315741896629,0.0005));
#5056=CARTESIAN_POINT('',(-0.0166112407729379,0.0341831988096237,0.0005));
#5057=CARTESIAN_POINT('',(-0.0166112407729379,0.0341831988096237,0.0005));
#5058=CARTESIAN_POINT('',(-0.0166112407729379,0.0241831988096237,0.0005));
#5059=CARTESIAN_POINT('',(-0.0166112407729379,0.0241831988096237,0.0005));
#5060=CARTESIAN_POINT('',(-0.0166112407729379,-0.0955315741896629,0.0005));
#5061=CARTESIAN_POINT('',(-0.0166112407729379,-0.0746540555357933,0.0005));
#5062=CARTESIAN_POINT('',(-0.0166112407729379,-0.0746540555357933,0.0005));
#5063=CARTESIAN_POINT('',(-0.0166112407729379,-0.0846540555357933,0.0005));
#5064=CARTESIAN_POINT('',(-0.0166112407729379,-0.0846540555357933,0.0005));
#5065=CARTESIAN_POINT('',(-0.0166112407729379,-0.0955315741896629,0.0005));
#5066=CARTESIAN_POINT('',(-0.0166112407729379,-0.181279707476497,0.0005));
#5067=CARTESIAN_POINT('',(-0.0166112407729379,-0.181279707476497,0.0005));
#5068=CARTESIAN_POINT('',(-0.0166112407729379,-0.191279707476497,0.0005));
#5069=CARTESIAN_POINT('',(-0.0166112407729379,-0.191279707476497,0.0005));
#5070=CARTESIAN_POINT('',(-0.0166112407729379,-0.0955315741896629,0.0005));
#5071=CARTESIAN_POINT('',(-0.0296112407729379,0.0341831988096237,0.0005));
#5072=CARTESIAN_POINT('',(-0.0296112407729379,0.0341831988096237,0.0005));
#5073=CARTESIAN_POINT('',(-0.0296112407729379,0.0241831988096237,0.0005));
#5074=CARTESIAN_POINT('',(-0.0296112407729379,0.0241831988096237,0.0005));
#5075=CARTESIAN_POINT('',(-0.0166112407729379,-0.0955315741896629,0.0005));
#5076=CARTESIAN_POINT('',(-0.0296112407729379,-0.0746540555357933,0.0005));
#5077=CARTESIAN_POINT('',(-0.0296112407729379,-0.0746540555357933,0.0005));
#5078=CARTESIAN_POINT('',(-0.0296112407729379,-0.0846540555357933,0.0005));
#5079=CARTESIAN_POINT('',(-0.0296112407729379,-0.0846540555357933,0.0005));
#5080=CARTESIAN_POINT('',(-0.0166112407729379,-0.0955315741896629,0.0005));
#5081=CARTESIAN_POINT('',(-0.0296112407729379,-0.181279707476497,0.0005));
#5082=CARTESIAN_POINT('',(-0.0296112407729379,-0.181279707476497,0.0005));
#5083=CARTESIAN_POINT('',(-0.0296112407729379,-0.191279707476497,0.0005));
#5084=CARTESIAN_POINT('',(-0.0296112407729379,-0.191279707476497,0.0005));
#5085=CARTESIAN_POINT('',(-0.0166112407729379,-0.0955315741896629,0.0005));
#5086=CARTESIAN_POINT('',(-0.0426112407729379,0.0241831988096237,0.0005));
#5087=CARTESIAN_POINT('',(-0.0426112407729379,0.0241831988096237,0.0005));
#5088=CARTESIAN_POINT('',(-0.0426112407729379,0.0341831988096237,0.0005));
#5089=CARTESIAN_POINT('',(-0.0426112407729379,0.0341831988096237,0.0005));
#5090=CARTESIAN_POINT('',(-0.0166112407729379,-0.0955315741896629,0.0005));
#5091=CARTESIAN_POINT('',(-0.0426112407729379,-0.0746540555357933,0.0005));
#5092=CARTESIAN_POINT('',(-0.0426112407729379,-0.0746540555357933,0.0005));
#5093=CARTESIAN_POINT('',(-0.0426112407729379,-0.0846540555357933,0.0005));
#5094=CARTESIAN_POINT('',(-0.0426112407729379,-0.0846540555357933,0.0005));
#5095=CARTESIAN_POINT('',(-0.0166112407729379,-0.0955315741896629,0.0005));
#5096=CARTESIAN_POINT('',(-0.0426112407729379,-0.181279707476497,0.0005));
#5097=CARTESIAN_POINT('',(-0.0426112407729379,-0.181279707476497,0.0005));
#5098=CARTESIAN_POINT('',(-0.0426112407729379,-0.191279707476497,0.0005));
#5099=CARTESIAN_POINT('',(-0.0426112407729379,-0.191279707476497,0.0005));
#5100=CARTESIAN_POINT('',(-0.0166112407729379,-0.0955315741896629,0.0005));
#5101=CARTESIAN_POINT('',(-0.0556112407729379,0.0341831988096237,0.0005));
#5102=CARTESIAN_POINT('',(-0.0556112407729379,0.0341831988096237,0.0005));
#5103=CARTESIAN_POINT('',(-0.0556112407729379,0.0241831988096237,0.0005));
#5104=CARTESIAN_POINT('',(-0.0556112407729379,0.0241831988096237,0.0005));
#5105=CARTESIAN_POINT('',(-0.0166112407729379,-0.0955315741896629,0.0005));
#5106=CARTESIAN_POINT('',(-0.0556112407729379,-0.0746540555357933,0.0005));
#5107=CARTESIAN_POINT('',(-0.0556112407729379,-0.0746540555357933,0.0005));
#5108=CARTESIAN_POINT('',(-0.0556112407729379,-0.0846540555357933,0.0005));
#5109=CARTESIAN_POINT('',(-0.0556112407729379,-0.0846540555357933,0.0005));
#5110=CARTESIAN_POINT('',(-0.0166112407729379,-0.0955315741896629,0.0005));
#5111=CARTESIAN_POINT('',(-0.0556112407729379,-0.181279707476497,0.0005));
#5112=CARTESIAN_POINT('',(-0.0556112407729379,-0.181279707476497,0.0005));
#5113=CARTESIAN_POINT('',(-0.0556112407729379,-0.191279707476497,0.0005));
#5114=CARTESIAN_POINT('',(-0.0556112407729379,-0.191279707476497,0.0005));
#5115=CARTESIAN_POINT('',(-0.0166112407729379,-0.0955315741896629,0.0005));
#5116=CARTESIAN_POINT('',(-0.170286240772938,0.0594684258103371,0.0025));
#5117=CARTESIAN_POINT('',(-0.170286240772938,0.0564684258103371,0.0025));
#5118=CARTESIAN_POINT('',(-0.170286240772938,0.0594684258103371,0.0025));
#5119=CARTESIAN_POINT('',(-0.170286240772938,0.0564684258103371,0.0025));
#5120=CARTESIAN_POINT('',(-0.170286240772938,0.0594684258103371,0.0025));
#5121=CARTESIAN_POINT('',(-0.170286240772938,0.0564684258103371,0.0025));
#5122=CARTESIAN_POINT('',(-0.170286240772938,0.0594684258103371,0.0025));
#5123=CARTESIAN_POINT('',(-0.170286240772938,0.0564684258103371,0.0025));
#5124=CARTESIAN_POINT('',(-0.170286240772938,0.0594684258103371,0.0025));
#5125=CARTESIAN_POINT('',(-0.170286240772938,0.0564684258103371,0.0025));
#5126=CARTESIAN_POINT('',(-0.170286240772938,0.0594684258103371,0.0025));
#5127=CARTESIAN_POINT('',(-0.170286240772938,0.0564684258103371,0.0025));
#5128=CARTESIAN_POINT('',(-0.170286240772938,0.0594684258103371,0.0025));
#5129=CARTESIAN_POINT('',(-0.170286240772938,0.0564684258103371,0.0025));
#5130=CARTESIAN_POINT('',(-0.170286240772938,0.0594684258103371,0.0025));
#5131=CARTESIAN_POINT('',(-0.170286240772938,0.0564684258103371,0.0025));
#5132=MECHANICAL_DESIGN_GEOMETRIC_PRESENTATION_REPRESENTATION('',(#3245),
#5133);
#5133=(
GEOMETRIC_REPRESENTATION_CONTEXT(3)
GLOBAL_UNCERTAINTY_ASSIGNED_CONTEXT((#5134))
GLOBAL_UNIT_ASSIGNED_CONTEXT((#5137,#5136,#5135))
REPRESENTATION_CONTEXT('Part 1','TOP_LEVEL_ASSEMBLY_PART')
);
#5134=UNCERTAINTY_MEASURE_WITH_UNIT(LENGTH_MEASURE(1.E-8),#5137,
'DISTANCE_ACCURACY_VALUE','Maximum Tolerance applied to model');
#5135=(
NAMED_UNIT(*)
SI_UNIT($,.STERADIAN.)
SOLID_ANGLE_UNIT()
);
#5136=(
NAMED_UNIT(*)
PLANE_ANGLE_UNIT()
SI_UNIT($,.RADIAN.)
);
#5137=(
LENGTH_UNIT()
NAMED_UNIT(*)
SI_UNIT($,.METRE.)
);
#5138=PRODUCT_DEFINITION_SHAPE('','',#5139);
#5139=PRODUCT_DEFINITION('','',#5141,#5140);
#5140=PRODUCT_DEFINITION_CONTEXT('',#5147,'design');
#5141=PRODUCT_DEFINITION_FORMATION_WITH_SPECIFIED_SOURCE('','',#5143,
 .NOT_KNOWN.);
#5142=PRODUCT_RELATED_PRODUCT_CATEGORY('','',(#5143));
#5143=PRODUCT('Part 1','Part 1','Part 1',(#5145));
#5144=PRODUCT_CATEGORY('','');
#5145=PRODUCT_CONTEXT('',#5147,'mechanical');
#5146=APPLICATION_PROTOCOL_DEFINITION('international standard',
'ap242_managed_model_based_3d_engineering',2020,#5147);
#5147=APPLICATION_CONTEXT('managed model based 3d engineering');
ENDSEC;
END-ISO-10303-21;
